agent,step,skill_mean,skill_sem,external_return_mean,external_return_sem,learning_progress_mean,learning_progress_sem,easy_ratio_mean,easy_ratio_sem,challenge_ratio_mean,challenge_ratio_sem,noisy_tv_ratio_mean,noisy_tv_ratio_sem,treadmill_ratio_mean,treadmill_ratio_sem,impossible_ratio_mean,impossible_ratio_sem,meaningless_suffering_ratio_mean,meaningless_suffering_ratio_sem,boredom_rate_mean,boredom_rate_sem,challenge_appropriateness_error_mean,challenge_appropriateness_error_sem,mean_selected_challenge_difficulty_mean,mean_selected_challenge_difficulty_sem,total_damage_mean,total_damage_sem
difficulty,100,0.41752751237671737,0.017112965052002525,18.86,1.9001632582921038,0.3375275123767174,0.01711296505200252,0.07680000000000001,0.015095451403029475,0.5012,0.026852035988630243,0.2352,0.024085290624980965,0.1868,0.025531796902318184,0.0,0.0,0.1868,0.025531796902318184,0.07680000000000001,0.015095451403029475,0.4180587661498672,0.0029184253912361946,0.5722242027368167,0.010951054977427724,0.0,0.0
difficulty,200,0.6768521573132905,0.016734436569125898,52.04,3.1380430662618837,0.5968521573132904,0.016734436569125898,0.07210000000000001,0.011081414851093737,0.48950000000000005,0.015960570037387992,0.22540000000000002,0.017728588695743865,0.213,0.019910001588782106,0.0,0.0,0.213,0.019910001588782106,0.07210000000000001,0.011081414851093737,0.42451047295994854,0.0017442927732300524,0.5459838024655038,0.01018102831629398,0.0,0.0
difficulty,300,0.8627836010327943,0.016686849298141158,93.04,4.4278303527408385,0.7827836010327942,0.016686849298141158,0.06606666666666666,0.008811809227361338,0.4772,0.01433684816894917,0.2309333333333333,0.017604895216981754,0.22579999999999997,0.017872516556785234,0.0,0.0,0.22579999999999997,0.017872516556785234,0.06646666666666666,0.008784344970075342,0.43181283995350017,0.0015893110244344503,0.5344519228684907,0.00939810692118288,0.0,0.0
difficulty,400,1.0031336712606187,0.013244037784950025,144.26,6.104117713578637,0.9231336712606186,0.013244037784950024,0.07079999999999999,0.008685091613018864,0.4808,0.014730996059260867,0.2174,0.01585745816932325,0.23099999999999998,0.017342292294873142,0.0,0.0,0.23099999999999998,0.017342292294873142,0.0783,0.00939861040532165,0.43841308302837306,0.0017312393988097045,0.5412752460746095,0.010672510474529289,0.0,0.0
difficulty,500,1.0653883453047306,0.009982649855186097,200.68,7.790912550359357,0.9853883453047305,0.009982649855186097,0.07836,0.009415695103693314,0.4842,0.01665812298023069,0.21163999999999997,0.01632503423754887,0.22580000000000006,0.01786436425412563,0.0,0.0,0.22580000000000006,0.01786436425412563,0.11436,0.011758340852001047,0.4442917730565169,0.0020354245388196153,0.5546733475295094,0.013497216930388188,0.0,0.0
difficulty,600,1.0988538912418182,0.005626520030937396,240.74,8.664014717231737,1.0188538912418181,0.005626520030937397,0.07579999999999999,0.009755891295314149,0.4657,0.015755292095830636,0.22506666666666666,0.018060302114628515,0.23343333333333333,0.01837906541017453,0.0,0.0,0.23343333333333333,0.01837906541017453,0.1298,0.012431001404487385,0.44676014510972467,0.002214695751957168,0.5658384669027765,0.01459785301516595,0.0,0.0
difficulty,700,1.1143784727858952,0.002232714222291782,267.5,8.958919851073519,1.0343784727858953,0.0022327142222917833,0.0682,0.00890524042097883,0.43705714285714287,0.014164230397043277,0.24265714285714288,0.020399345441965568,0.25208571428571425,0.02048407148265343,0.0,0.0,0.25208571428571425,0.02048407148265343,0.13214285714285715,0.011371083546635874,0.44821664901784575,0.0021806107246015024,0.5701120907045776,0.014545572591851488,0.0,0.0
difficulty,800,1.1191073759047878,0.0007786169764212653,291.72,9.480680247702885,1.039107375904788,0.0007786169764212665,0.06215,0.007810089628166888,0.412925,0.013374588015779653,0.256475,0.023603811359911464,0.26845,0.023285620069923334,0.0,0.0,0.26845,0.023285620069923334,0.136075,0.009988322901656467,0.4490254783299119,0.002176758456735125,0.5739013451085393,0.01471163912098525,0.0,0.0
difficulty,900,1.1198615625826105,0.00013843741738957862,312.88,9.719353300062128,1.0398615625826104,0.00013843741738957968,0.05731111111111112,0.006982040813969906,0.3898222222222223,0.01202857771242405,0.2687111111111112,0.02645925308035298,0.28415555555555555,0.025835649519456924,0.0,0.0,0.28415555555555555,0.025835649519456924,0.1411333333333333,0.009037002403809577,0.4502391431783251,0.002000287785095646,0.5744471167962996,0.014492013616952956,0.0,0.0
difficulty,1000,1.12,0.0,332.36,9.816178233000906,1.04,1.5539885205834494e-17,0.052919999999999995,0.006291415596197855,0.36982,0.010974615980450858,0.27990000000000004,0.02881692034134084,0.29736,0.02812312230466712,0.0,0.0,0.29736,0.02812312230466712,0.14492,0.008190429457231016,0.4514048335628834,0.0018009002915505136,0.5739926403136516,0.013878087252937609,0.0,0.0
difficulty,1100,1.12,0.0,351.48,9.840492770140308,1.04,1.5539885205834494e-17,0.04996363636363637,0.005725134919208792,0.3524363636363636,0.009850747887084324,0.2889090909090909,0.030783374151246067,0.3086909090909091,0.030290883700408295,0.0,0.0,0.3086909090909091,0.030290883700408295,0.14803636363636363,0.007516927992398739,0.452401162622695,0.001631051520503437,0.572589843332219,0.013330988543773126,0.0,0.0
difficulty,1200,1.12,0.0,369.62,9.791495268437643,1.04,1.5539885205834494e-17,0.047333333333333345,0.005244854945693022,0.33740000000000003,0.008966384690708328,0.2975,0.03261558028147752,0.3177666666666667,0.032112546908245075,0.0,0.0,0.3177666666666667,0.032112546908245075,0.15,0.0068466354681376235,0.4531689277922633,0.0015037678998345784,0.5718201655249872,0.01298820069313461,0.0,0.0
difficulty,1300,1.12,0.0,388.46,9.746593753507856,1.04,1.5539885205834494e-17,0.045184615384615386,0.004849270633118745,0.32512307692307696,0.008300002546109662,0.3041538461538461,0.03418229683238253,0.3255384615384615,0.033719987482956494,0.0,0.0,0.3255384615384615,0.033719987482956494,0.15235384615384615,0.006318725656796183,0.45388406118729,0.0013865279458605945,0.5711411805241741,0.012587723848634878,0.0,0.0
difficulty,1400,1.12,0.0,406.52,9.830574546707194,1.04,1.5539885205834494e-17,0.04334285714285715,0.004504680337116995,0.3139285714285714,0.007771552102002261,0.3103857142857143,0.035555883181568194,0.3323428571428571,0.03516282729185777,0.0,0.0,0.3323428571428571,0.03516282729185777,0.15371428571428572,0.00590194766629854,0.4544255230997667,0.0012837867758888643,0.5711850732515094,0.012121941265697222,0.0,0.0
difficulty,1500,1.12,0.0,424.68,9.74220525678381,1.04,1.5539885205834494e-17,0.04166666666666666,0.004202633878804383,0.30437333333333333,0.0072260089566908835,0.31578666666666666,0.036810022494003856,0.3381733333333334,0.03638419237629555,0.0,0.0,0.3381733333333334,0.03638419237629555,0.15484,0.005475811498273644,0.4548898219302285,0.0011933550187223536,0.5707036864666136,0.011807475807487674,0.0,0.0
difficulty,1600,1.12,0.0,442.22,9.820565260758482,1.04,1.5539885205834494e-17,0.040175,0.003932588854945406,0.2956125,0.0068258794847108105,0.32105000000000006,0.037999901147830605,0.34316250000000004,0.03751404248132712,0.0,0.0,0.34316250000000004,0.03751404248132712,0.1554375,0.0051684399044507005,0.4552554381534681,0.0011201603207368466,0.5705746960434026,0.01146160566008799,0.0,0.0
difficulty,1700,1.12,0.0,459.7,9.875686491250589,1.04,1.5539885205834494e-17,0.03891764705882353,0.0036995929785650092,0.28789411764705886,0.006501336741190781,0.3251764705882353,0.03904492513684928,0.34801176470588224,0.03855128047033101,0.0,0.0,0.34801176470588224,0.03855128047033101,0.1561764705882353,0.004869695332551748,0.4556336068412795,0.0010510159016650198,0.569779343906314,0.011192993578046762,0.0,0.0
difficulty,1800,1.12,0.0,477.56,9.820185791500679,1.04,1.5539885205834494e-17,0.0378,0.0034911961404807427,0.2811444444444444,0.006141778544410939,0.3287333333333333,0.03989077756252322,0.35232222222222226,0.03939779966946969,0.0,0.0,0.35232222222222226,0.03939779966946969,0.15687777777777778,0.004481250376655114,0.45597614504201317,0.0009931702550524237,0.5689984158269488,0.010919869911692892,0.0,0.0
difficulty,1900,1.12,0.0,495.48,9.81174806036111,1.04,1.5539885205834494e-17,0.03672631578947368,0.0032973603416148844,0.27518947368421054,0.00581457326494196,0.3321473684210527,0.040695529778235554,0.3559368421052631,0.040216158102078556,0.0,0.0,0.3559368421052631,0.040216158102078556,0.15755789473684215,0.004203209539578393,0.4562908427322614,0.0009386426904698502,0.5684296230599124,0.010619465089905477,0.0,0.0
difficulty,2000,1.12,0.0,513.14,10.060754627435726,1.04,1.5539885205834494e-17,0.03564,0.003151644857232878,0.27004999999999996,0.005661907265008057,0.33549999999999996,0.04147954007577663,0.35881,0.04091078618812662,0.0,0.0,0.35881,0.04091078618812662,0.15808,0.004010200259644022,0.45652265952892745,0.0008958700530251775,0.5684303440738863,0.010371126392756488,0.0,0.0
difficulty,2100,1.12,0.0,530.94,10.068232927664827,1.04,1.5539885205834494e-17,0.03477142857142857,0.003036986128132365,0.26520952380952384,0.005389462554976715,0.33826666666666666,0.04211095081162451,0.36175238095238094,0.04158578892740304,0.0,0.0,0.36175238095238094,0.04158578892740304,0.1585809523809524,0.0037733336865430366,0.4567665624507412,0.0008529629216973101,0.5679178072941281,0.01011107370756816,0.0,0.0
difficulty,2200,1.12,0.0,547.7,10.097494132461877,1.04,1.5539885205834494e-17,0.03391818181818182,0.0028991856528726998,0.2603,0.00517536313107973,0.34083636363636366,0.04275940519940907,0.3649454545454546,0.04229275692015003,0.0,0.0,0.3649454545454546,0.04229275692015003,0.15851818181818184,0.003629116386672962,0.456950364344485,0.0008121361792959307,0.5673461704363051,0.009859078759691458,0.0,0.0
difficulty,2300,1.12,0.0,565.74,10.17904249536512,1.04,1.5539885205834494e-17,0.03319130434782609,0.002778629863866982,0.25634782608695655,0.004990744104418726,0.34305217391304343,0.04331565242667737,0.36740869565217393,0.04286511035849625,0.0,0.0,0.36740869565217393,0.04286511035849625,0.15899130434782607,0.0034847419653875555,0.45715225576510915,0.0007807396247711784,0.5672331895174328,0.009562314392053472,0.0,0.0
difficulty,2400,1.12,0.0,582.72,10.261719631519776,1.04,1.5539885205834494e-17,0.032475000000000004,0.00266018584291039,0.2523416666666667,0.004808313880105427,0.345325,0.04384889420451995,0.3698583333333334,0.043390380767407304,0.0,0.0,0.3698583333333334,0.043390380767407304,0.15895,0.0033824870762298085,0.45728729132710755,0.0007488198842643332,0.5670200485730659,0.00943494911774413,0.0,0.0
difficulty,2500,1.12,0.0,599.9,10.279174508268092,1.04,1.5539885205834494e-17,0.031976000000000004,0.002548351303754437,0.248616,0.004604809694931009,0.34720799999999996,0.04436189795906632,0.3722,0.043937923185757774,0.0,0.0,0.3722,0.043937923185757774,0.15910400000000002,0.0032211659189726664,0.4574484979423459,0.000721178925805637,0.5665780252581984,0.009306063337075341,0.0,0.0
difficulty,2600,1.12,0.0,616.72,10.204482408456089,1.04,1.5539885205834494e-17,0.031384615384615386,0.002447048205922976,0.24508461538461535,0.004366017042827325,0.3491,0.04483158196468586,0.37443076923076923,0.04440992756654082,0.0,0.0,0.37443076923076923,0.04440992756654082,0.15896923076923078,0.0030878033690923392,0.4575594831759843,0.0007003559323294428,0.5666507995604929,0.009203072574129835,0.0,0.0
difficulty,2700,1.12,0.0,633.04,10.193874110844957,1.04,1.5539885205834494e-17,0.030748148148148146,0.0023550261578457305,0.2417259259259259,0.004194023537286709,0.3506296296296296,0.045233765998485644,0.3768962962962963,0.04489670483931063,0.0,0.0,0.3768962962962963,0.04489670483931063,0.1587851851851852,0.002957384014530516,0.4576756471634041,0.0006733749335356935,0.566477712319634,0.00903119617852682,0.0,0.0
difficulty,2800,1.12,0.0,648.86,10.099424513812856,1.04,1.5539885205834494e-17,0.03022142857142857,0.002283957278419625,0.2384357142857143,0.004020665717431457,0.35238571428571425,0.0456209271743962,0.3789571428571428,0.045335488552373425,0.0,0.0,0.3789571428571428,0.045335488552373425,0.15859285714285712,0.002817923423342989,0.457782755595093,0.0006485357935594472,0.5662703446984998,0.008874125331174825,0.0,0.0
difficulty,2900,1.12,0.0,665.88,9.938448940701903,1.04,1.5539885205834494e-17,0.02977241379310345,0.002199905579058242,0.23565517241379313,0.003836157674687581,0.3538551724137931,0.04598187426899875,0.3807172413793103,0.04571140622832036,0.0,0.0,0.3807172413793103,0.04571140622832036,0.1587241379310345,0.0026951395752715405,0.45792345842392396,0.0006275543228552202,0.5654195021910277,0.008699821885905379,0.0,0.0
difficulty,3000,1.12,0.0,681.42,9.91906389592428,1.04,1.5539885205834494e-17,0.029433333333333332,0.0021221058723196007,0.23257333333333333,0.003704750152998866,0.3553066666666666,0.04635688418251502,0.3826866666666667,0.04613697776686632,0.0,0.0,0.3826866666666667,0.04613697776686632,0.15833333333333333,0.0025778931086875173,0.4579888211762416,0.00060749830855797,0.5651652193471509,0.00854160793712904,0.0,0.0
difficulty,3100,1.12,0.0,696.94,9.961534592048125,1.04,1.5539885205834494e-17,0.02898064516129032,0.002053901282962402,0.22971612903225805,0.0035881504176221843,0.35652903225806454,0.04668186620904571,0.3847741935483871,0.046538967675784554,0.0,0.0,0.3847741935483871,0.046538967675784554,0.15795483870967744,0.0025126089047542467,0.45806399074733434,0.000588732290347549,0.5648186433787243,0.008385805719994881,0.0,0.0
difficulty,3200,1.12,0.0,712.66,9.947519842674764,1.04,1.5539885205834494e-17,0.0286625,0.0019776944936476114,0.22703125,0.003488298702521074,0.3580250000000001,0.047023188754190676,0.38628125,0.04686585051012079,0.0,0.0,0.38628125,0.04686585051012079,0.1576,0.0024467289961522596,0.4581181885013978,0.0005719718101975795,0.5646756794548535,0.00824248385779956,0.0,0.0
difficulty,3300,1.12,0.0,729.68,9.895347907177475,1.04,1.5539885205834494e-17,0.028296969696969695,0.0019123596992191455,0.2250060606060606,0.003341029401968071,0.3591393939393939,0.04729315430093783,0.3875575757575757,0.04715894399144595,0.0,0.0,0.3875575757575757,0.04715894399144595,0.15763636363636363,0.0023767298251655944,0.4581948317553439,0.0005572583618288149,0.5649112472450782,0.008073924645670394,0.0,0.0
difficulty,3400,1.12,0.0,745.74,9.959625023676589,1.04,1.5539885205834494e-17,0.027917647058823533,0.0018686067710305427,0.22287647058823526,0.0032505401983521183,0.3601058823529412,0.04755806812663414,0.38909999999999995,0.04747763693315458,0.0,0.0,0.38909999999999995,0.04747763693315458,0.15757058823529413,0.002313349529617861,0.45827607329193626,0.0005419195390354369,0.564599280968732,0.007923574262159812,0.0,0.0
difficulty,3500,1.12,0.0,761.62,10.05104888424434,1.04,1.5539885205834494e-17,0.027594285714285717,0.0018180105011863902,0.22076571428571432,0.0031542168412643967,0.3613485714285715,0.04785105311935572,0.3902914285714285,0.047757538741252575,0.0,0.0,0.3902914285714285,0.047757538741252575,0.15730285714285716,0.002262699879684157,0.45832039457913515,0.0005302335479310807,0.5646162551669167,0.007803799498138512,0.0,0.0
difficulty,3600,1.12,0.0,777.74,10.05108624447515,1.04,1.5539885205834494e-17,0.027222222222222224,0.0017679005659783859,0.21889444444444442,0.0030534469120729064,0.3624611111111112,0.0480993522062996,0.39142222222222217,0.04801693730946932,0.0,0.0,0.39142222222222217,0.04801693730946932,0.1571611111111111,0.002215327882415197,0.45837234327779847,0.0005131993919871017,0.5644294925689135,0.0076566045582402275,0.0,0.0
difficulty,3700,1.12,0.0,793.84,10.008827124501813,1.04,1.5539885205834494e-17,0.0269945945945946,0.0017179278850706292,0.21696216216216213,0.0029504998276591713,0.3634972972972973,0.048332206971500646,0.39254594594594594,0.04828089973261756,0.0,0.0,0.39254594594594594,0.04828089973261756,0.15705405405405407,0.002168691877602998,0.45843691429492656,0.0004980301412984826,0.5638344294796702,0.007516475919417643,0.0,0.0
difficulty,3800,1.12,0.0,808.62,10.071373454763064,1.04,1.5539885205834494e-17,0.02662631578947369,0.0016797014357724323,0.2149684210526316,0.0028764743716743644,0.3646157894736842,0.048601320098709405,0.3937894736842106,0.04853409550141569,0.0,0.0,0.3937894736842106,0.04853409550141569,0.15657894736842104,0.002129890859326838,0.4584637475113657,0.00048709178808523627,0.563638281020037,0.007403531415054721,0.0,0.0
difficulty,3900,1.12,0.0,823.52,10.144556799242695,1.04,1.5539885205834494e-17,0.026287179487179485,0.0016402935310929215,0.21308717948717948,0.0028301434932825114,0.36577435897435895,0.04885472948834901,0.39485128205128206,0.04876217488566347,0.0,0.0,0.39485128205128206,0.04876217488566347,0.15614871794871793,0.0020939632126402616,0.4584869613729075,0.00047096753942071787,0.5634621500265428,0.007277672673590145,0.0,0.0
difficulty,4000,1.12,0.0,837.48,10.254048080676057,1.04,1.5539885205834494e-17,0.02601,0.001589248956236234,0.211025,0.002789770398715819,0.36678499999999997,0.049103243486742984,0.3961800000000001,0.04901754633781247,0.0,0.0,0.3961800000000001,0.04901754633781247,0.15555,0.002072782808551965,0.45850256961135843,0.0004581061730061346,0.5630300062053526,0.007179051800384588,0.0,0.0
difficulty,4100,1.12,0.0,852.44,10.276271856335162,1.04,1.5539885205834494e-17,0.025741463414634146,0.0015581452999411615,0.20931707317073173,0.0027206096127982563,0.3677073170731708,0.04931260986775153,0.3972341463414634,0.04925478261262998,0.0,0.0,0.3972341463414634,0.04925478261262998,0.1551951219512195,0.0020390064088794436,0.4585295071061451,0.00044752666118231355,0.5629788835665791,0.0070871403150588805,0.0,0.0
difficulty,4200,1.12,0.0,867.48,10.355881302478338,1.04,1.5539885205834494e-17,0.02546190476190477,0.0015138830288914135,0.20773809523809528,0.0026679266945372924,0.36866666666666675,0.049540022202312704,0.3981333333333334,0.04945813530601022,0.0,0.0,0.3981333333333334,0.04945813530601022,0.1548857142857143,0.0020091907848166675,0.4585582510068854,0.0004364339030680246,0.5629244615910689,0.0069670357769861975,0.0,0.0
difficulty,4300,1.12,0.0,882.5,10.309110296336963,1.04,1.5539885205834494e-17,0.025195348837209305,0.0014845794404658573,0.20620000000000002,0.0025967114903086676,0.3695488372093023,0.04975911706873342,0.3990558139534884,0.049664017195884064,0.0,0.0,0.3990558139534884,0.049664017195884064,0.15456279069767442,0.001963338670227212,0.45858454198747867,0.0004282175097833801,0.5626877958303296,0.006891407994403047,0.0,0.0
difficulty,4400,1.12,0.0,896.84,10.273658013560302,1.04,1.5539885205834494e-17,0.024900000000000002,0.0014507598000018471,0.2046227272727273,0.002538509359630641,0.3703818181818182,0.049956603042567924,0.4000954545454546,0.04987470559111744,0.0,0.0,0.4000954545454546,0.04987470559111744,0.15413636363636363,0.0019058082033822118,0.4586013627271333,0.0004212432848817025,0.5625000940138251,0.00684521977296912,0.0,0.0
difficulty,4500,1.12,0.0,911.58,10.32726093247125,1.04,1.5539885205834494e-17,0.024631111111111114,0.001437031177178287,0.20325333333333337,0.0024935068916679707,0.37113777777777784,0.050142576719797535,0.4009777777777777,0.05005795542655053,0.0,0.0,0.4009777777777777,0.05005795542655053,0.1538577777777778,0.0018730670964209033,0.45862577090557644,0.00041346702431096545,0.5623018021238871,0.00674941482744151,0.0,0.0
difficulty,4600,1.12,0.0,925.86,10.419801008715305,1.04,1.5539885205834494e-17,0.024365217391304345,0.0014072653687427167,0.20182173913043477,0.002450118784267286,0.37208260869565213,0.050339243065272175,0.4017304347826087,0.05023478649461891,0.0,0.0,0.4017304347826087,0.05023478649461891,0.15342173913043478,0.0018332012723174182,0.45862700629333475,0.00040509028759797905,0.5623388471162827,0.006679459598839346,0.0,0.0
difficulty,4700,1.12,0.0,939.76,10.343905234977942,1.04,1.5539885205834494e-17,0.024136170212765956,0.0013751528469593622,0.2003191489361702,0.002366680587482995,0.37285531914893616,0.05050723801419829,0.4026893617021276,0.050433457757393205,0.0,0.0,0.4026893617021276,0.050433457757393205,0.153,0.0017906450711375657,0.45864632454809007,0.0003956066274299264,0.5618981548177382,0.006591733961826772,0.0,0.0
difficulty,4800,1.12,0.0,954.28,10.35729221567183,1.04,1.5539885205834494e-17,0.023924999999999995,0.0013501721566554796,0.19897916666666662,0.002305518203464882,0.3736208333333333,0.05068564153410631,0.40347500000000003,0.05060246322361247,0.0,0.0,0.40347500000000003,0.05060246322361247,0.15271250000000003,0.0017511788425044923,0.4586682808933717,0.00038782824696128996,0.5617617221883914,0.006534134944402213,0.0,0.0
difficulty,4900,1.12,0.0,968.44,10.426385680922557,1.04,1.5539885205834494e-17,0.02376326530612245,0.0013274006053659694,0.19758775510204082,0.002271424735796797,0.3743510204081633,0.050858255423132756,0.40429795918367345,0.050778035686633395,0.0,0.0,0.40429795918367345,0.050778035686633395,0.15231020408163265,0.0017232115261753545,0.4586768795293441,0.00037949037960247897,0.5616102549358021,0.006441960795637802,0.0,0.0
difficulty,5000,1.12,0.0,981.76,10.471011880230026,1.04,1.5539885205834494e-17,0.023584,0.001297719695528763,0.19611600000000004,0.0022342644500266884,0.375104,0.05103770170757924,0.40519600000000006,0.05095799582449234,0.0,0.0,0.40519600000000006,0.05095799582449234,0.151748,0.0016973045618009174,0.4586704859986171,0.0003714384234811881,0.5614490124086253,0.006359957597715517,0.0,0.0
difficulty,5100,1.12,0.0,995.28,10.430373229865062,1.04,1.5539885205834494e-17,0.023400000000000004,0.0012814274665202653,0.19470980392156864,0.0022038000219965596,0.37583921568627454,0.05120136010012427,0.4060509803921569,0.051136879907030135,0.0,0.0,0.4060509803921569,0.051136879907030135,0.15122745098039217,0.001665315555261144,0.4586712110222518,0.0003629386321032306,0.5612893585623846,0.006274758701304608,0.0,0.0
difficulty,5200,1.12,0.0,1007.94,10.424085532250464,1.04,1.5539885205834494e-17,0.023188461538461543,0.0012643583036694797,0.19327692307692307,0.0021498123248884964,0.3765615384615385,0.05135802449815037,0.4069730769230769,0.05131630809923054,0.0,0.0,0.4069730769230769,0.05131630809923054,0.15066923076923075,0.001634550649747811,0.45866427884578487,0.00035684861335169826,0.5613583572761623,0.006223907821863382,0.0,0.0
difficulty,5300,1.12,0.0,1022.24,10.483906422586527,1.04,1.5539885205834494e-17,0.023037735849056603,0.0012419676757533546,0.19213962264150944,0.002101365480045284,0.37713207547169814,0.05149986441070665,0.4076905660377359,0.05146163802738197,0.0,0.0,0.4076905660377359,0.05146163802738197,0.1504,0.0016150536739290822,0.4586777444232346,0.00035163041588523225,0.5613238739310814,0.0061456670745340765,0.0,0.0
difficulty,5400,1.12,0.0,1036.06,10.416643276164214,1.04,1.5539885205834494e-17,0.022833333333333337,0.0012221563691918224,0.19105185185185186,0.0020734830709642727,0.37772592592592585,0.05163550076092513,0.4083888888888889,0.05160460007080075,0.0,0.0,0.4083888888888889,0.05160460007080075,0.1500074074074074,0.0015587822417545963,0.45867364208782135,0.00034622019700210994,0.5613023878564037,0.006089384703601612,0.0,0.0
difficulty,5500,1.12,0.0,1050.28,10.37697765759002,1.04,1.5539885205834494e-17,0.022680000000000002,0.0012039605188780213,0.18999272727272726,0.0020286759206172445,0.37837818181818184,0.051779369988612337,0.40894909090909093,0.05173877098207596,0.0,0.0,0.40894909090909093,0.05173877098207596,0.14972727272727274,0.0015276989422068415,0.4586857772918098,0.000339608220474257,0.5612203382533953,0.006015384852917895,0.0,0.0
difficulty,5600,1.12,0.0,1062.72,10.496881558300046,1.04,1.5539885205834494e-17,0.022453571428571427,0.0011825162578691878,0.18875714285714285,0.0020042058027121756,0.37912499999999993,0.05193451810114109,0.4096642857142857,0.051881466377882636,0.0,0.0,0.4096642857142857,0.051881466377882636,0.14917857142857144,0.0015042110818495023,0.4586761638987319,0.00033219239666858495,0.5611505129916645,0.0059671363163989275,0.0,0.0
difficulty,5700,1.12,0.0,1075.84,10.572523495420782,1.04,1.5539885205834494e-17,0.022294736842105266,0.0011561883508717623,0.1875894736842105,0.001973657142671533,0.37979999999999997,0.05207262808797649,0.41031578947368424,0.05201924085940771,0.0,0.0,0.41031578947368424,0.05201924085940771,0.14871929824561406,0.0014940055429896854,0.4586677250039502,0.00032807923952538737,0.5610738795912215,0.0059148948237855966,0.0,0.0
difficulty,5800,1.12,0.0,1088.7,10.629080248957363,1.04,1.5539885205834494e-17,0.0221448275862069,0.0011311739328049293,0.18639655172413788,0.0019459016628711504,0.3804068965517242,0.05221039132225365,0.41105172413793106,0.05216695884640569,0.0,0.0,0.41105172413793106,0.05216695884640569,0.14822758620689658,0.0014693272492739668,0.45866421049430334,0.00032165345007048417,0.5608603861450113,0.005854529341388193,0.0,0.0
difficulty,5900,1.12,0.0,1101.84,10.650528778671324,1.04,1.5539885205834494e-17,0.021959322033898308,0.0011047443096929032,0.1853593220338983,0.0019267212123426282,0.3810101694915254,0.05234599378993627,0.4116711864406779,0.052305905219809525,0.0,0.0,0.4116711864406779,0.052305905219809525,0.14782033898305086,0.0014478285929097603,0.45866447382944253,0.0003151396815049461,0.5607054358271006,0.0057704249950503075,0.0,0.0
difficulty,6000,1.12,0.0,1114.14,10.620273642656198,1.04,1.5539885205834494e-17,0.021753333333333333,0.0010829982736694343,0.18423666666666666,0.001884770627280762,0.38158333333333333,0.05247652239329824,0.41242666666666666,0.05244818135058762,0.0,0.0,0.41242666666666666,0.05244818135058762,0.14732,0.0014051963815596379,0.45865958750193364,0.0003081184507283927,0.5606312626784136,0.0056932473636388,0.0,0.0
difficulty,6100,1.12,0.0,1126.4,10.508771846142903,1.04,1.5539885205834494e-17,0.02158688524590164,0.001065678662773619,0.18310491803278686,0.0018451028009273474,0.3821409836065574,0.052602170101554324,0.41316721311475413,0.05258054099842455,0.0,0.0,0.41316721311475413,0.05258054099842455,0.1468327868852459,0.0013749959999822153,0.4586595264742157,0.00030274125888136327,0.5602335245943708,0.005637516438661837,0.0,0.0
difficulty,6200,1.12,0.0,1138.4,10.504032267541405,1.04,1.5539885205834494e-17,0.02144193548387097,0.0010509985200292207,0.1819451612903226,0.0018051192420238562,0.3827677419354839,0.052723978469648804,0.41384516129032256,0.052711396207179115,0.0,0.0,0.41384516129032256,0.052711396207179115,0.14630967741935483,0.0013470861929821855,0.4586497204737494,0.0002983641988940954,0.5600525466371324,0.005612529110519435,0.0,0.0
difficulty,6300,1.12,0.0,1151.06,10.392203121296546,1.04,1.5539885205834494e-17,0.02129206349206349,0.0010368343790047526,0.18094285714285716,0.001751197764438019,0.38333968253968254,0.052840589012064204,0.41442539682539675,0.052832359235053285,0.0,0.0,0.41442539682539675,0.052832359235053285,0.14582857142857145,0.0013279314269695043,0.45863467623887916,0.00029500654968099983,0.5598932689742087,0.00556460786049825,0.0,0.0
difficulty,6400,1.12,0.0,1162.24,10.42949350131048,1.04,1.5539885205834494e-17,0.021115625,0.0010248915953439332,0.17978750000000002,0.001714226189442755,0.38400625000000005,0.05297870401925616,0.415090625,0.05296095039386559,0.0,0.0,0.415090625,0.05296095039386559,0.145234375,0.0013077861932899023,0.4586181020204515,0.000289236858889359,0.559801885315805,0.005518687059391564,0.0,0.0
difficulty,6500,1.12,0.0,1174.52,10.446959913226976,1.04,1.5539885205834494e-17,0.02096,0.0010038501897583329,0.1788184615384615,0.0016969563097807418,0.38445846153846164,0.05308413820138276,0.41576307692307696,0.053094226781013915,0.0,0.0,0.41576307692307696,0.053094226781013915,0.1447569230769231,0.0012858539606670993,0.4586007703738064,0.0002855124105185122,0.5598488096146181,0.005488709090431559,0.0,0.0
difficulty,6600,1.12,0.0,1186.18,10.431024760349311,1.04,1.5539885205834494e-17,0.020803030303030302,0.000987385533853246,0.17776060606060604,0.0016704813263089242,0.38511818181818186,0.053222668908187394,0.4163181818181818,0.053210925941654344,0.0,0.0,0.4163181818181818,0.053210925941654344,0.14424242424242423,0.0012574323185291086,0.458587645009153,0.00028175492084210146,0.5597560727178407,0.005461692054973373,0.0,0.0
difficulty,6700,1.12,0.0,1197.44,10.476062510040961,1.04,1.5539885205834494e-17,0.02064179104477612,0.0009660166437915106,0.17671044776119402,0.001646248538669596,0.38574626865671646,0.053354567610787995,0.4169014925373134,0.0533295152668229,0.0,0.0,0.4169014925373134,0.0533295152668229,0.1436955223880597,0.0012342271217002931,0.4585721986075306,0.00027719544618270135,0.5596146822711444,0.005411847176914976,0.0,0.0
difficulty,6800,1.12,0.0,1208.0,10.537358225254891,1.04,1.5539885205834494e-17,0.02046470588235294,0.00094996422650339,0.17560000000000003,0.00162768814232086,0.3863470588235295,0.0534822085123345,0.41758823529411765,0.053454692386411116,0.0,0.0,0.41758823529411765,0.053454692386411116,0.14303823529411763,0.001225815475038271,0.4585424118882699,0.0002746735350736881,0.5594966056240878,0.0053820208513230255,0.0,0.0
difficulty,6900,1.12,0.0,1219.32,10.486782351209195,1.04,1.5539885205834494e-17,0.020292753623188404,0.0009334741351813663,0.17464347826086957,0.00160675310583942,0.38686956521739135,0.05359283776202214,0.4181942028985507,0.05357339770298064,0.0,0.0,0.4181942028985507,0.05357339770298064,0.1425391304347826,0.0012032262767908207,0.45852831226695523,0.0002678263570929656,0.5593489925285305,0.005302746845842959,0.0,0.0
difficulty,7000,1.12,0.0,1229.98,10.4140599622798,1.04,1.5539885205834494e-17,0.020157142857142856,0.000923155319239527,0.17358571428571426,0.0015704330268151475,0.3874371428571429,0.05371569401571733,0.41882,0.05369516482605884,0.0,0.0,0.41882,0.05369516482605884,0.14192571428571427,0.0011744555926862467,0.4584986364259873,0.0002635717392233479,0.5593355018053827,0.005259535052775296,0.0,0.0
difficulty,7100,1.12,0.0,1240.66,10.455761423195131,1.04,1.5539885205834494e-17,0.020019718309859155,0.0009109513012878221,0.17254929577464787,0.0015437264344324185,0.3879380281690141,0.053829418554881395,0.4194929577464789,0.05382039159814303,0.0,0.0,0.4194929577464789,0.05382039159814303,0.14136338028169015,0.0011619779455795637,0.45848277290243256,0.0002599949161257755,0.5591068573166256,0.005200768240855461,0.0,0.0
difficulty,7200,1.12,0.0,1251.54,10.461833842445538,1.04,1.5539885205834494e-17,0.01990277777777778,0.0008983626556537834,0.17155277777777778,0.0015242677159183287,0.38847777777777787,0.05394181774899703,0.42006666666666675,0.053928514523954696,0.0,0.0,0.42006666666666675,0.053928514523954696,0.14084444444444444,0.0011508404478717048,0.4584645743024967,0.00025645722971625055,0.5590544386953576,0.0051829281023628715,0.0,0.0
difficulty,7300,1.12,0.0,1261.46,10.34815215684542,1.04,1.5539885205834494e-17,0.019753424657534248,0.0008860282236763066,0.1704904109589041,0.0014907010295929371,0.3890520547945206,0.05405447525850394,0.42070410958904114,0.054050143472784404,0.0,0.0,0.42070410958904114,0.054050143472784404,0.14017808219178082,0.001124611410368258,0.4584328533893832,0.00025380118695789036,0.5590870098938868,0.005152729665900214,0.0,0.0
difficulty,7400,1.12,0.0,1272.36,10.371143640320643,1.04,1.5539885205834494e-17,0.019594594594594596,0.0008757842809541894,0.1696081081081081,0.0014680055092915851,0.3895189189189189,0.05415869314222363,0.4212783783783784,0.05415277887465287,0.0,0.0,0.4212783783783784,0.05415277887465287,0.13966216216216215,0.0011060158769155472,0.4584105192690404,0.00025081445295981004,0.559066752700903,0.005115566651253697,0.0,0.0
difficulty,7500,1.12,0.0,1282.98,10.360304542052884,1.04,1.5539885205834494e-17,0.019474666666666668,0.0008652434992100028,0.16867466666666664,0.0014531144314954717,0.39002400000000004,0.0542608514746808,0.4218266666666667,0.05426375592655042,0.0,0.0,0.4218266666666667,0.05426375592655042,0.13913333333333333,0.001078843758324292,0.45839116996729795,0.00024769577885317215,0.5589917918046624,0.005091383065429623,0.0,0.0
difficulty,7600,1.12,0.0,1293.3,10.370730004022208,1.04,1.5539885205834494e-17,0.019336842105263156,0.0008531181065379318,0.16775526315789474,0.001438466964076218,0.3905394736842105,0.05436290128423378,0.42236842105263156,0.05436312548100959,0.0,0.0,0.42236842105263156,0.05436312548100959,0.13858947368421054,0.0010730039862052456,0.45836632628032037,0.00024556347095346467,0.5590559040050421,0.005051634711479145,0.0,0.0
difficulty,7700,1.12,0.0,1303.38,10.443976488768977,1.04,1.5539885205834494e-17,0.01923116883116883,0.0008393927889225811,0.16678961038961035,0.001421474989183492,0.39099999999999996,0.05446652515675959,0.42297922077922073,0.05447432243094161,0.0,0.0,0.42297922077922073,0.05447432243094161,0.13805194805194804,0.0010753116152500527,0.4583497231783834,0.000242965879504048,0.5588589560517344,0.005010866267814023,0.0,0.0
difficulty,7800,1.12,0.0,1312.98,10.401667448745211,1.04,1.5539885205834494e-17,0.019100000000000002,0.0008272591085019197,0.1658051282051282,0.0013993634778973934,0.391551282051282,0.054582053548551494,0.42354358974358974,0.05458542953503912,0.0,0.0,0.42354358974358974,0.05458542953503912,0.13745384615384615,0.0010616709811943183,0.4583251035153124,0.00024098760633776265,0.55888952710913,0.004987953074608809,0.0,0.0
difficulty,7900,1.12,0.0,1322.72,10.409534091399095,1.04,1.5539885205834494e-17,0.018949367088607595,0.0008163530581774545,0.16488860759493668,0.00137690292515043,0.3920607594936709,0.05468620649011224,0.4241012658227848,0.054687902990368645,0.0,0.0,0.4241012658227848,0.054687902990368645,0.13684556962025318,0.0010500575156518776,0.45829427530340255,0.0002387994827341627,0.5589507163769093,0.00496601440155894,0.0,0.0
difficulty,8000,1.12,0.0,1332.7,10.34326163376378,1.04,1.5539885205834494e-17,0.018842499999999998,0.000802942690536326,0.16397750000000003,0.0013526791725599792,0.39257250000000005,0.05478776608306319,0.42460749999999997,0.05478803636469352,0.0,0.0,0.42460749999999997,0.05478803636469352,0.13628,0.0010320721676237926,0.4582673854838158,0.0002360370685496888,0.5589567942500715,0.004928988459952535,0.0,0.0
difficulty,8100,1.12,0.0,1341.84,10.444385661049418,1.04,1.5539885205834494e-17,0.018686419753086422,0.0007929666657518864,0.1630641975308642,0.0013409434011332412,0.39303703703703713,0.054886413848991164,0.4252123456790124,0.05489564419145857,0.0,0.0,0.4252123456790124,0.05489564419145857,0.13567901234567903,0.0010255758460797212,0.45823858286379815,0.00023389281866770565,0.5589827317414319,0.004902009302358305,0.0,0.0
difficulty,8200,1.12,0.0,1351.1,10.470921835332009,1.04,1.5539885205834494e-17,0.01854878048780488,0.0007801630266273858,0.16216829268292685,0.0013306377517852035,0.39357317073170733,0.05499200559629746,0.42570975609756095,0.05499056312609472,0.0,0.0,0.42570975609756095,0.05499056312609472,0.13507560975609756,0.0010179995136885957,0.45820565726247575,0.00023077447380289657,0.5590216844189593,0.004869137532577442,0.0,0.0
difficulty,8300,1.12,0.0,1360.08,10.489405344908542,1.04,1.5539885205834494e-17,0.0184289156626506,0.0007707843035650261,0.16123614457831323,0.0013137426986229,0.3940722891566265,0.05508540809585191,0.4262626506024097,0.05509000174271559,0.0,0.0,0.4262626506024097,0.05509000174271559,0.1344578313253012,0.001026487323080689,0.4581738420467938,0.00022789105519979128,0.5590391555756468,0.0048281849261091365,0.0,0.0
difficulty,8400,1.12,0.0,1369.1,10.453131549142268,1.04,1.5539885205834494e-17,0.01830952380952381,0.00075831271816891,0.1603238095238095,0.0013025747240205379,0.3945261904761905,0.055178913528166895,0.42684047619047616,0.05519051226781904,0.0,0.0,0.42684047619047616,0.05519051226781904,0.13385952380952382,0.001017621421451701,0.4581430582254478,0.00022550548681615385,0.5590799204922265,0.00480801785370307,0.0,0.0
difficulty,8500,1.12,0.0,1378.2,10.4773029712336,1.04,1.5539885205834494e-17,0.018204705882352942,0.0007452777020603352,0.15943764705882355,0.0012896322574157627,0.3949670588235294,0.05527168723766407,0.427390588235294,0.05529233055680195,0.0,0.0,0.427390588235294,0.05529233055680195,0.13331294117647058,0.0010059766880078267,0.4581194265414604,0.00022269243894989843,0.558932662127814,0.0047708694902843215,0.0,0.0
difficulty,8600,1.12,0.0,1386.58,10.531123551896355,1.04,1.5539885205834494e-17,0.018067441860465116,0.0007362225942930506,0.15852093023255814,0.0012853924928026518,0.39546511627906983,0.0553699186718913,0.4279465116279071,0.05540110407324895,0.0,0.0,0.4279465116279071,0.05540110407324895,0.1326744186046512,0.0009978896286646974,0.45808438974385984,0.0002198852269500178,0.5589565765692978,0.004748818320835997,0.0,0.0
difficulty,8700,1.12,0.0,1395.42,10.460385523780777,1.04,1.5539885205834494e-17,0.01795632183908046,0.000728222490977456,0.15764137931034483,0.001264961539314773,0.3959494252873564,0.055467512139272514,0.4284528735632183,0.055496125005128516,0.0,0.0,0.4284528735632183,0.055496125005128516,0.1321103448275862,0.0009893714466400415,0.4580580851099451,0.00021719591037148918,0.5589895120780654,0.00472077433030009,0.0,0.0
difficulty,8800,1.12,0.0,1404.3,10.57969753820968,1.04,1.5539885205834494e-17,0.017859090909090908,0.0007220604034126376,0.1567909090909091,0.001260156745986809,0.39641363636363636,0.05556195555300719,0.4289363636363636,0.05558790675481815,0.0,0.0,0.4289363636363636,0.05558790675481815,0.13155681818181816,0.0009902610708954227,0.458029715175983,0.00021448979286697046,0.5589871293105654,0.004683897445561699,0.0,0.0
difficulty,8900,1.12,0.0,1412.8,10.58875028759585,1.04,1.5539885205834494e-17,0.017739325842696628,0.0007125333528321695,0.1559370786516854,0.0012515921444905711,0.39687191011235945,0.05565595041868134,0.4294516853932584,0.05568636207281962,0.0,0.0,0.4294516853932584,0.05568636207281962,0.13098426966292132,0.0009827659893617397,0.45800434348916824,0.00021153121005303876,0.5587678996551362,0.0046609010385213,0.0,0.0
difficulty,9000,1.12,0.0,1421.38,10.542117279498168,1.04,1.5539885205834494e-17,0.017626666666666665,0.0007034505173681284,0.1551,0.001237758399437947,0.3973177777777779,0.05574396170814036,0.42995555555555554,0.05578047034362573,0.0,0.0,0.42995555555555554,0.05578047034362573,0.13042444444444445,0.0009649158696096464,0.4579779023236144,0.00020892180867480267,0.5586555598779565,0.004628630303373789,0.0,0.0
difficulty,9100,1.12,0.0,1429.7,10.474234665918779,1.04,1.5539885205834494e-17,0.017525274725274723,0.000690054178589257,0.15425494505494505,0.001216931306715209,0.3977846153846154,0.055841059349448,0.43043516483516475,0.055868733020032715,0.0,0.0,0.43043516483516475,0.055868733020032715,0.12984835164835165,0.0009506392951121967,0.4579484311371144,0.00020724354287945428,0.5586865249500154,0.004602388949142351,0.0,0.0
difficulty,9200,1.12,0.0,1436.9,10.604051978717706,1.04,1.5539885205834494e-17,0.01741304347826087,0.0006861105277871919,0.15330652173913045,0.0012110689947425041,0.39830869565217397,0.05594003149760957,0.4309717391304348,0.05596785048139867,0.0,0.0,0.4309717391304348,0.05596785048139867,0.12917391304347825,0.000957202105372573,0.4579144074231293,0.00020535999465686475,0.5585704162794826,0.004593651542490689,0.0,0.0
difficulty,9300,1.12,0.0,1445.14,10.598460034459762,1.04,1.5539885205834494e-17,0.01732903225806452,0.0006803952177532901,0.15246666666666667,0.0011977919410169837,0.3987612903225806,0.056031321582063906,0.43144301075268815,0.0560555186040747,0.0,0.0,0.43144301075268815,0.0560555186040747,0.1286021505376344,0.0009458873814611405,0.45788213002098826,0.00020344713147191765,0.5586050772175002,0.004574097490220826,0.0,0.0
difficulty,9400,1.12,0.0,1453.76,10.502460741781094,1.04,1.5539885205834494e-17,0.017234042553191487,0.0006739706076157706,0.15170638297872338,0.0011791000305922418,0.3992127659574468,0.05611834199868661,0.43184680851063834,0.05613830943415917,0.0,0.0,0.43184680851063834,0.05613830943415917,0.12808936170212765,0.0009247365581503962,0.45785528985073626,0.0002013397216146363,0.5586004634548764,0.004547123199330526,0.0,0.0
difficulty,9500,1.12,0.0,1461.3,10.533493712720313,1.04,1.5539885205834494e-17,0.01713052631578947,0.0006657481678427935,0.15085684210526315,0.0011729786379908555,0.39964842105263154,0.056202767106685245,0.4323642105263158,0.05623077588650195,0.0,0.0,0.4323642105263158,0.05623077588650195,0.12749894736842105,0.000915692230351992,0.45782659414130156,0.00019905580363432387,0.5585560232162502,0.004543101715561764,0.0,0.0
difficulty,9600,1.12,0.0,1468.86,10.500107288081608,1.04,1.5539885205834494e-17,0.017016666666666666,0.0006598272681615423,0.1500375,0.0011567153335249737,0.40009374999999997,0.05629339432627909,0.43285208333333336,0.056320366267906694,0.0,0.0,0.43285208333333336,0.056320366267906694,0.12691249999999998,0.0008990448288647181,0.45779542816204555,0.00019702333398559206,0.5585705348823765,0.004523628701175536,0.0,0.0
difficulty,9700,1.12,0.0,1476.04,10.544520194036757,1.04,1.5539885205834494e-17,0.016907216494845362,0.000652641115868915,0.14918969072164948,0.0011480078049283012,0.4005319587628866,0.05638028680490326,0.43337113402061855,0.05641226095803765,0.0,0.0,0.43337113402061855,0.05641226095803765,0.12630103092783507,0.0008975279766934551,0.45776309336002213,0.00019498941266959087,0.5585898376607136,0.0045036540576183235,0.0,0.0
difficulty,9800,1.12,0.0,1482.7,10.498017305517207,1.04,1.5539885205834494e-17,0.01678979591836735,0.000645324657575878,0.14832857142857142,0.0011314879321621064,0.4010061224489796,0.05647077645059625,0.43387551020408166,0.056503675373262605,0.0,0.0,0.43387551020408166,0.056503675373262605,0.12565102040816328,0.000884381512608734,0.45772427062603444,0.00019309135848057403,0.5586456130106189,0.004486455219304353,0.0,0.0
difficulty,9900,1.12,0.0,1489.64,10.409483901809965,1.04,1.5539885205834494e-17,0.01668080808080808,0.0006386745252504208,0.14751515151515154,0.0011148528664772694,0.4014525252525252,0.0565561220790683,0.43435151515151516,0.05658853211506713,0.0,0.0,0.43435151515151516,0.05658853211506713,0.12504444444444443,0.0008792245092756813,0.4576891309298122,0.00019054713765388295,0.558648295329655,0.0044577864041609044,0.0,0.0
difficulty,10000,1.12,0.0,1496.86,10.472705437644729,1.04,1.5539885205834494e-17,0.016583999999999998,0.0006367158081971605,0.146724,0.0011074941746748719,0.40187399999999995,0.05664218164324289,0.4348179999999999,0.056674202725863244,0.0,0.0,0.4348179999999999,0.056674202725863244,0.12449000000000002,0.000882335722120901,0.4576620029627529,0.0001878018733663717,0.5585501379196238,0.004421019161618669,0.0,0.0
difficulty,10100,1.12,0.0,1503.64,10.49881470472175,1.04,1.5539885205834494e-17,0.016463366336633665,0.0006314877279715536,0.14593069306930695,0.0011001888681016266,0.4023227722772277,0.05672660971688234,0.4352831683168317,0.05676158825478867,0.0,0.0,0.4352831683168317,0.05676158825478867,0.12389900990099009,0.0008740330817629625,0.45763110747115304,0.0001860350520671196,0.5584403620103037,0.004411078394457427,0.0,0.0
difficulty,10200,1.12,0.0,1510.12,10.446233184985966,1.04,1.5539885205834494e-17,0.01636470588235294,0.000624724217101507,0.1451078431372549,0.001080576461694579,0.40270980392156863,0.056806144213321016,0.4358176470588236,0.056836472840217575,0.0,0.0,0.4358176470588236,0.056836472840217575,0.1232862745098039,0.0008564983571346239,0.45759591410352407,0.00018513467624803814,0.55857623976995,0.004397724761548197,0.0,0.0
difficulty,10300,1.12,0.0,1516.58,10.453125301622887,1.04,1.5539885205834494e-17,0.016266019417475727,0.0006181697540091772,0.1443009708737864,0.0010756509361642182,0.40301165048543686,0.056875617069432026,0.4364213592233009,0.05690514254651652,0.0,0.0,0.4364213592233009,0.05690514254651652,0.12267184466019417,0.0008543655096568519,0.45755923628285294,0.00018361667742423777,0.5586181998698746,0.004390828787114813,0.0,0.0
difficulty,10400,1.12,0.0,1522.6,10.482677645155595,1.04,1.5539885205834494e-17,0.016159615384615387,0.0006129847361893368,0.14345,0.0010646398056200336,0.40330961538461535,0.05693871403460163,0.4370807692307692,0.05696617840285467,0.0,0.0,0.4370807692307692,0.05696617840285467,0.12202692307692307,0.0008487847994590729,0.4575241407426771,0.00018124122236232135,0.558541062294236,0.00437245107750159,0.0,0.0
difficulty,10500,1.12,0.0,1529.22,10.54050651302016,1.04,1.5539885205834494e-17,0.016081904761904763,0.0006070711709046723,0.14268380952380952,0.0010613175957761545,0.40353523809523806,0.05699069268185651,0.43769904761904754,0.057024420985378396,0.0,0.0,0.43769904761904754,0.057024420985378396,0.12147809523809526,0.0008437491066389073,0.4574924934118219,0.000179046861096931,0.5585927281005101,0.004353419294710565,0.0,0.0
difficulty,10600,1.12,0.0,1534.92,10.589823378303976,1.04,1.5539885205834494e-17,0.015994339622641508,0.0006001359058330263,0.14183396226415093,0.0010538606506461394,0.40388301886792455,0.057038964406769956,0.438288679245283,0.057066395024793944,0.0,0.0,0.438288679245283,0.057066395024793944,0.12085471698113208,0.0008373444971129531,0.4574558894793141,0.00017716278832138812,0.5587197902460528,0.004327417954264838,0.0,0.0
difficulty,10700,1.12,0.0,1540.82,10.521840841500955,1.04,1.5539885205834494e-17,0.01588411214953271,0.0005946335866201269,0.14104112149532708,0.0010389036459289413,0.4040803738317757,0.05706822519910296,0.4389943925233646,0.057097617416320204,0.0,0.0,0.4389943925233646,0.057097617416320204,0.1202336448598131,0.0008311454085725812,0.45741996860180245,0.00017483987203081004,0.5587001275080368,0.004316024057302003,0.0,0.0
difficulty,10800,1.12,0.0,1546.56,10.531397566034505,1.04,1.5539885205834494e-17,0.01579074074074074,0.0005884516719581963,0.14023518518518516,0.0010280465828949577,0.40427962962962966,0.05709475404600111,0.4396944444444445,0.05711645861972791,0.0,0.0,0.4396944444444445,0.05711645861972791,0.11962777777777778,0.0008258100393567715,0.45738603146438317,0.00017365332655713231,0.5587166144027041,0.0043164328590104325,0.0,0.0
difficulty,10900,1.12,0.0,1551.42,10.53953064051948,1.04,1.5539885205834494e-17,0.01570091743119266,0.000580157517294271,0.1393577981651376,0.001021416444353881,0.4044807339449541,0.05712347906666427,0.4404605504587156,0.05714707473523645,0.0,0.0,0.4404605504587156,0.05714707473523645,0.11895412844036697,0.0008235550471686234,0.45734702322882975,0.00017182168108168124,0.5587513552313635,0.004300348207165253,0.0,0.0
difficulty,11000,1.12,0.0,1557.32,10.57681098499188,1.04,1.5539885205834494e-17,0.015614545454545454,0.0005759300851479976,0.1385890909090909,0.001016856545405937,0.4046181818181819,0.05714028648290943,0.44117818181818175,0.05716094111487436,0.0,0.0,0.44117818181818175,0.05716094111487436,0.11836909090909091,0.0008197569254145116,0.45731269412483966,0.00017002084654529648,0.5587827109524119,0.004271394792300678,0.0,0.0
difficulty,11100,1.12,0.0,1563.36,10.562148822805993,1.04,1.5539885205834494e-17,0.015513513513513513,0.0005694715290225844,0.13785765765765765,0.0010084845181623115,0.40463963963963967,0.05714587938545064,0.4419891891891892,0.05716585678338582,0.0,0.0,0.4419891891891892,0.05716585678338582,0.11781261261261261,0.000811909288378798,0.45728241548348286,0.0001682498985426081,0.5587898417766641,0.004250925865610612,0.0,0.0
difficulty,11200,1.12,0.0,1568.06,10.500511552164632,1.04,1.5539885205834494e-17,0.015423214285714283,0.000564823859069587,0.13701785714285714,0.0009970476513982086,0.40471250000000003,0.05715244625549091,0.4428464285714285,0.05717389227826424,0.0,0.0,0.4428464285714285,0.05717389227826424,0.11716607142857142,0.0008047359961053926,0.4572458305121764,0.00016690988974678414,0.5587977620223625,0.0042368718577618855,0.0,0.0
difficulty,11300,1.12,0.0,1572.82,10.505185891370266,1.04,1.5539885205834494e-17,0.015318584070796462,0.00056164071812254,0.13621238938053096,0.0009870104978560016,0.4046938053097345,0.05714264395650688,0.44377522123893803,0.057164644974760453,0.0,0.0,0.44377522123893803,0.057164644974760453,0.11652389380530974,0.0007995766691336317,0.45720690576927075,0.0001655728631871853,0.558837072987791,0.0042209268378440475,0.0,0.0
difficulty,11400,1.12,0.0,1578.3,10.535663438133955,1.04,1.5539885205834494e-17,0.015231578947368422,0.000558519264840014,0.13546842105263157,0.0009786786426625104,0.4047438596491228,0.0571180437287883,0.4445561403508772,0.05713780885067504,0.0,0.0,0.4445561403508772,0.05713780885067504,0.1159614035087719,0.0007903879815315319,0.4571755920319422,0.00016411803196053425,0.5587915171286213,0.004209980884889247,0.0,0.0
difficulty,11500,1.12,0.0,1582.88,10.539513213403653,1.04,1.5539885205834494e-17,0.015137391304347826,0.0005555217279843528,0.13467478260869567,0.0009713954022073076,0.40486260869565216,0.057094736791978636,0.4453252173913044,0.057116742645265256,0.0,0.0,0.4453252173913044,0.057116742645265256,0.11532695652173913,0.0007866201441033274,0.4571365566505744,0.00016247158060385582,0.5588399642498885,0.0041975795690058154,0.0,0.0
difficulty,11600,1.12,0.0,1587.58,10.596498844198589,1.04,1.5539885205834494e-17,0.01504655172413793,0.0005488976353908699,0.1338896551724138,0.0009616094135478472,0.4050741379310345,0.05705747671700917,0.44598965517241385,0.05707601424522297,0.0,0.0,0.44598965517241385,0.05707601424522297,0.11471206896551724,0.000786334090048291,0.4571021455241283,0.0001615300158164806,0.5587923729632028,0.004186112736947118,0.0,0.0
difficulty,11700,1.12,0.0,1592.32,10.620943499347245,1.04,1.5539885205834494e-17,0.014957264957264958,0.0005439529606108885,0.1331247863247863,0.0009567918892877193,0.40522393162393155,0.057015664754981155,0.4466940170940171,0.05703485213986756,0.0,0.0,0.4466940170940171,0.05703485213986756,0.1141094017094017,0.0007743413772634764,0.457067439447275,0.0001603722510536503,0.5587225220118875,0.004172717108643868,0.0,0.0
difficulty,11800,1.12,0.0,1597.9,10.546389265080833,1.04,1.5539885205834494e-17,0.014869491525423731,0.0005391431966560255,0.1324457627118644,0.0009442478715563164,0.40551355932203387,0.05696892859725634,0.44717118644067794,0.05698405432674924,0.0,0.0,0.44717118644067794,0.05698405432674924,0.11358983050847458,0.0007643272796374736,0.45703868886614674,0.00015863540565164705,0.5586976778497581,0.004141934887851934,0.0,0.0
difficulty,11900,1.12,0.0,1602.2,10.524180127066373,1.04,1.5539885205834494e-17,0.014776470588235294,0.0005348505584979053,0.13167563025210083,0.000934869384660862,0.40589579831932765,0.05692175112081855,0.44765210084033613,0.05693772047551004,0.0,0.0,0.44765210084033613,0.05693772047551004,0.11297310924369747,0.0007544629393065886,0.4570020104373495,0.000158021359574151,0.5586914355196987,0.004129280529370763,0.0,0.0
difficulty,12000,1.12,0.0,1607.24,10.527575452019292,1.04,1.5539885205834494e-17,0.014695,0.0005306619427711666,0.13096833333333335,0.0009250908210607673,0.4063533333333333,0.05686293997925098,0.44798333333333334,0.05687723716663592,0.0,0.0,0.44798333333333334,0.05687723716663592,0.11243,0.0007507643874964234,0.4569714177943083,0.00015672040122501632,0.5586611872208924,0.004125743702711692,0.0,0.0
difficulty,12100,1.12,0.0,1611.6,10.583622311122491,1.04,1.5539885205834494e-17,0.014613223140495868,0.0005278054105691173,0.13021818181818182,0.0009188114300129838,0.40682479338842975,0.05679505225855071,0.44834380165289256,0.05680408148797419,0.0,0.0,0.44834380165289256,0.05680408148797419,0.11183801652892561,0.0007454211487822517,0.4569373110665995,0.0001551146161065309,0.5586565957178747,0.004115424646361824,0.0,0.0
difficulty,12200,1.12,0.0,1616.18,10.626139890834855,1.04,1.5539885205834494e-17,0.014522950819672132,0.0005241544799170216,0.12951639344262295,0.0009167870496902535,0.40732950819672126,0.05672007915406163,0.4486311475409837,0.05672639657236931,0.0,0.0,0.4486311475409837,0.05672639657236931,0.11127704918032787,0.0007403694861828985,0.4569038857781795,0.0001534918543901224,0.5586774128996518,0.0041015463688843165,0.0,0.0
difficulty,12300,1.12,0.0,1619.78,10.625509927739458,1.04,1.5539885205834494e-17,0.01443089430894309,0.0005188674722965969,0.1287382113821138,0.0009099236850760598,0.40780650406504065,0.05664559283242783,0.44902439024390234,0.05665601364721777,0.0,0.0,0.44902439024390234,0.05665601364721777,0.11064878048780485,0.0007378993938457882,0.45686679796117863,0.00015254507282403638,0.5586397863614725,0.004101151762827719,0.0,0.0
difficulty,12400,1.12,0.0,1623.62,10.653193063536376,1.04,1.5539885205834494e-17,0.01434516129032258,0.0005158339347302864,0.12798870967741935,0.0008983144059292491,0.4082725806451613,0.056560167003868074,0.4493935483870968,0.05657282816228276,0.0,0.0,0.4493935483870968,0.05657282816228276,0.11004516129032259,0.0007343985616986791,0.45683154057505754,0.00015148402357821074,0.5586351678706972,0.004088423863531713,0.0,0.0
difficulty,12500,1.12,0.0,1627.4,10.626804768689258,1.04,1.5539885205834494e-17,0.014259200000000001,0.0005105160126613792,0.1272624,0.0008885088889337494,0.4088288,0.056488762123597,0.44964960000000004,0.056496690411978454,0.0,0.0,0.44964960000000004,0.056496690411978454,0.109448,0.000726656755845789,0.45679384139432405,0.00015025569913967274,0.5586530570904256,0.004078020048688628,0.0,0.0
difficulty,12600,1.12,0.0,1631.28,10.601965162465042,1.04,1.5539885205834494e-17,0.014163492063492062,0.0005057055903250967,0.12654761904761902,0.0008806546568763428,0.40926666666666667,0.05639802547949728,0.4500222222222222,0.05640899810472438,0.0,0.0,0.4500222222222222,0.05640899810472438,0.10885714285714286,0.0007216657937619507,0.45675899797895597,0.00014913865147808426,0.5586482567103941,0.004075621185947753,0.0,0.0
difficulty,12700,1.12,0.0,1634.72,10.615392751344913,1.04,1.5539885205834494e-17,0.014074015748031497,0.0005012775821789396,0.12581417322834645,0.0008737699237218112,0.4098015748031496,0.05630377115052344,0.45031023622047245,0.05631206978616646,0.0,0.0,0.45031023622047245,0.05631206978616646,0.10826929133858271,0.0007188141617288045,0.45672693817481474,0.00014816256518729263,0.5585405888292363,0.004074607840489495,0.0,0.0
difficulty,12800,1.12,0.0,1638.36,10.680661907181136,1.04,1.5539885205834494e-17,0.013990625,0.000499176418333136,0.12510625,0.0008696331172452515,0.4102890625000001,0.0562045112735801,0.45061406249999997,0.05621382606017899,0.0,0.0,0.45061406249999997,0.05621382606017899,0.1076953125,0.0007175540807611398,0.4566927389566628,0.00014726734955904506,0.5584866637873069,0.004065668194427954,0.0,0.0
difficulty,12900,1.12,0.0,1641.62,10.650625736144734,1.04,1.5539885205834494e-17,0.013911627906976745,0.0004957541434780425,0.12436899224806201,0.0008624482336133231,0.41075503875968983,0.05611087978914561,0.45096434108527134,0.05611998813164511,0.0,0.0,0.45096434108527134,0.05611998813164511,0.10708837209302326,0.0007122048893143104,0.4566546961115401,0.00014589565895368602,0.558532836582826,0.004055338160188755,0.0,0.0
difficulty,13000,1.12,0.0,1644.4,10.632756472527792,1.04,1.5539885205834494e-17,0.013829230769230767,0.000491366299697286,0.12361384615384617,0.0008527288148001025,0.41125230769230775,0.05602974709083483,0.4513046153846153,0.05604013880385141,0.0,0.0,0.4513046153846153,0.05604013880385141,0.1064723076923077,0.0007052719857216354,0.45661825044180904,0.00014454297428666903,0.5585222696211686,0.00405542994263815,0.0,0.0
difficulty,13100,1.12,0.0,1646.78,10.641938215362455,1.04,1.5539885205834494e-17,0.013738931297709924,0.0004873041161363426,0.12284427480916031,0.0008473999876996952,0.4117435114503817,0.055942760518782816,0.4516732824427481,0.05595498794013327,0.0,0.0,0.4516732824427481,0.05595498794013327,0.10582748091603053,0.0006984955775775101,0.4565782593440646,0.0001434316034031636,0.558536138011345,0.004054936859623246,0.0,0.0
difficulty,13200,1.12,0.0,1649.26,10.593290521912097,1.04,1.5539885205834494e-17,0.013657575757575757,0.00048222776568563886,0.12209242424242425,0.0008371193302474673,0.4122227272727273,0.05584006367813117,0.4520272727272728,0.05585102295775731,0.0,0.0,0.4520272727272728,0.05585102295775731,0.10520000000000002,0.0006908043839980726,0.4565386333705312,0.00014212506280416267,0.5586117342534134,0.004046735034937619,0.0,0.0
difficulty,13300,1.12,0.0,1651.6,10.621234026463117,1.04,1.5539885205834494e-17,0.013569924812030074,0.00047926300667420303,0.12134736842105263,0.000832414926391294,0.41275939849624066,0.05574342781779543,0.4523233082706767,0.05575497789514988,0.0,0.0,0.4523233082706767,0.05575497789514988,0.10457593984962406,0.0006897952493456235,0.4565007853579357,0.0001410179177056077,0.5585626556045762,0.0040330683363899705,0.0,0.0
difficulty,13400,1.12,0.0,1654.1,10.674067373111072,1.04,1.5539885205834494e-17,0.01348507462686567,0.0004760829260421411,0.1206179104477612,0.0008280337607205036,0.4132417910447762,0.05563782498915363,0.452655223880597,0.05564931895815077,0.0,0.0,0.452655223880597,0.05564931895815077,0.1039671641791045,0.0006876832100337041,0.45646389115249314,0.00014020906841146838,0.5585431998945554,0.0040249083921798596,0.0,0.0
difficulty,13500,1.12,0.0,1656.56,10.685720397248062,1.04,1.5539885205834494e-17,0.013401481481481481,0.0004741488981012365,0.1199022222222222,0.0008226747680405015,0.41359999999999997,0.055531641514695466,0.4530962962962963,0.0555473752002052,0.0,0.0,0.4530962962962963,0.0555473752002052,0.10337629629629629,0.0006819712657115662,0.4564284394919504,0.00013927600793218472,0.5585474800172058,0.004019742574257777,0.0,0.0
difficulty,13600,1.12,0.0,1658.28,10.713030021655777,1.04,1.5539885205834494e-17,0.013316176470588234,0.00047083319142334645,0.11913529411764705,0.0008187337860122083,0.41408970588235294,0.05541388350216013,0.45345882352941175,0.055430518953930176,0.0,0.0,0.45345882352941175,0.055430518953930176,0.10273088235294119,0.0006774876547063423,0.4563886052318533,0.00013812957318584207,0.5585531221003941,0.00401544048186513,0.0,0.0
difficulty,13700,1.12,0.0,1660.26,10.733575397616887,1.04,1.5539885205834494e-17,0.013232116788321167,0.00046689270998718325,0.1184029197080292,0.0008109417115979203,0.41459270072992704,0.05529426017435996,0.45377226277372257,0.05530805693283222,0.0,0.0,0.45377226277372257,0.05530805693283222,0.10212116788321168,0.0006733710487197264,0.4563522238594335,0.00013697574951285324,0.5585087067055075,0.00401034847484203,0.0,0.0
difficulty,13800,1.12,0.0,1661.98,10.731091201147576,1.04,1.5539885205834494e-17,0.013149275362318842,0.00046437871110474745,0.11765797101449277,0.0008052724167877929,0.4151724637681159,0.05516818429607884,0.4540202898550725,0.055180581042838954,0.0,0.0,0.4540202898550725,0.055180581042838954,0.10150144927536232,0.0006682594811551684,0.45631596388030393,0.0001358923018793075,0.5584420564949493,0.00400461653001158,0.0,0.0
difficulty,13900,1.12,0.0,1663.84,10.748568390673222,1.04,1.5539885205834494e-17,0.013067625899280573,0.0004607470289759159,0.11693381294964028,0.000799173703354847,0.41567050359712227,0.05503391268016216,0.4543280575539569,0.05504695820924708,0.0,0.0,0.4543280575539569,0.05504695820924708,0.10089208633093527,0.0006648417537220155,0.4562784983227332,0.0001345930661721246,0.5584610943283979,0.004003599269676721,0.0,0.0
difficulty,14000,1.12,0.0,1665.4,10.745592356963893,1.04,1.5539885205834494e-17,0.012984285714285716,0.0004572307222410798,0.11620428571428575,0.0007929169205001833,0.4162542857142857,0.05489807693485589,0.45455714285714277,0.05491110744603139,0.0,0.0,0.45455714285714277,0.05491110744603139,0.10027571428571429,0.0006589088009707172,0.456240801681095,0.00013363271918346645,0.5584510814483875,0.0039968807189973525,0.0,0.0
difficulty,14100,1.12,0.0,1667.26,10.715421273156949,1.04,1.5539885205834494e-17,0.01290496453900709,0.00045377838849703907,0.1155049645390071,0.0007845135736406383,0.4167347517730496,0.05476083714307864,0.4548553191489362,0.054773522446343,0.0,0.0,0.4548553191489362,0.054773522446343,0.09968794326241134,0.0006535449193115994,0.4562045344332833,0.00013256821775949054,0.5584639197429557,0.003985303758690391,0.0,0.0
difficulty,14200,1.12,0.0,1669.04,10.717788379843206,1.04,1.5539885205834494e-17,0.012822535211267605,0.00045041148153020455,0.11481690140845073,0.000778214372184794,0.4172577464788732,0.054629696539827285,0.4551028169014084,0.054643993840270536,0.0,0.0,0.4551028169014084,0.054643993840270536,0.09910422535211266,0.000650335427543167,0.4561685720857263,0.00013167536746898036,0.5585041680827372,0.003973375921572819,0.0,0.0
difficulty,14300,1.12,0.0,1670.78,10.665346899646345,1.04,1.5539885205834494e-17,0.012745454545454544,0.00044671236447507657,0.11412587412587413,0.000770159150190167,0.4177468531468531,0.05450704470339116,0.4553818181818183,0.05451939660582156,0.0,0.0,0.4553818181818183,0.05451939660582156,0.09852727272727271,0.0006414594982957259,0.4561336096266669,0.00013097937950782957,0.5584977267827561,0.00397617865111826,0.0,0.0
difficulty,14400,1.12,0.0,1672.3,10.72579381963053,1.04,1.5539885205834494e-17,0.012663888888888888,0.0004445408058803135,0.11343472222222221,0.0007676141129283926,0.41827499999999995,0.054390609423750944,0.4556263888888889,0.05440493272936086,0.0,0.0,0.4556263888888889,0.05440493272936086,0.09794305555555556,0.0006405378073171564,0.4560984376687999,0.0001304079231744876,0.558480580756838,0.003970512995343389,0.0,0.0
difficulty,14500,1.12,0.0,1673.84,10.724846604678202,1.04,1.5539885205834494e-17,0.012584827586206897,0.0004415474697261312,0.11275310344827587,0.0007627978911084585,0.4187696551724138,0.05428246214713886,0.45589241379310347,0.054299641715500314,0.0,0.0,0.45589241379310347,0.054299641715500314,0.09736827586206896,0.0006357218265661852,0.4560633735302094,0.000129501283772704,0.5585076085237975,0.0039657090390605425,0.0,0.0
difficulty,14600,1.12,0.0,1675.36,10.716181165672321,1.04,1.5539885205834494e-17,0.012502739726027398,0.0004383483452615469,0.11208356164383561,0.0007573413077615883,0.41921369863013697,0.05414797512519997,0.4562,0.05416328152997928,0.0,0.0,0.4562,0.05416328152997928,0.09679863013698631,0.0006301880654140448,0.4560284584234078,0.00012857004629899046,0.5585297729928524,0.003959716765272215,0.0,0.0
difficulty,14700,1.12,0.0,1676.94,10.698213087488309,1.04,1.5539885205834494e-17,0.012429931972789117,0.0004357689449768139,0.1114204081632653,0.0007503125392585395,0.4196489795918367,0.05401555178195813,0.45650068027210894,0.05402952765103546,0.0,0.0,0.45650068027210894,0.05402952765103546,0.09624217687074829,0.0006260542074803994,0.45599446238553426,0.0001279351230022432,0.558533846963139,0.003957577172180484,0.0,0.0
difficulty,14800,1.12,0.0,1678.74,10.724445088160952,1.04,1.5539885205834494e-17,0.012359459459459458,0.00043216018043089804,0.1107783783783784,0.000746977631364799,0.4200297297297297,0.05389134025346681,0.4568324324324325,0.05390420686170444,0.0,0.0,0.4568324324324325,0.05390420686170444,0.09570540540540541,0.0006234509881285542,0.4559631156422227,0.00012668523762082495,0.5583947713023154,0.00394175845166913,0.0,0.0
difficulty,14900,1.12,0.0,1680.28,10.741262799625202,1.04,1.5539885205834494e-17,0.012285906040268458,0.000429998246910269,0.11013825503355705,0.0007442532780993404,0.4204697986577181,0.05376851494582095,0.4571060402684564,0.05378239896551183,0.0,0.0,0.4571060402684564,0.05378239896551183,0.09515973154362416,0.0006196035632134389,0.4559287198599925,0.00012590826941852337,0.5584175675859118,0.003936852821007736,0.0,0.0
difficulty,15000,1.12,0.0,1681.62,10.712033668082006,1.04,1.5539885205834494e-17,0.012212,0.00042661432502076764,0.10948533333333332,0.0007382151423344568,0.42090666666666665,0.05365302460656908,0.45739599999999997,0.053667886829751134,0.0,0.0,0.45739599999999997,0.053667886829751134,0.09460800000000001,0.0006141657764048967,0.4558956460776898,0.0001248125513824311,0.5583705906889356,0.003931745577130282,0.0,0.0
difficulty,15100,1.12,0.0,1683.26,10.73783355187419,1.04,1.5539885205834494e-17,0.012140397350993376,0.000425415375947855,0.1088635761589404,0.0007331097930244147,0.42132847682119207,0.05353600859584441,0.45766754966887413,0.05354795846237183,0.0,0.0,0.45766754966887413,0.05354795846237183,0.09408741721854304,0.0006111403553141608,0.4558646842880302,0.00012423129197584252,0.5583500121617133,0.003930653616873493,0.0,0.0
difficulty,15200,1.12,0.0,1685.02,10.706758879991916,1.04,1.5539885205834494e-17,0.012073684210526316,0.00042226865219971205,0.10825394736842105,0.0007276262374935782,0.421725,0.05341715754670969,0.4579473684210526,0.05342954393791447,0.0,0.0,0.4579473684210526,0.05342954393791447,0.093575,0.0006044325138995216,0.4558332178627173,0.0001235102348813217,0.5583410534900971,0.003925048410102293,0.0,0.0
difficulty,15300,1.12,0.0,1686.58,10.689078538396094,1.04,1.5539885205834494e-17,0.012009150326797386,0.0004197437841208534,0.10763660130718954,0.0007214995143715842,0.4221555555555556,0.053310874213890636,0.45819869281045755,0.05332257494401438,0.0,0.0,0.45819869281045755,0.05332257494401438,0.09305359477124185,0.0005994631617557512,0.4558008602559768,0.00012272924876495668,0.5583667838307943,0.003923780909028534,0.0,0.0
difficulty,15400,1.12,0.0,1688.02,10.672126196359393,1.04,1.5539885205834494e-17,0.011942857142857144,0.00041702655291719074,0.10702727272727273,0.0007182102867680859,0.42262337662337657,0.053197392485439275,0.45840649350649343,0.05320815846425961,0.0,0.0,0.45840649350649343,0.05320815846425961,0.09254025974025976,0.0005948088984244956,0.4557690037784337,0.00012192225031761678,0.5583585072871216,0.003923070777178959,0.0,0.0
difficulty,15500,1.12,0.0,1689.5,10.684730665194845,1.04,1.5539885205834494e-17,0.011870967741935483,0.0004139962491454795,0.10643096774193549,0.0007142385951457168,0.42303483870967745,0.053090360299801374,0.4586632258064515,0.05310079091464851,0.0,0.0,0.4586632258064515,0.05310079091464851,0.09203225806451613,0.0005913295390157204,0.4557377409481773,0.00012123820552612736,0.5583398298611291,0.003917555543288988,0.0,0.0
difficulty,15600,1.12,0.0,1691.26,10.668236661669432,1.04,1.5539885205834494e-17,0.011807692307692307,0.00041059558846881923,0.1058525641025641,0.0007111234829702735,0.42343974358974357,0.05298973184232581,0.45890000000000003,0.053001175841765016,0.0,0.0,0.45890000000000003,0.053001175841765016,0.09154615384615386,0.0005879909341991353,0.4557073128459278,0.00012053081672432599,0.5583735033741335,0.003920465957159274,0.0,0.0
difficulty,15700,1.12,0.0,1692.74,10.675350589281908,1.04,1.5539885205834494e-17,0.011741401273885352,0.00040786508493567024,0.1052687898089172,0.0007087532916368037,0.42382547770700635,0.052896122834562444,0.4591643312101911,0.052907129211546264,0.0,0.0,0.4591643312101911,0.052907129211546264,0.09105477707006368,0.0005851733081799149,0.45567744542834276,0.00011987812463451364,0.5583703877371846,0.003920807846264396,0.0,0.0
difficulty,15800,1.12,0.0,1694.24,10.64666509058214,1.04,1.5539885205834494e-17,0.01167594936708861,0.00040520147475081407,0.10469113924050634,0.0007006308986465759,0.42419746835443034,0.052801146192206376,0.45943544303797473,0.052810893794305355,0.0,0.0,0.45943544303797473,0.052810893794305355,0.09056455696202531,0.0005796381907971344,0.45564740654528646,0.0001191288854598627,0.558343808770879,0.00391953905943952,0.0,0.0
difficulty,15900,1.12,0.0,1695.78,10.696644142831309,1.04,1.5539885205834494e-17,0.011608805031446541,0.00040322541241820755,0.1041245283018868,0.0006956594067307667,0.4245798742138365,0.052705749033858405,0.4596867924528301,0.05271389956888667,0.0,0.0,0.4596867924528301,0.05271389956888667,0.0900880503144654,0.000580204636219179,0.4556192488921885,0.0001185605922420405,0.5582792610945758,0.003914432754737284,0.0,0.0
difficulty,16000,1.12,0.0,1697.12,10.689786848068714,1.04,1.5539885205834494e-17,0.011551249999999999,0.00040075936371099404,0.10354750000000001,0.0006896893710732597,0.42494875,0.05260576535662586,0.45995249999999993,0.052614675369954664,0.0,0.0,0.45995249999999993,0.052614675369954664,0.08960750000000002,0.0005775869048490115,0.4555900525692217,0.0001177589255792109,0.5582811444885407,0.003913455996619994,0.0,0.0
difficulty,16100,1.12,0.0,1698.92,10.719040468783973,1.04,1.5539885205834494e-17,0.011486956521739129,0.00039820184921488867,0.1030136645962733,0.0006875197828705414,0.4253788819875776,0.05251014418931285,0.46012049689441,0.052518566449774186,0.0,0.0,0.46012049689441,0.052518566449774186,0.08915279503105589,0.0005751222884213775,0.45556199521628193,0.00011687084777639372,0.5582527075994322,0.003907163070391494,0.0,0.0
difficulty,16200,1.12,0.0,1700.56,10.744268904197916,1.04,1.5539885205834494e-17,0.011425925925925926,0.0003967401436934624,0.10247407407407406,0.0006850548610735692,0.4256629629629629,0.05242158012090321,0.46043703703703703,0.052431395103932625,0.0,0.0,0.46043703703703703,0.052431395103932625,0.08869753086419753,0.0005733150051681888,0.4555338931005193,0.00011593792325982758,0.5582473411008381,0.0038976814386050777,0.0,0.0
difficulty,16300,1.12,0.0,1702.08,10.7314848621679,1.04,1.5539885205834494e-17,0.011365644171779144,0.0003939731354586131,0.10193374233128834,0.0006797758448026751,0.42607361963190177,0.05232487148587194,0.46062699386503064,0.052335190033608425,0.0,0.0,0.46062699386503064,0.052335190033608425,0.0882368098159509,0.0005684955347416462,0.45550487628665787,0.00011539012481428169,0.5582935397079413,0.0039037442492280638,0.0,0.0
difficulty,16400,1.12,0.0,1703.66,10.703713259940235,1.04,1.5539885205834494e-17,0.011302439024390242,0.00039147376511578907,0.10140609756097559,0.000674509497753696,0.42637926829268297,0.05222984198771892,0.4609121951219512,0.052239537966288024,0.0,0.0,0.4609121951219512,0.052239537966288024,0.08778780487804878,0.0005641615333785437,0.4554772187523591,0.00011478206960553966,0.558296677339935,0.003899765780893605,0.0,0.0
difficulty,16500,1.12,0.0,1705.2,10.720912236543747,1.04,1.5539885205834494e-17,0.01124121212121212,0.00038987673435776903,0.10088000000000001,0.0006718664702808666,0.4267878787878787,0.05213416148410554,0.4610909090909091,0.05214130328568757,0.0,0.0,0.4610909090909091,0.05214130328568757,0.08734181818181817,0.0005613462094930047,0.4554499540845455,0.00011413584133160064,0.5583091796878602,0.003899776120722819,0.0,0.0
difficulty,16600,1.12,0.0,1706.7,10.708731893903694,1.04,1.5539885205834494e-17,0.011181927710843373,0.0003876069999353762,0.10035783132530121,0.0006681276877939736,0.42718192771084335,0.052047267812781746,0.4612783132530121,0.0520533544693604,0.0,0.0,0.4612783132530121,0.0520533544693604,0.08690361445783132,0.0005568085988460103,0.455423914339668,0.00011337851808588391,0.5582543497853638,0.0038928788696550773,0.0,0.0
difficulty,16700,1.12,0.0,1708.62,10.769036869750275,1.04,1.5539885205834494e-17,0.011125748502994012,0.00038510024409134196,0.09986467065868262,0.0006649008478299731,0.42761796407185626,0.05194873234942802,0.46139161676646706,0.05195734714382311,0.0,0.0,0.46139161676646706,0.05195734714382311,0.08648982035928145,0.0005561884095884973,0.45539849343213207,0.00011278001680236863,0.5582725868603604,0.003889994394318611,0.0,0.0
difficulty,16800,1.12,0.0,1710.06,10.743024694742012,1.04,1.5539885205834494e-17,0.011070238095238091,0.00038350053545846814,0.09934642857142856,0.0006602703400005183,0.4279916666666667,0.05185496087419985,0.4615916666666666,0.051863510892715244,0.0,0.0,0.4615916666666666,0.051863510892715244,0.08605357142857145,0.0005517947496489986,0.4553718586809108,0.00011196400771526529,0.5582421268179946,0.0038850313683440173,0.0,0.0
difficulty,16900,1.12,0.0,1711.54,10.717874065774234,1.04,1.5539885205834494e-17,0.011011834319526626,0.00038131286286815114,0.09883905325443786,0.0006544345505968703,0.4283585798816569,0.0517720169994735,0.46179053254437874,0.05177918208956187,0.0,0.0,0.46179053254437874,0.05177918208956187,0.08562840236686389,0.0005466464371898154,0.45534635996161626,0.0001112762763615306,0.5582401554889196,0.0038792198271694147,0.0,0.0
difficulty,17000,1.12,0.0,1712.96,10.700255957266648,1.04,1.5539885205834494e-17,0.010952941176470587,0.000379135972798206,0.0983364705882353,0.0006497315530468298,0.42878588235294113,0.05168408405107761,0.46192470588235296,0.05168877818619855,0.0,0.0,0.46192470588235296,0.05168877818619855,0.08520470588235295,0.000544694032991924,0.45532109830827444,0.00011053973872745717,0.558170833799283,0.003873326811201559,0.0,0.0
difficulty,17100,1.12,0.0,1714.48,10.730473105190866,1.04,1.5539885205834494e-17,0.010892397660818714,0.00037664395216750106,0.09784795321637428,0.0006497090579073827,0.42919766081871347,0.05159332176751812,0.4620619883040936,0.05159875558845733,0.0,0.0,0.4620619883040936,0.05159875558845733,0.0847894736842105,0.0005432201947018061,0.4552958050444951,0.00010985420587815741,0.5581426502778567,0.0038737329890676706,0.0,0.0
difficulty,17200,1.12,0.0,1716.04,10.731109077854738,1.04,1.5539885205834494e-17,0.010840697674418604,0.0003745845702793796,0.09736162790697672,0.0006446764242378342,0.4296546511627906,0.05150290330266068,0.462143023255814,0.05150741928150143,0.0,0.0,0.462143023255814,0.05150741928150143,0.08438139534883722,0.000539710582982078,0.45527069221691724,0.00010911055658905492,0.5581496049083793,0.0038635005061200874,0.0,0.0
difficulty,17300,1.12,0.0,1717.68,10.709234618890791,1.04,1.5539885205834494e-17,0.010781502890173409,0.0003721776859342583,0.09689479768786127,0.0006383342214920752,0.43005317919075137,0.051407348839617915,0.46227052023121395,0.05141134962005004,0.0,0.0,0.46227052023121395,0.05141134962005004,0.08398381502890173,0.000537591509128617,0.4552460245883961,0.00010852409160394342,0.5581803416417815,0.003855292047319696,0.0,0.0
difficulty,17400,1.12,0.0,1719.18,10.732468000779463,1.04,1.5539885205834494e-17,0.010733333333333334,0.00037012004198467614,0.09641264367816092,0.0006343746614495817,0.4304655172413793,0.05132273766773418,0.4623885057471264,0.051325978183221474,0.0,0.0,0.4623885057471264,0.051325978183221474,0.08358505747126438,0.00053872522678242,0.45522200296727994,0.00010807253357657807,0.5581785309692061,0.003854195660524472,0.0,0.0
difficulty,17500,1.12,0.0,1720.8,10.751250520525602,1.04,1.5539885205834494e-17,0.010685714285714284,0.0003679378467332839,0.095944,0.0006326219663194502,0.4309005714285714,0.05123167594598972,0.4624697142857144,0.05123553533833799,0.0,0.0,0.4624697142857144,0.05123553533833799,0.08319542857142859,0.0005351064680151231,0.4551982904005489,0.00010753558603495923,0.558184199085256,0.0038585841999503306,0.0,0.0
difficulty,17600,1.12,0.0,1722.52,10.718484510605109,1.04,1.5539885205834494e-17,0.0106375,0.00036571144508240426,0.09549090909090908,0.0006284182121142868,0.4312420454545455,0.0511352852135821,0.4626295454545455,0.05114077887659125,0.0,0.0,0.4626295454545455,0.05114077887659125,0.08281477272727272,0.0005314152821474447,0.4551746062864969,0.00010696375181232568,0.5581698119973779,0.00385385653024356,0.0,0.0
difficulty,17700,1.12,0.0,1724.46,10.74411884688169,1.04,1.5539885205834494e-17,0.010585310734463277,0.0003633494788793418,0.0950542372881356,0.0006256459732086687,0.43153672316384184,0.05104076183988934,0.4628237288135593,0.05104296841268289,0.0,0.0,0.4628237288135593,0.05104296841268289,0.08244858757062147,0.0005283424164642793,0.45515295172340386,0.00010635969176484731,0.5581078109711062,0.0038444695590321965,0.0,0.0
difficulty,17800,1.12,0.0,1726.08,10.76069340000818,1.04,1.5539885205834494e-17,0.010531460674157302,0.0003609209509957556,0.09460898876404494,0.0006239026369848988,0.4318696629213483,0.050946241629129085,0.4629898876404494,0.05094583490699397,0.0,0.0,0.4629898876404494,0.05094583490699397,0.08207415730337081,0.0005257767427481544,0.45513020435152235,0.00010581738560350978,0.5580758665063759,0.0038440629059175897,0.0,0.0
difficulty,17900,1.12,0.0,1727.68,10.788143151305567,1.04,1.5539885205834494e-17,0.010482681564245809,0.00035898821028774026,0.0941608938547486,0.0006232509100122016,0.43221229050279336,0.05084976854383282,0.46314413407821237,0.05084802919391581,0.0,0.0,0.46314413407821237,0.05084802919391581,0.08169832402234638,0.0005233780128946885,0.4551072949207002,0.00010535000819511861,0.5580800000315468,0.003846429251323288,0.0,0.0
difficulty,18000,1.12,0.0,1729.38,10.780325616982228,1.04,1.5539885205834494e-17,0.010435555555555554,0.0003570241778121672,0.09372555555555556,0.0006192071629979638,0.4325477777777778,0.05075487215174852,0.4632911111111111,0.05075476613195651,0.0,0.0,0.4632911111111111,0.05075476613195651,0.08133777777777779,0.0005225136447446311,0.4550862717323267,0.00010485198415856763,0.5580405013600112,0.003841851744855996,0.0,0.0
difficulty,18100,1.12,0.0,1731.02,10.837594808096942,1.04,1.5539885205834494e-17,0.010387845303867403,0.00035469402507111106,0.09329392265193372,0.0006190017216243039,0.4328408839779005,0.05065651821478466,0.4634773480662983,0.0506548598490532,0.0,0.0,0.4634773480662983,0.0506548598490532,0.08097016574585636,0.0005193110109287868,0.4550625999334009,0.00010409763361960737,0.5580929101722722,0.003835666981999092,0.0,0.0
difficulty,18200,1.12,0.0,1732.52,10.900411525652205,1.04,1.5539885205834494e-17,0.010334065934065934,0.00035313042690797344,0.09286483516483517,0.0006180898991508416,0.43310000000000004,0.05055132781428912,0.4637010989010989,0.05055054875022242,0.0,0.0,0.4637010989010989,0.05055054875022242,0.0806043956043956,0.0005187236993340223,0.45504008937911145,0.00010357490326083594,0.5580723770725383,0.003833769276255402,0.0,0.0
difficulty,18300,1.12,0.0,1734.1,10.893220134467086,1.04,1.5539885205834494e-17,0.010285245901639343,0.0003519337980292967,0.0924382513661202,0.0006148290897595931,0.4333409836065574,0.050451289472041166,0.46393551912568304,0.05045387796208245,0.0,0.0,0.46393551912568304,0.05045387796208245,0.08024262295081969,0.0005153505861134316,0.45501766477676164,0.00010300038510027922,0.5580717112614662,0.0038270805088406828,0.0,0.0
difficulty,18400,1.12,0.0,1735.56,10.927074033737279,1.04,1.5539885205834494e-17,0.01023804347826087,0.00035014715391819767,0.09200760869565217,0.0006116700090987484,0.43362717391304345,0.050357199687828834,0.4641271739130435,0.05035965827941453,0.0,0.0,0.4641271739130435,0.05035965827941453,0.07987826086956522,0.0005135728661513192,0.4549949357032569,0.00010241583291428308,0.5580696111761102,0.003830095888548327,0.0,0.0
difficulty,18500,1.12,0.0,1736.86,10.922360887049043,1.04,1.5539885205834494e-17,0.010190270270270273,0.0003495681849830674,0.09157513513513514,0.0006079020500305859,0.4338551351351352,0.0502605091897541,0.4643794594594594,0.050261581097935076,0.0,0.0,0.4643794594594594,0.050261581097935076,0.07951351351351352,0.0005113368680088341,0.45497278989682644,0.00010190013350334387,0.5580539145908412,0.0038293258444794197,0.0,0.0
difficulty,18600,1.12,0.0,1738.72,10.91982058610182,1.04,1.5539885205834494e-17,0.010146236559139786,0.0003490191142454498,0.0911731182795699,0.0006045960598777022,0.43404301075268825,0.05015508930946995,0.4646376344086021,0.0501568844319042,0.0,0.0,0.4646376344086021,0.0501568844319042,0.07917956989247311,0.0005102547958400592,0.4549529378832707,0.0001015623994803686,0.5580315517889151,0.0038248847247917897,0.0,0.0
difficulty,18700,1.12,0.0,1740.32,10.93410466832832,1.04,1.5539885205834494e-17,0.01009625668449198,0.0003467421299491011,0.09077219251336897,0.0006011968936069393,0.43424705882352943,0.05005297732107995,0.4648844919786096,0.050053082341179785,0.0,0.0,0.4648844919786096,0.050053082341179785,0.07883957219251338,0.0005085816884152147,0.4549324046713352,0.00010114961965561568,0.5579766963814443,0.003817494962670142,0.0,0.0
difficulty,18800,1.12,0.0,1741.78,10.980921860115352,1.04,1.5539885205834494e-17,0.010045744680851064,0.0003454063610769359,0.09037021276595744,0.0006010536659671942,0.4344553191489362,0.04995411502998865,0.4651287234042553,0.049954788321201364,0.0,0.0,0.4651287234042553,0.049954788321201364,0.07849468085106384,0.0005080064295095281,0.4549110833781738,0.00010080315592616833,0.5579738258953281,0.003821858470829698,0.0,0.0
difficulty,18900,1.12,0.0,1743.16,11.014400962895285,1.04,1.5539885205834494e-17,0.010006349206349208,0.0003435543028610381,0.08995238095238096,0.0005978721309028567,0.43467301587301593,0.0498568051358801,0.46536825396825393,0.049857818438105744,0.0,0.0,0.46536825396825393,0.049857818438105744,0.07814920634920636,0.0005093394089476941,0.45489019708027,0.00010032185597129407,0.5579739439722876,0.0038176793493973015,0.0,0.0
difficulty,19000,1.12,0.0,1745.18,11.040100931215646,1.04,1.5539885205834494e-17,0.00996421052631579,0.000341387961548992,0.08958105263157895,0.0005954031988408294,0.4348599999999999,0.04975679281175452,0.46559473684210523,0.0497584943521199,0.0,0.0,0.46559473684210523,0.0497584943521199,0.07783894736842106,0.0005069329060389106,0.4548710286294888,9.95984697187085e-05,0.5579762607906185,0.0038135964863311475,0.0,0.0
difficulty,19100,1.12,0.0,1746.96,11.029791198275287,1.04,1.5539885205834494e-17,0.009918324607329844,0.0003392700496778251,0.08920314136125652,0.0005904797632276862,0.43504712041884813,0.049666819593679884,0.4658314136125654,0.049666825628402404,0.0,0.0,0.4658314136125654,0.049666825628402404,0.07752146596858639,0.0005039263560458017,0.4548520188347415,9.905698952426081e-05,0.5579277324948194,0.0038074713113057093,0.0,0.0
difficulty,19200,1.12,0.0,1748.28,11.02124256856286,1.04,1.5539885205834494e-17,0.009871875,0.0003376245426650842,0.08880520833333333,0.0005871821106787829,0.4352729166666666,0.04957279352353936,0.46605,0.04957349063757528,0.0,0.0,0.46605,0.04957349063757528,0.077184375,0.0004998192922100572,0.4548315739558991,9.855568004696622e-05,0.5579207903506115,0.0038071965785952703,0.0,0.0
difficulty,19300,1.12,0.0,1749.78,11.007095670613605,1.04,1.5539885205834494e-17,0.009826943005181346,0.0003361699871193607,0.08842072538860105,0.0005844919546419575,0.4355056994818653,0.04947123865215541,0.4662466321243523,0.04947423224713363,0.0,0.0,0.4662466321243523,0.04947423224713363,0.07686010362694301,0.0004961763471393716,0.45481184444929545,9.814730820592737e-05,0.5578821218628586,0.0038085410018356947,0.0,0.0
difficulty,19400,1.12,0.0,1751.3,11.005536640014148,1.04,1.5539885205834494e-17,0.009784536082474227,0.00033415841731383473,0.0880360824742268,0.0005814194426991457,0.43574948453608253,0.049370745219794496,0.46642989690721653,0.04937322602269962,0.0,0.0,0.46642989690721653,0.04937322602269962,0.07653917525773196,0.0004932275301614905,0.4547928485496157,9.755616456147056e-05,0.5578353375215303,0.003802112739191946,0.0,0.0
difficulty,19500,1.12,0.0,1753.06,11.042123797494016,1.04,1.5539885205834494e-17,0.00973948717948718,0.0003325679414537041,0.08767179487179487,0.0005808909427116222,0.4360051282051281,0.04926787610918933,0.4665835897435898,0.049269851962097454,0.0,0.0,0.4665835897435898,0.049269851962097454,0.0762276923076923,0.0004924759000971197,0.45477366347647274,9.722719366892439e-05,0.5577873625266011,0.0038050372356010016,0.0,0.0
difficulty,19600,1.12,0.0,1754.94,11.023589178091992,1.04,1.5539885205834494e-17,0.00969795918367347,0.000330437374374989,0.08731530612244898,0.0005769904878788028,0.4362571428571429,0.04915930919183341,0.4667295918367347,0.049162251103990806,0.0,0.0,0.4667295918367347,0.049162251103990806,0.07592755102040816,0.0004896563949895323,0.45475531238434724,9.662894406509548e-05,0.5577678485644091,0.0038023387320889196,0.0,0.0
difficulty,19700,1.12,0.0,1756.4,11.015239906787398,1.04,1.5539885205834494e-17,0.009650761421319798,0.0003287081984312036,0.08694923857868021,0.0005733087857508757,0.4365878172588832,0.04905272429036963,0.4668121827411167,0.04905689114406236,0.0,0.0,0.4668121827411167,0.04905689114406236,0.07561319796954315,0.0004887494054456733,0.4547362419796013,9.622218715580697e-05,0.5577336907199065,0.00379419062056607,0.0,0.0
difficulty,19800,1.12,0.0,1758.04,11.0713072804416,1.04,1.5539885205834494e-17,0.00961010101010101,0.00032634504116812514,0.086589898989899,0.000572226475157966,0.43678686868686867,0.04894800159952297,0.4670131313131312,0.0489516364340721,0.0,0.0,0.4670131313131312,0.0489516364340721,0.07530606060606061,0.0004895889546369887,0.4547168603552903,9.584259045718801e-05,0.5577639605710482,0.003791394193749724,0.0,0.0
difficulty,19900,1.12,0.0,1759.92,11.093548042139869,1.04,1.5539885205834494e-17,0.009570854271356784,0.0003251338941398278,0.08624221105527637,0.0005691555110808969,0.4370633165829146,0.04884718315065217,0.4671236180904523,0.04884965434038983,0.0,0.0,0.4671236180904523,0.04884965434038983,0.07501809045226132,0.0004884991186489611,0.4546997072115479,9.53688900124735e-05,0.5577180785424709,0.003783189445788355,0.0,0.0
difficulty,20000,1.12,0.0,1761.7,11.083330008694707,1.04,1.5539885205834494e-17,0.009535,0.00032331273165308477,0.085891,0.0005666274916430673,0.437355,0.04875054522458059,0.467219,0.04875217234071499,0.0,0.0,0.467219,0.04875217234071499,0.074721,0.00048632123842042463,0.4546806458102974,9.484916725259553e-05,0.5577633924794452,0.003779856434280019,0.0,0.0
extrinsic,100,0.4046960234483939,0.01611100886494058,62.02,1.2598963352237371,0.32469602344839393,0.01611100886494058,0.4384,0.03122578735465876,0.48800000000000004,0.029971414953013385,0.0346,0.00274360108958564,0.039,0.003106937595847364,0.0,0.0,0.039,0.003106937595847364,0.4384,0.03122578735465876,0.4427898943431055,0.004486191422830424,0.46685010971320495,0.013195858638068598,0.0,0.0
extrinsic,200,0.6600753077377489,0.016021601097646585,140.04,1.0352797117845267,0.5800753077377488,0.016021601097646585,0.37979999999999997,0.024221747691372104,0.5588000000000001,0.023751502637749475,0.0296,0.0019264008949757226,0.031799999999999995,0.002003873799439883,0.0,0.0,0.031799999999999995,0.002003873799439883,0.37979999999999997,0.024221747691372104,0.45309916197023986,0.0020893704649765825,0.41354811497518257,0.009588017123139125,0.0,0.0
extrinsic,300,0.8409839269267345,0.014610876957638984,227.56,0.8788489689383959,0.7609839269267346,0.014610876957638982,0.35033333333333333,0.01983429083608793,0.5939333333333333,0.019867974663602732,0.02666666666666667,0.0016078040967746794,0.029066666666666668,0.0014476190476190476,0.0,0.0,0.029066666666666668,0.0014476190476190476,0.35033333333333333,0.01983429083608793,0.4651609016492744,0.0012332972478802386,0.40283152856736243,0.006527200897782937,0.0,0.0
extrinsic,400,0.9935474850930995,0.012639588906382304,318.04,1.0097322336508177,0.9135474850930996,0.012639588906382303,0.31075,0.018586429381214055,0.63675,0.01838716971706308,0.025549999999999996,0.001420135808394998,0.026949999999999998,0.0013387665660477732,0.0,0.0,0.026949999999999998,0.0013387665660477732,0.3141,0.018162919166616946,0.4738854898975692,0.0012371001036024921,0.42031281902945017,0.008902889324158787,0.0,0.0
extrinsic,500,1.0723809627193661,0.009060807331587218,411.16,1.2924774501644791,0.9923809627193662,0.009060807331587217,0.28308,0.01904779895153136,0.6675599999999998,0.01887758978043456,0.024400000000000005,0.0012148738071696742,0.024960000000000003,0.001176976409868845,0.0,0.0,0.024960000000000003,0.001176976409868845,0.32943999999999996,0.015787056439387555,0.4822178912046914,0.0015399785739171961,0.4359576792984942,0.012246969523538521,0.0,0.0
extrinsic,600,1.1052643684752654,0.005131730101696789,504.84,1.5715220751402321,1.0252643684752656,0.005131730101696788,0.25720000000000004,0.019521279743187722,0.6952666666666667,0.019472136031587626,0.023466666666666667,0.0009895600158369934,0.024066666666666667,0.0010401901099571212,0.0,0.0,0.024066666666666667,0.0010401901099571212,0.3865666666666667,0.01285047534347613,0.4887545530564668,0.0019020779101952203,0.4470420890049907,0.014876375434852993,0.0,0.0
extrinsic,700,1.1167200411337577,0.0016462572791346231,598.9,1.9908463998398025,1.0367200411337578,0.0016462572791346231,0.23554285714285716,0.020095218566767256,0.7187142857142856,0.02007322081993315,0.022714285714285715,0.0008991179906902322,0.02302857142857143,0.0009577844766474285,0.0,0.0,0.02302857142857143,0.0009577844766474285,0.4545142857142858,0.010617138589096168,0.49382921002373353,0.0020767402657427413,0.45558180751001937,0.017091465252606505,0.0,0.0
extrinsic,800,1.1192602810925951,0.00043808624280666997,693.66,2.3007736054800065,1.0392602810925953,0.0004380862428066709,0.220725,0.021190224751049716,0.7352500000000002,0.02121188057554116,0.0222,0.0007998405453333706,0.021824999999999997,0.0008558099755703448,0.0,0.0,0.021824999999999997,0.0008558099755703448,0.514475,0.009283247611934619,0.49782899963592153,0.00214741604553102,0.461747986703798,0.01866038025483124,0.0,0.0
extrinsic,900,1.12,0.0,788.58,2.3171217191214817,1.04,1.7943913813528857e-17,0.20848888888888883,0.022305394466877362,0.7485555555555555,0.022281378178987305,0.021599999999999998,0.0007288877827545394,0.02135555555555556,0.0007521130056667155,0.0,0.0,0.02135555555555556,0.0007521130056667155,0.5619333333333334,0.008306900481889992,0.5010932812618571,0.0021199686065004686,0.4658335959225252,0.019708336183777948,0.0,0.0
extrinsic,1000,1.12,0.0,883.16,2.4041392876216037,1.04,1.7943913813528857e-17,0.19821999999999995,0.023266956336032808,0.7595400000000001,0.02322896169062427,0.021359999999999997,0.0006284155650912695,0.020879999999999996,0.0006902469241702787,0.0,0.0,0.020879999999999996,0.0006902469241702787,0.6000800000000001,0.007440256743430516,0.5038508930332383,0.002036354915165937,0.4684576001523112,0.020370984835482595,0.0,0.0
extrinsic,1100,1.12,0.0,978.62,2.4587851654416495,1.04,1.7943913813528857e-17,0.19050909090909088,0.024131815447287,0.7681818181818183,0.024116921581349714,0.0208,0.0005729848936156068,0.020509090909090907,0.0006352547985911438,0.0,0.0,0.020509090909090907,0.0006352547985911438,0.6317999999999999,0.006823979724087055,0.5064515869210935,0.0018944627767158932,0.46854347233272803,0.02071970744804135,0.0,0.0
extrinsic,1200,1.12,0.0,1073.32,2.5321508160261783,1.04,1.7943913813528857e-17,0.18381666666666668,0.02494522445992437,0.7752833333333333,0.024943878163251384,0.020433333333333335,0.0005409741779646139,0.020466666666666668,0.0005986379097073417,0.0,0.0,0.020466666666666668,0.0005986379097073417,0.6579333333333333,0.0063044561859413005,0.5085700582866466,0.0017820090476763854,0.46877772891582853,0.021112850042992824,0.0,0.0
extrinsic,1300,1.12,0.0,1168.68,2.5827433603256287,1.04,1.7943913813528857e-17,0.17721538461538458,0.025251894992265402,0.7824615384615383,0.025233382335870063,0.01993846153846154,0.0005044614384003906,0.020384615384615383,0.0005565475719604659,0.0,0.0,0.020384615384615383,0.0005565475719604659,0.6804307692307693,0.0058347885890992785,0.5104715763451292,0.0016822373793249261,0.46811706678973886,0.021397611040947097,0.0,0.0
extrinsic,1400,1.12,0.0,1263.92,2.6649409381976237,1.04,1.7943913813528857e-17,0.1700428571428571,0.025036237044487573,0.7899428571428573,0.025014113800269397,0.019985714285714287,0.0005058960981671777,0.02002857142857143,0.0005206921993980248,0.0,0.0,0.02002857142857143,0.0005206921993980248,0.6994714285714286,0.005438796952134477,0.5121024974275986,0.001599220491860631,0.46693898738522166,0.02156384327500513,0.0,0.0
extrinsic,1500,1.12,0.0,1359.18,2.7512802214865095,1.04,1.7943913813528857e-17,0.16305333333333333,0.024611109266340025,0.7972666666666666,0.02457957229387159,0.01982666666666667,0.0004844278014158359,0.019853333333333334,0.0005004451533124514,0.0,0.0,0.019853333333333334,0.0005004451533124514,0.7159466666666667,0.005069524435737058,0.5135513332268421,0.0015252323445125776,0.46603889264039944,0.02170678203222222,0.0,0.0
extrinsic,1600,1.12,0.0,1454.3,2.839840466919052,1.04,1.7943913813528857e-17,0.15740000000000004,0.024047143323913056,0.803275,0.02400356425489297,0.019825000000000002,0.0004864359135170672,0.019500000000000003,0.0004860949138862928,0.0,0.0,0.019500000000000003,0.0004860949138862928,0.7305749999999999,0.004765443476803837,0.5148811899647481,0.0014653082738977476,0.464277713069937,0.021836366004291577,0.0,0.0
extrinsic,1700,1.12,0.0,1550.04,2.8356275625457914,1.04,1.7943913813528857e-17,0.15292941176470587,0.023364430544009804,0.8082117647058823,0.023309912309220922,0.01951764705882353,0.0004620137192642253,0.019341176470588237,0.00044391387643802105,0.0,0.0,0.019341176470588237,0.00044391387643802105,0.7436235294117647,0.004497466430500855,0.5161656579727639,0.0013947855686915484,0.45963286694280414,0.021555252312198556,0.0,0.0
extrinsic,1800,1.12,0.0,1644.92,2.824071456574131,1.04,1.7943913813528857e-17,0.1483,0.02288665098145398,0.8127555555555556,0.022843321217875443,0.019466666666666667,0.000446130588381524,0.019477777777777778,0.0004063647070456232,0.0,0.0,0.019477777777777778,0.0004063647070456232,0.7547444444444444,0.004250152576811553,0.5172658268958599,0.0013405803091919145,0.45452633472349985,0.021248782927059645,0.0,0.0
extrinsic,1900,1.12,0.0,1740.84,2.8799603171869275,1.04,1.7943913813528857e-17,0.14300000000000002,0.0223691842922797,0.818421052631579,0.022338314230521985,0.01925263157894737,0.00044838514654307464,0.019326315789473688,0.00038486840957705593,0.0,0.0,0.019326315789473688,0.00038486840957705593,0.7651473684210527,0.004006532344842283,0.5183239866381105,0.0012905923674584373,0.449381657051645,0.020873787389905075,0.0,0.0
extrinsic,2000,1.12,0.0,1836.46,2.906180605930353,1.04,1.7943913813528857e-17,0.13761,0.021463867550003228,0.82406,0.02144202263532705,0.01921,0.0004472341303466661,0.019119999999999998,0.0003842724373702191,0.0,0.0,0.019119999999999998,0.0003842724373702191,0.7741800000000002,0.0038306700005431463,0.5191996083776553,0.0012442029919013447,0.4448129771265171,0.020480797179821555,0.0,0.0
extrinsic,2100,1.12,0.0,1932.62,2.9916741610199273,1.04,1.7943913813528857e-17,0.13195238095238093,0.020457393003557738,0.8299904761904762,0.020425201459077426,0.019171428571428572,0.00044124653568321763,0.018885714285714287,0.0003637032698368012,0.0,0.0,0.018885714285714287,0.0003637032698368012,0.7826571428571428,0.0036507255102723895,0.5201581912855787,0.0011923415424742662,0.439201137163522,0.020034416711305153,0.0,0.0
extrinsic,2200,1.12,0.0,2028.74,3.0073121771130187,1.04,1.7943913813528857e-17,0.1267181818181818,0.01953234789442498,0.8355272727272728,0.019496410661263425,0.01902727272727273,0.00042975240668408993,0.018727272727272728,0.00034629328898632165,0.0,0.0,0.018727272727272728,0.00034629328898632165,0.7903363636363635,0.003505214052289776,0.5210161742175985,0.0011424890773067736,0.4333710427071912,0.019672031190782514,0.0,0.0
extrinsic,2300,1.12,0.0,2124.28,3.063017053394864,1.04,1.7943913813528857e-17,0.12207826086956523,0.018680211902749055,0.8403304347826086,0.018655471813982392,0.018982608695652173,0.0004096761822261571,0.018608695652173914,0.0003356336915802806,0.0,0.0,0.018608695652173914,0.0003356336915802806,0.7972347826086957,0.003351016813429269,0.5217714393844787,0.0011020494761911047,0.42826820401604193,0.019341778207800763,0.0,0.0
extrinsic,2400,1.12,0.0,2220.16,3.0623933550777713,1.04,1.7943913813528857e-17,0.11838333333333333,0.017893532921370314,0.8442583333333333,0.017877874037537034,0.018775,0.0004037820773466729,0.018583333333333334,0.00032883874564126507,0.0,0.0,0.018583333333333334,0.00032883874564126507,0.8036166666666666,0.0032160585939653833,0.5224964223160202,0.001063175745345303,0.4225560068813119,0.018949838809899776,0.0,0.0
extrinsic,2500,1.12,0.0,2316.64,3.0733562057377823,1.04,1.7943913813528857e-17,0.11495199999999998,0.017218738307377784,0.84808,0.01723272444614416,0.018608000000000003,0.00041099024269663223,0.018359999999999998,0.00032005101634149594,0.0,0.0,0.018359999999999998,0.00032005101634149594,0.8096960000000002,0.0030402053636327314,0.5231951000563709,0.001024390071766314,0.41713725580384703,0.018579062277427418,0.0,0.0
extrinsic,2600,1.12,0.0,2412.56,3.070220360369022,1.04,1.7943913813528857e-17,0.11206153846153846,0.016589988586183515,0.8511615384615385,0.01660073519118402,0.018446153846153848,0.00040614171524626814,0.018330769230769234,0.000321061591953629,0.0,0.0,0.018330769230769234,0.000321061591953629,0.8151615384615383,0.002914597508721516,0.5238144303395004,0.0009838757948399353,0.4120665987710722,0.01823923053332506,0.0,0.0
extrinsic,2700,1.12,0.0,2508.74,3.109670236470716,1.04,1.7943913813528857e-17,0.10862962962962966,0.015956848286884127,0.8547925925925925,0.015973717285182727,0.018288888888888893,0.0003949358895072941,0.01828888888888889,0.0003074051307185588,0.0,0.0,0.01828888888888889,0.0003074051307185588,0.820288888888889,0.002801881613910777,0.5244120436728964,0.0009474301068549241,0.40723415945390734,0.017830060890970386,0.0,0.0
extrinsic,2800,1.12,0.0,2604.58,3.1785107538350252,1.04,1.7943913813528857e-17,0.10559999999999999,0.015394619808028255,0.857842857142857,0.015414267475813113,0.018364285714285715,0.00040226477756610015,0.018192857142857143,0.0002940493403788886,0.0,0.0,0.018192857142857143,0.0002940493403788886,0.8249571428571427,0.002708364724986006,0.5249658061428916,0.0009149954013813808,0.4026952411224148,0.017413529398449805,0.0,0.0
extrinsic,2900,1.12,0.0,2700.42,3.2266859222453506,1.04,1.7943913813528857e-17,0.103,0.014948093029197456,0.8605103448275861,0.01497163629901131,0.01833793103448276,0.0003999186988161977,0.018151724137931032,0.0002950340030770706,0.0,0.0,0.018151724137931032,0.0002950340030770706,0.8293724137931033,0.0025927749578571776,0.5254929562392298,0.0008852966620601176,0.39803694976888715,0.017042362685332504,0.0,0.0
extrinsic,3000,1.12,0.0,2796.6,3.2316041382140925,1.04,1.7943913813528857e-17,0.10019333333333331,0.014444737415483454,0.8634599999999998,0.014481727919603204,0.018253333333333333,0.00040153447171169395,0.018093333333333333,0.0002953978062639908,0.0,0.0,0.018093333333333333,0.0002953978062639908,0.8334933333333335,0.002516489654539811,0.5259854881130154,0.0008594202112841713,0.39350272047087,0.016732546666439575,0.0,0.0
extrinsic,3100,1.12,0.0,2892.92,3.21702613338113,1.04,1.7943913813528857e-17,0.09754193548387095,0.013985912857493042,0.8662451612903226,0.014020501639511124,0.018141935483870966,0.00039184708729342397,0.018070967741935486,0.0002909422105402862,0.0,0.0,0.018070967741935486,0.0002909422105402862,0.8374193548387097,0.002459344725446822,0.5264719863079076,0.0008308483876884227,0.38896195453458676,0.016361824938178216,0.0,0.0
extrinsic,3200,1.12,0.0,2989.12,3.2725999150647227,1.04,1.7943913813528857e-17,0.09523125,0.013539397144329867,0.8686875,0.013582156239428439,0.01808125,0.000384655665325947,0.018,0.00029518348669315244,0.0,0.0,0.018,0.00029518348669315244,0.84095625,0.0023642245150150105,0.5268818827124082,0.0008087308735518094,0.38507158501733935,0.01603002530409324,0.0,0.0
extrinsic,3300,1.12,0.0,3085.4,3.246976615692996,1.04,1.7943913813528857e-17,0.09306666666666669,0.013122729941447817,0.8710363636363635,0.013177620270010253,0.018012121212121212,0.00037899536679631383,0.017884848484848486,0.0002930310672722039,0.0,0.0,0.017884848484848486,0.0002930310672722039,0.8443393939393938,0.0022986391754268418,0.5272667469281935,0.0007810563280708444,0.38173704076181536,0.01576545962459944,0.0,0.0
extrinsic,3400,1.12,0.0,3181.84,3.227099538063775,1.04,1.7943913813528857e-17,0.09078823529411764,0.012745202375908078,0.8734882352941176,0.01279336631757854,0.017900000000000003,0.00036232132975097477,0.017823529411764703,0.0002852195419912124,0.0,0.0,0.017823529411764703,0.0002852195419912124,0.847635294117647,0.0022360673458866847,0.5276518289316681,0.0007545370779024661,0.3785541626255596,0.015533635095609026,0.0,0.0
extrinsic,3500,1.12,0.0,3278.44,3.2345280070779148,1.04,1.7943913813528857e-17,0.08865142857142856,0.012372957681946961,0.8758971428571428,0.012429017813102421,0.017782857142857142,0.0003638436121386872,0.01766857142857143,0.00029072687489306787,0.0,0.0,0.01766857142857143,0.00029072687489306787,0.8507771428571428,0.0021847990995450266,0.5280206452221843,0.0007310039941399899,0.37540914898165345,0.015329003799502415,0.0,0.0
extrinsic,3600,1.12,0.0,3374.9,3.2224024501946382,1.04,1.7943913813528857e-17,0.08668333333333333,0.012019485340095306,0.8780611111111112,0.012074500224917463,0.01773888888888889,0.0003521708582905111,0.017516666666666666,0.0002800822774410375,0.0,0.0,0.017516666666666666,0.0002800822774410375,0.8536888888888887,0.002126925490781435,0.5283540077787626,0.0007136428253282813,0.37256338374263137,0.015142684985803083,0.0,0.0
extrinsic,3700,1.12,0.0,3471.3,3.254165305686651,1.04,1.7943913813528857e-17,0.08484864864864866,0.011701398627261666,0.8800054054054054,0.011753543861094558,0.017643243243243244,0.0003416096125016068,0.0175027027027027,0.0002692268883770757,0.0,0.0,0.0175027027027027,0.0002692268883770757,0.8564432432432432,0.002069200693208122,0.5286827602742277,0.0006956342741739819,0.36971827020876913,0.014980294333651207,0.0,0.0
extrinsic,3800,1.12,0.0,3567.6,3.31650172221716,1.04,1.7943913813528857e-17,0.08295263157894736,0.011393521366596828,0.8820210526315789,0.011463826804529101,0.01754736842105263,0.00034029845935323,0.017478947368421052,0.0002746255397180093,0.0,0.0,0.017478947368421052,0.0002746255397180093,0.8590315789473684,0.002008271098937865,0.5289945681568002,0.0006771158826342682,0.3668957732033886,0.01480906518816145,0.0,0.0
extrinsic,3900,1.12,0.0,3663.9,3.342521350656093,1.04,1.7943913813528857e-17,0.08116410256410257,0.01110062779880822,0.8839538461538461,0.011168300756205113,0.017476923076923077,0.000344817662595294,0.017405128205128205,0.00027456796472949846,0.0,0.0,0.017405128205128205,0.00027456796472949846,0.8615076923076923,0.0019605747967175002,0.5292938952326455,0.000657482763330868,0.36422106134349386,0.014660399420428365,0.0,0.0
extrinsic,4000,1.12,0.0,3760.68,3.3369226933245684,1.04,1.7943913813528857e-17,0.0795,0.010832964148602077,0.8858299999999999,0.010893642688302575,0.017325,0.0003399617325403503,0.017345000000000003,0.0002662944894323591,0.0,0.0,0.017345000000000003,0.0002662944894323591,0.8639600000000001,0.0019036533083435507,0.5295984236183322,0.0006407688421516309,0.36144562522368234,0.01450506575672643,0.0,0.0
extrinsic,4100,1.12,0.0,3857.32,3.376683555907289,1.04,1.7943913813528857e-17,0.07793170731707316,0.010568536993799983,0.8875951219512196,0.010624200211208343,0.017253658536585368,0.00033830653343656876,0.017219512195121953,0.00026157943385537915,0.0,0.0,0.017219512195121953,0.00026157943385537915,0.8662731707317073,0.0018562900814503751,0.5298828121515149,0.0006247952637172313,0.3588365533818254,0.014323953593289812,0.0,0.0
extrinsic,4200,1.12,0.0,3953.74,3.374551822094306,1.04,1.7943913813528857e-17,0.07641904761904762,0.01031704582656491,0.8892571428571427,0.010365455574077748,0.01719047619047619,0.00033075498724199236,0.01713333333333333,0.00025787248464105865,0.0,0.0,0.01713333333333333,0.00025787248464105865,0.8684285714285715,0.0018084109922795616,0.5301424664173516,0.0006102469182046304,0.35645954503812083,0.014165896236621076,0.0,0.0
extrinsic,4300,1.12,0.0,4050.64,3.4252078739241267,1.04,1.7943913813528857e-17,0.07497674418604651,0.010072861786182009,0.8909302325581394,0.010117976061780318,0.017074418604651163,0.0003292953806726796,0.017018604651162794,0.0002538597315503845,0.0,0.0,0.017018604651162794,0.0002538597315503845,0.8706,0.0017553239068842175,0.530414819379501,0.0005976875667370996,0.3538615002352592,0.01398076931495761,0.0,0.0
extrinsic,4400,1.12,0.0,4147.08,3.4054985550082484,1.04,1.7943913813528857e-17,0.07353181818181818,0.009854184852099244,0.8924954545454545,0.009897934797566257,0.01699090909090909,0.0003191451095418979,0.01698181818181818,0.00025441289949061576,0.0,0.0,0.01698181818181818,0.00025441289949061576,0.8725818181818181,0.001728136196634123,0.5306592652438669,0.0005839038555157534,0.35136722733489295,0.013786760240912653,0.0,0.0
extrinsic,4500,1.12,0.0,4243.62,3.449565485799092,1.04,1.7943913813528857e-17,0.0721688888888889,0.009636398118980087,0.8940222222222222,0.009676280568676116,0.01690222222222222,0.00031035931191818785,0.016906666666666667,0.0002654423899520796,0.0,0.0,0.016906666666666667,0.0002654423899520796,0.8744933333333335,0.0016911107237463086,0.5308959616478366,0.0005691865685152743,0.3489702216291705,0.013601511962056131,0.0,0.0
extrinsic,4600,1.12,0.0,4340.26,3.4522763859369596,1.04,1.7943913813528857e-17,0.0708913043478261,0.009428127981617608,0.8954347826086956,0.009467175204360783,0.016917391304347825,0.00029934344265899224,0.016756521739130434,0.00025623207142381875,0.0,0.0,0.016756521739130434,0.00025623207142381875,0.8762956521739131,0.001642818513324328,0.5311159626808578,0.0005621042643234311,0.3467726069180902,0.013445869161559208,0.0,0.0
extrinsic,4700,1.12,0.0,4436.88,3.4336438668099567,1.04,1.7943913813528857e-17,0.06967234042553193,0.009221658505765378,0.896791489361702,0.00926900748091546,0.016872340425531915,0.0002970803937948551,0.01666382978723404,0.00024838164854670873,0.0,0.0,0.01666382978723404,0.00024838164854670873,0.8781106382978723,0.0015968604002269094,0.5313505267558053,0.0005499597316229273,0.34457835010137233,0.013269075064887954,0.0,0.0
extrinsic,4800,1.12,0.0,4533.68,3.4955878895941876,1.04,1.7943913813528857e-17,0.06851666666666668,0.009026804142508626,0.8981041666666667,0.009088058220822348,0.0167875,0.0002945129583788483,0.016591666666666668,0.00024547780702437557,0.0,0.0,0.016591666666666668,0.00024547780702437557,0.8798625000000001,0.001559121744790755,0.5315657120197097,0.0005391003116130565,0.3426213078366015,0.013132526749144046,0.0,0.0
extrinsic,4900,1.12,0.0,4630.5,3.5451893245550052,1.04,1.7943913813528857e-17,0.0674530612244898,0.008838208148729348,0.8993061224489796,0.008900243871005676,0.01673061224489796,0.00028592186188426867,0.016510204081632653,0.00024170133652434507,0.0,0.0,0.016510204081632653,0.00024170133652434507,0.8814816326530612,0.0015241854244710722,0.5317715986402173,0.0005307970854358974,0.3406662219128957,0.013008091901321444,0.0,0.0
extrinsic,5000,1.12,0.0,4727.56,3.523120138485783,1.04,1.7943913813528857e-17,0.06650400000000001,0.008659102541044687,0.9004360000000001,0.008721120860372508,0.016644000000000003,0.00027602366062439245,0.016416,0.00023448354017338805,0.0,0.0,0.016416,0.00023448354017338805,0.883092,0.0014916388466983536,0.5319737511738222,0.0005204170316351484,0.33877321631138313,0.012881894085055832,0.0,0.0
extrinsic,5100,1.12,0.0,4824.72,3.476808294739206,1.04,1.7943913813528857e-17,0.06548627450980392,0.008505352110492337,0.9016235294117646,0.008567028108267826,0.016556862745098037,0.00027008147128202575,0.016333333333333335,0.0002292987001765581,0.0,0.0,0.016333333333333335,0.0002292987001765581,0.8846588235294118,0.001468979352000984,0.5321778161885932,0.000508728815245052,0.33688921963573853,0.012762336248470693,0.0,0.0
extrinsic,5200,1.12,0.0,4921.34,3.5038882192588887,1.04,1.7943913813528857e-17,0.06445769230769231,0.008340859663290987,0.9027461538461539,0.00840069469125841,0.016511538461538463,0.00026510690085429685,0.016284615384615383,0.0002312553749085702,0.0,0.0,0.016284615384615383,0.0002312553749085702,0.8861115384615386,0.0014314351052605897,0.5323642674342849,0.0005016243698703612,0.3350552573753341,0.012634484195433235,0.0,0.0
extrinsic,5300,1.12,0.0,5018.24,3.5931408578693094,1.04,1.7943913813528857e-17,0.06352075471698114,0.008182676875040287,0.9037999999999999,0.00825011865543153,0.016430188679245283,0.00026915551838736383,0.016249056603773585,0.00023625394587260094,0.0,0.0,0.016249056603773585,0.00023625394587260094,0.8875584905660377,0.0013946687603243887,0.5325460485139327,0.0004925866813158008,0.3333461423623201,0.012513336839898135,0.0,0.0
extrinsic,5400,1.12,0.0,5114.92,3.564775517447896,1.04,1.7943913813528857e-17,0.06255925925925926,0.008031576442430943,0.9048814814814814,0.008097201684599268,0.016362962962962965,0.0002578386736179364,0.0161962962962963,0.00023875335265767433,0.0,0.0,0.0161962962962963,0.00023875335265767433,0.8888518518518519,0.0013691849993694243,0.5327057145056134,0.00048386316783739677,0.33174371290151355,0.012393461643697137,0.0,0.0
extrinsic,5500,1.12,0.0,5212.08,3.5464083584519646,1.04,1.7943913813528857e-17,0.06169090909090909,0.007883570452729563,0.9059236363636365,0.007949467813792093,0.016261818181818183,0.0002464747574055358,0.016123636363636364,0.00023949347797151428,0.0,0.0,0.016123636363636364,0.00023949347797151428,0.8902145454545455,0.0013477760646556836,0.5328734772636066,0.00047444180006998653,0.3302374021246726,0.012289217810513441,0.0,0.0
extrinsic,5600,1.12,0.0,5309.3,3.5410421618270425,1.04,1.7943913813528857e-17,0.060782142857142854,0.0077375840845602005,0.9069857142857144,0.007802351096447567,0.016182142857142857,0.00023891991534303266,0.01605,0.00024085956028377123,0.0,0.0,0.01605,0.00024085956028377123,0.8915535714285714,0.0013318891964937524,0.5330483197437408,0.000464642374945353,0.3286652701127308,0.012187922949572856,0.0,0.0
extrinsic,5700,1.12,0.0,5406.2,3.5759970780246473,1.04,1.7943913813528857e-17,0.05995087719298246,0.0076051730945045325,0.9079228070175438,0.007667741704707307,0.016143859649122808,0.00023384895743003105,0.01598245614035088,0.00024470446897009783,0.0,0.0,0.01598245614035088,0.00024470446897009783,0.8927754385964913,0.0013073935737935817,0.5332020021141324,0.00045643459834205,0.3272314170935606,0.01208635001678904,0.0,0.0
extrinsic,5800,1.12,0.0,5503.26,3.595894484388709,1.04,1.7943913813528857e-17,0.05913103448275861,0.007474796011148706,0.9088827586206898,0.007542274493507712,0.01606551724137931,0.00022588718158977368,0.015920689655172415,0.0002393911282933524,0.0,0.0,0.015920689655172415,0.0002393911282933524,0.8940068965517242,0.0012729064039408867,0.5333656675976458,0.00044878810051156135,0.32572741573483976,0.01199795764347776,0.0,0.0
extrinsic,5900,1.12,0.0,5600.86,3.6465258836882213,1.04,1.7943913813528857e-17,0.05831186440677966,0.0073476673151814005,0.909935593220339,0.00741026894137223,0.015932203389830507,0.00022260232318762626,0.01582033898305085,0.00023697216695956722,0.0,0.0,0.01582033898305085,0.00023697216695956722,0.895291525423729,0.001261464402524727,0.5335319305539946,0.00044079064982047546,0.32430487526909263,0.011907438018863962,0.0,0.0
extrinsic,6000,1.12,0.0,5697.9,3.661743757684141,1.04,1.7943913813528857e-17,0.05752000000000001,0.007222829515719716,0.9108533333333334,0.0072933474486550215,0.015863333333333333,0.00022247270463674867,0.01576333333333333,0.00023871775761441275,0.0,0.0,0.01576333333333333,0.00023871775761441275,0.8964733333333332,0.0012500554182726601,0.5336883810849636,0.0004330744171339275,0.3229103507075744,0.011830815170249441,0.0,0.0
extrinsic,6100,1.12,0.0,5794.94,3.672224482934183,1.04,1.7943913813528857e-17,0.05676065573770492,0.007103902006086578,0.9117278688524589,0.007169602035558735,0.0157672131147541,0.00022461397260327174,0.015744262295081964,0.00023951606367673766,0.0,0.0,0.015744262295081964,0.00023951606367673766,0.8976131147540984,0.0012314863978935935,0.5338443680360566,0.00042658560769165724,0.32135175787436865,0.011741639784569192,0.0,0.0
extrinsic,6200,1.12,0.0,5891.92,3.6670446311069917,1.04,1.7943913813528857e-17,0.056058064516129026,0.00699369322986953,0.9125258064516129,0.007066804289437531,0.015716129032258063,0.00022439888579504932,0.015700000000000002,0.00023635701660845368,0.0,0.0,0.015700000000000002,0.00023635701660845368,0.8986870967741935,0.0012077426704757413,0.5339890527702595,0.0004203346853290767,0.3198712151657327,0.011658417598770508,0.0,0.0
extrinsic,6300,1.12,0.0,5989.04,3.6389009329741304,1.04,1.7943913813528857e-17,0.05534603174603173,0.006885909258746582,0.9133523809523809,0.006951970676582955,0.015688888888888888,0.0002282202247317254,0.015612698412698417,0.00022963077411207512,0.0,0.0,0.015612698412698417,0.00022963077411207512,0.8996888888888889,0.0011945268308315915,0.5341198365904236,0.0004131243693451637,0.3185002895075684,0.011569607993793172,0.0,0.0
extrinsic,6400,1.12,0.0,6086.5,3.6238720975762697,1.04,1.7943913813528857e-17,0.054634375000000006,0.006778067251896904,0.9142156250000001,0.006841129300315496,0.015599999999999998,0.0002272124079277506,0.01555,0.0002229569945719834,0.0,0.0,0.01555,0.0002229569945719834,0.9007562499999999,0.0011748822807943313,0.5342629317725583,0.00040712251329656833,0.31708652340606086,0.011492912215323111,0.0,0.0
extrinsic,6500,1.12,0.0,6183.86,3.616629392578856,1.04,1.7943913813528857e-17,0.05402153846153846,0.006669932475456291,0.9149907692307693,0.006726738560792877,0.015504615384615386,0.00022241454195897774,0.015483076923076922,0.00021871212991843251,0.0,0.0,0.015483076923076922,0.00021871212991843251,0.901753846153846,0.0011663022070042722,0.5343874412874134,0.0004007859317426427,0.3157636325651165,0.011421580110232508,0.0,0.0
extrinsic,6600,1.12,0.0,6281.42,3.6211498906579727,1.04,1.7943913813528857e-17,0.05336060606060606,0.006566932183457567,0.915830303030303,0.00662567122067298,0.015424242424242425,0.00022268088570756163,0.015384848484848486,0.00021852726380681265,0.0,0.0,0.015384848484848486,0.00021852726380681265,0.9028121212121212,0.0011470894347864018,0.5345271718043169,0.000395012245772659,0.3144092211436917,0.01136409318455088,0.0,0.0
extrinsic,6700,1.12,0.0,6378.8,3.6658378778853242,1.04,1.7943913813528857e-17,0.05272238805970149,0.006468317881065374,0.9166,0.00652415413496782,0.01535223880597015,0.00021939915164667745,0.015325373134328359,0.0002141744080756903,0.0,0.0,0.015325373134328359,0.0002141744080756903,0.9038029850746269,0.0011263667241055311,0.534661116218482,0.00039114993859330717,0.3131861177740027,0.01129592383688908,0.0,0.0
extrinsic,6800,1.12,0.0,6476.14,3.6868226461941176,1.04,1.7943913813528857e-17,0.05207941176470588,0.006373178177148207,0.917385294117647,0.0064241544253312265,0.01526470588235294,0.00021784002347589442,0.015270588235294117,0.0002199113263463383,0.0,0.0,0.015270588235294117,0.0002199113263463383,0.904735294117647,0.0011157420423481411,0.5347852697165612,0.0003866727815492248,0.31199414234732675,0.011226956307219644,0.0,0.0
extrinsic,6900,1.12,0.0,6573.48,3.7263803085677702,1.04,1.7943913813528857e-17,0.051457971014492745,0.006279694455352129,0.9181304347826088,0.006333246699739179,0.015217391304347825,0.0002128380501183668,0.015194202898550726,0.0002147771442565041,0.0,0.0,0.015194202898550726,0.0002147771442565041,0.9056811594202899,0.0010979958002166489,0.5349145109064088,0.0003821001847606904,0.3108527573981079,0.011164060091813323,0.0,0.0
extrinsic,7000,1.12,0.0,6670.96,3.7094429968579883,1.04,1.7943913813528857e-17,0.05087428571428571,0.006193092630896173,0.918845714285714,0.006240567846523563,0.015142857142857142,0.0002199163068248848,0.015137142857142856,0.0002143521762821284,0.0,0.0,0.015137142857142856,0.0002143521762821284,0.9065571428571427,0.0010902181403291303,0.5350316486757574,0.00037628516712698377,0.309742839481326,0.011093585781342919,0.0,0.0
extrinsic,7100,1.12,0.0,6769.02,3.7445459657742113,1.04,1.7943913813528857e-17,0.05029014084507042,0.006107696712099855,0.9196366197183097,0.006158227782187719,0.015022535211267608,0.0002150042270429132,0.015050704225352112,0.00021411362716279778,0.0,0.0,0.015050704225352112,0.00021411362716279778,0.9075239436619716,0.001075863164745076,0.5351634066323234,0.0003719718522782118,0.30865953369377214,0.011027627327215943,0.0,0.0
extrinsic,7200,1.12,0.0,6866.48,3.7989515202304474,1.04,1.7943913813528857e-17,0.04975555555555555,0.006021296242538911,0.9202972222222223,0.006078700658395795,0.014947222222222225,0.00021295478803856765,0.014999999999999998,0.000212329400343996,0.0,0.0,0.014999999999999998,0.000212329400343996,0.9084083333333334,0.0010561835016062568,0.5352822322923474,0.0003667857325114283,0.3076129943077141,0.01097423786154884,0.0,0.0
extrinsic,7300,1.12,0.0,6963.9,3.777943507102395,1.04,1.7943913813528857e-17,0.049199999999999994,0.005936460886379633,0.9209671232876713,0.005986182582823353,0.014901369863013698,0.0002128413735285032,0.014931506849315069,0.00020865131796887418,0.0,0.0,0.014931506849315069,0.00020865131796887418,0.9092136986301371,0.0010522904317465218,0.5353917805793016,0.0003616635109428608,0.306633418337646,0.010921638326072573,0.0,0.0
extrinsic,7400,1.12,0.0,7061.5,3.7928235134371375,1.04,1.7943913813528857e-17,0.048656756756756764,0.005856979213958192,0.9216351351351352,0.005906524851582698,0.014837837837837835,0.00020608503698969142,0.014870270270270271,0.00020543153083775993,0.0,0.0,0.014870270270270271,0.00020543153083775993,0.9100216216216214,0.0010442024803332492,0.5355008254728566,0.00035721265443393357,0.3056816037019742,0.010873712793549073,0.0,0.0
extrinsic,7500,1.12,0.0,7158.88,3.7690078811489984,1.04,1.7943913813528857e-17,0.04815733333333333,0.005782098814699368,0.922256,0.005826359792040298,0.014776000000000001,0.0001999796815075797,0.01481066666666667,0.00019874764363468593,0.0,0.0,0.01481066666666667,0.00019874764363468593,0.9107999999999999,0.0010299038988256764,0.5356059672464698,0.00035254512683020715,0.304766011095234,0.010840924752469084,0.0,0.0
extrinsic,7600,1.12,0.0,7256.08,3.7726015491938174,1.04,1.7943913813528857e-17,0.04764473684210526,0.005704606030404146,0.9228631578947369,0.005753780657910728,0.014721052631578945,0.00019453352523827452,0.014771052631578947,0.00019813884720085338,0.0,0.0,0.014771052631578947,0.00019813884720085338,0.9115394736842106,0.0010146006439075777,0.5357048149684364,0.0003475843076941838,0.3038300766821899,0.010801409390443393,0.0,0.0
extrinsic,7700,1.12,0.0,7353.68,3.7864894085176477,1.04,1.7943913813528857e-17,0.047181818181818186,0.005633365859650681,0.9234545454545454,0.005682281530461542,0.014651948051948051,0.00019222390889515355,0.014711688311688313,0.00019373466785771985,0.0,0.0,0.014711688311688313,0.00019373466785771985,0.9123506493506494,0.0010086913752236628,0.5358202818899004,0.0003433196147758114,0.302794225130819,0.010759401331137302,0.0,0.0
extrinsic,7800,1.12,0.0,7451.72,3.823668502410549,1.04,1.7943913813528857e-17,0.046679487179487174,0.0055615774967694934,0.9241358974358973,0.00561338407504127,0.01455897435897436,0.0001932094677514524,0.014625641025641026,0.0001911386058436567,0.0,0.0,0.014625641025641026,0.0001911386058436567,0.9131589743589743,0.0009930507645005342,0.5359326518374347,0.00034004571198908474,0.30173527664983796,0.010724177077773714,0.0,0.0
extrinsic,7900,1.12,0.0,7549.62,3.8761320926924046,1.04,1.7943913813528857e-17,0.04617974683544304,0.005492578750904305,0.9247746835443038,0.005550100879780688,0.014473417721518986,0.00019441263212291763,0.014572151898734178,0.0001956543537528912,0.0,0.0,0.014572151898734178,0.0001956543537528912,0.9139012658227849,0.0009762821421031787,0.5360352494634221,0.00033609575135389833,0.300673499828541,0.010692153103834968,0.0,0.0
extrinsic,8000,1.12,0.0,7647.22,3.850395155973326,1.04,1.7943913813528857e-17,0.045724999999999995,0.005420459164224042,0.9253475,0.005477041938205069,0.014422500000000003,0.00018985393150030487,0.014504999999999999,0.00019469887791465182,0.0,0.0,0.014504999999999999,0.00019469887791465182,0.9146025,0.0009672816554760084,0.5361338945032561,0.0003310637248122754,0.29961299681466735,0.010667075448741183,0.0,0.0
extrinsic,8100,1.12,0.0,7745.14,3.889285123966897,1.04,1.7943913813528857e-17,0.04524444444444445,0.005353722632072962,0.925967901234568,0.005409089832620569,0.01434320987654321,0.00018905637137250488,0.014444444444444444,0.00019232883076141915,0.0,0.0,0.014444444444444444,0.00019232883076141915,0.9153259259259261,0.0009565329183951003,0.5362340755286215,0.0003264545385308023,0.2985854744938365,0.01063558886968933,0.0,0.0
extrinsic,8200,1.12,0.0,7842.74,3.941905682301806,1.04,1.7943913813528857e-17,0.044782926829268294,0.005285886879645478,0.9265390243902439,0.005342508710801392,0.014280487804878048,0.00018447988476871089,0.014397560975609756,0.00019259847813253938,0.0,0.0,0.014397560975609756,0.00019259847813253938,0.9159756097560975,0.0009471393392325725,0.5363209498232688,0.0003224297290280276,0.2976736114982083,0.01060664026064747,0.0,0.0
extrinsic,8300,1.12,0.0,7940.38,3.9709033568430945,1.04,1.7943913813528857e-17,0.04434698795180723,0.005220841615588307,0.9270843373493974,0.005275926049200581,0.01425301204819277,0.0001824521805097837,0.014315662650602407,0.00018941290571869684,0.0,0.0,0.014315662650602407,0.00018941290571869684,0.9166481927710843,0.0009399840222949538,0.5364176960132746,0.0003184447674036921,0.29671895498281153,0.010570543171947258,0.0,0.0
extrinsic,8400,1.12,0.0,8038.28,3.9689653203682336,1.04,1.7943913813528857e-17,0.04391904761904763,0.005159357012573581,0.9276452380952379,0.005210409529262676,0.01419047619047619,0.0001799187912304516,0.014245238095238094,0.00018764939595606166,0.0,0.0,0.014245238095238094,0.00018764939595606166,0.9173261904761906,0.0009237384506738728,0.5365116433547086,0.0003151077339886912,0.2957120939925277,0.010523245255105895,0.0,0.0
extrinsic,8500,1.12,0.0,8136.24,3.9881006680844338,1.04,1.7943913813528857e-17,0.04351529411764706,0.005098174253759913,0.9281905882352942,0.00515076218955938,0.01411058823529412,0.00017599487702066365,0.014183529411764704,0.00018730743707427773,0.0,0.0,0.014183529411764704,0.00018730743707427773,0.9180188235294118,0.0009135337985700712,0.5366098994567916,0.000311193524862599,0.29471459136423794,0.010464306572832123,0.0,0.0
extrinsic,8600,1.12,0.0,8234.24,3.9799046240238636,1.04,1.7943913813528857e-17,0.04309302325581396,0.005036454999680662,0.9287581395348835,0.0050886170701156894,0.014053488372093024,0.0001759859964868844,0.014095348837209302,0.00018432670941031062,0.0,0.0,0.014095348837209302,0.00018432670941031062,0.9186813953488372,0.0008981511751273465,0.5367022463250769,0.00030843953045767164,0.29374005801813813,0.010414170513502411,0.0,0.0
extrinsic,8700,1.12,0.0,8332.38,4.009670962122677,1.04,1.7943913813528857e-17,0.042701149425287355,0.004981251569635021,0.9292896551724137,0.0050341867871017,0.01399080459770115,0.00017688441170233488,0.014018390804597703,0.00018466767817870721,0.0,0.0,0.014018390804597703,0.00018466767817870721,0.9193586206896552,0.0008900992417526407,0.5367973980799987,0.0003051663232706396,0.2928116329798854,0.0103587450362767,0.0,0.0
extrinsic,8800,1.12,0.0,8430.34,4.007300480729781,1.04,1.7943913813528857e-17,0.04231818181818182,0.004924531650323506,0.9298068181818181,0.004976715951017208,0.013927272727272727,0.0001740017428371703,0.013947727272727273,0.00018319889708014444,0.0,0.0,0.013947727272727273,0.00018319889708014444,0.9199977272727274,0.0008844914460093735,0.5368884271946619,0.0003015497086481677,0.29187254396403417,0.010311343825180855,0.0,0.0
extrinsic,8900,1.12,0.0,8528.6,3.9989794616494185,1.04,1.7943913813528857e-17,0.04192359550561798,0.004864996308473951,0.9303573033707866,0.004915602582281976,0.01386741573033708,0.00017522003423537272,0.013851685393258428,0.000180148660642569,0.0,0.0,0.013851685393258428,0.000180148660642569,0.9206539325842696,0.0008758262781343783,0.536983870755643,0.00029782201030131107,0.29097788147963616,0.010277252187289256,0.0,0.0
extrinsic,9000,1.12,0.0,8626.7,3.9488825595841353,1.04,1.7943913813528857e-17,0.04153555555555556,0.004812049931181767,0.9308799999999999,0.004860533975457943,0.013811111111111109,0.00017330687628771887,0.013773333333333334,0.0001769242549451778,0.0,0.0,0.013773333333333334,0.0001769242549451778,0.9212733333333334,0.0008665050724400714,0.5370725861167847,0.0002938048475457594,0.29015360652646255,0.010242776184768976,0.0,0.0
extrinsic,9100,1.12,0.0,8724.92,3.898700987220628,1.04,1.7943913813528857e-17,0.04116703296703296,0.004757015794957829,0.9313846153846154,0.004801288080668957,0.013731868131868132,0.00017248339943561584,0.013716483516483517,0.0001801357978252668,0.0,0.0,0.013716483516483517,0.0001801357978252668,0.9218945054945054,0.0008550503783094307,0.537159437666495,0.00029049985969816134,0.28936696371201126,0.010202786472955548,0.0,0.0
extrinsic,9200,1.12,0.0,8823.08,3.9664758428918856,1.04,1.7943913813528857e-17,0.0408,0.0047079196208473775,0.9318782608695652,0.004754936318152329,0.013667391304347824,0.0001698678277177912,0.013654347826086956,0.00017920869277182378,0.0,0.0,0.013654347826086956,0.00017920869277182378,0.9224869565217391,0.0008458024218549558,0.5372451288685066,0.0002880746845348645,0.28851429516230204,0.010165166645916287,0.0,0.0
extrinsic,9300,1.12,0.0,8921.26,3.952866177902834,1.04,1.7943913813528857e-17,0.04045806451612903,0.004656607791173835,0.9323655913978492,0.004702324861564021,0.013597849462365592,0.00016544884128141032,0.013578494623655912,0.00017465755272470492,0.0,0.0,0.013578494623655912,0.00017465755272470492,0.9230860215053762,0.000835588064410363,0.5373286472540092,0.00028500297410657635,0.2876180093746552,0.0101285591217077,0.0,0.0
extrinsic,9400,1.12,0.0,9019.14,3.917413765770077,1.04,1.7943913813528857e-17,0.04011276595744681,0.004608955628319056,0.9328297872340424,0.004651168072298194,0.013540425531914892,0.00016368394972869526,0.013517021276595747,0.0001745911578874685,0.0,0.0,0.013517021276595747,0.0001745911578874685,0.9236404255319148,0.0008321403001560275,0.5374094855158663,0.000281487953239992,0.2866824689698231,0.010077545087621676,0.0,0.0
extrinsic,9500,1.12,0.0,9117.22,3.9473359654949305,1.04,1.7943913813528857e-17,0.039772631578947365,0.004559325450245108,0.9332842105263158,0.00459808708969191,0.013486315789473685,0.00016325702958274179,0.013456842105263158,0.00017392614078352037,0.0,0.0,0.013456842105263158,0.00017392614078352037,0.9242021052631578,0.0008246737192209552,0.537491714264024,0.0002782652698094611,0.28581885127905676,0.010025718925544908,0.0,0.0
extrinsic,9600,1.12,0.0,9215.66,3.9367043089780727,1.04,1.7943913813528857e-17,0.039425,0.0045178671811168985,0.9337854166666668,0.004556567651428703,0.013404166666666667,0.00016397270042681122,0.013385416666666667,0.000170794182090768,0.0,0.0,0.013385416666666667,0.000170794182090768,0.9248083333333333,0.0008161350310389143,0.537582669999033,0.0002754647918422372,0.28494232603363073,0.009972500825244219,0.0,0.0
extrinsic,9700,1.12,0.0,9314.0,3.944616584663204,1.04,1.7943913813528857e-17,0.03909896907216495,0.004471250065379006,0.9342474226804124,0.004510229869157586,0.013334020618556701,0.00016263392984714392,0.01331958762886598,0.00016979519341775952,0.0,0.0,0.01331958762886598,0.00016979519341775952,0.925375257731959,0.0008109674942875326,0.5376659988103184,0.00027256242828389886,0.2840981501524165,0.009923242728238012,0.0,0.0
extrinsic,9800,1.12,0.0,9412.26,3.9160381895534186,1.04,1.7943913813528857e-17,0.038746938775510206,0.004424836808687646,0.9347244897959183,0.004466739909695945,0.013281632653061221,0.00016001449160460706,0.013246938775510204,0.0001705648996002633,0.0,0.0,0.013246938775510204,0.0001705648996002633,0.9259163265306121,0.0008021758208025322,0.5377453065819887,0.00026973470612590156,0.2832442625017373,0.009882182668315602,0.0,0.0
extrinsic,9900,1.12,0.0,9510.6,3.91605799294158,1.04,1.7943913813528857e-17,0.03842222222222222,0.004380037709632639,0.9351737373737373,0.004423405809060161,0.013224242424242423,0.00015783137906672271,0.01317979797979798,0.00017010875620316823,0.0,0.0,0.01317979797979798,0.00017010875620316823,0.9264444444444443,0.0007925480992371073,0.5378237974872543,0.0002674591851373203,0.282380442440274,0.009844814916794084,0.0,0.0
extrinsic,10000,1.12,0.0,9608.96,3.9308263658380214,1.04,1.7943913813528857e-17,0.038113999999999995,0.004336824767179842,0.9356240000000001,0.0043769177114793036,0.013153999999999999,0.00015304287781200268,0.013108,0.00016905113343094067,0.0,0.0,0.013108,0.00016905113343094067,0.926974,0.0007886532566240202,0.5378996922820255,0.0002648963833120846,0.28158870053394397,0.009811096620764855,0.0,0.0
extrinsic,10100,1.12,0.0,9707.36,3.976642004587924,1.04,1.7943913813528857e-17,0.0378,0.004294530021132339,0.9360673267326733,0.004337750889228039,0.013102970297029701,0.0001509561588809646,0.013029702970297027,0.00016842971028689326,0.0,0.0,0.013029702970297027,0.00016842971028689326,0.9275148514851485,0.0007832721631815123,0.5379819761696282,0.0002622475029565286,0.2807606925388202,0.009772271724891878,0.0,0.0
extrinsic,10200,1.12,0.0,9805.6,3.973586258671383,1.04,1.7943913813528857e-17,0.0375,0.00425093285442589,0.9364843137254901,0.004293253296553894,0.013035294117647058,0.0001471311013524278,0.012980392156862745,0.00016885901258377069,0.0,0.0,0.012980392156862745,0.00016885901258377069,0.928013725490196,0.0007809894034925077,0.538056706844755,0.0002593072247803536,0.27995668819675823,0.009732259823902085,0.0,0.0
extrinsic,10300,1.12,0.0,9903.94,4.0102328295173555,1.04,1.7943913813528857e-17,0.03719029126213592,0.004209397674246741,0.9369281553398059,0.004249768017194447,0.012963106796116503,0.00014652627568227235,0.012918446601941748,0.000168078117085121,0.0,0.0,0.012918446601941748,0.000168078117085121,0.9285165048543689,0.0007754301106795144,0.5381306052947853,0.0002568219453303736,0.2791358937605776,0.009707389281758114,0.0,0.0
extrinsic,10400,1.12,0.0,10002.22,4.000131630487238,1.04,1.7943913813528857e-17,0.03688269230769231,0.004167583404564995,0.9373576923076922,0.004211747448274568,0.012909615384615386,0.00014755611893689914,0.012849999999999999,0.00016489833954218605,0.0,0.0,0.012849999999999999,0.00016489833954218605,0.9290249999999999,0.000765532761393697,0.5382081030271479,0.0002545609705185317,0.2784461199707326,0.009671391141518909,0.0,0.0
extrinsic,10500,1.12,0.0,10100.86,4.029990631477437,1.04,1.7943913813528857e-17,0.03659428571428572,0.004125617479730776,0.9377961904761904,0.00417102030830925,0.01284,0.00014553855394194178,0.01276952380952381,0.00016396313452163633,0.0,0.0,0.01276952380952381,0.00016396313452163633,0.9295466666666666,0.0007554515830060046,0.5382818543055851,0.00025276459142247755,0.2778338549224998,0.00963830404228872,0.0,0.0
extrinsic,10600,1.12,0.0,10199.5,4.029204610828093,1.04,1.7943913813528857e-17,0.03629622641509434,0.004087831741834173,0.9382396226415095,0.0041339006822621585,0.012767924528301887,0.00014656258326165868,0.01269622641509434,0.0001613673041938196,0.0,0.0,0.01269622641509434,0.0001613673041938196,0.9300716981132077,0.0007462489901547085,0.538357023645709,0.0002507554033305255,0.2771513450696572,0.009602651512385901,0.0,0.0
extrinsic,10700,1.12,0.0,10298.38,4.024099848641524,1.04,1.7943913813528857e-17,0.035998130841121495,0.0040515339726236365,0.9386859813084112,0.004097934971225615,0.012693457943925235,0.00014492446244930966,0.012622429906542056,0.0001594197062933171,0.0,0.0,0.012622429906542056,0.0001594197062933171,0.930581308411215,0.0007395819663035919,0.5384337135150757,0.0002475377911517282,0.27638703524192965,0.009563578876307821,0.0,0.0
extrinsic,10800,1.12,0.0,10397.14,4.018021647425965,1.04,1.7943913813528857e-17,0.03572592592592592,0.004015294693145587,0.9390962962962962,0.0040607401878420945,0.012618518518518518,0.00014356672684103896,0.012559259259259261,0.00015668345367499646,0.0,0.0,0.012559259259259261,0.00015668345367499646,0.9310851851851851,0.000732369744935345,0.5385086816030585,0.00024567329920239487,0.27568967899289376,0.009518017464387742,0.0,0.0
extrinsic,10900,1.12,0.0,10495.74,4.0170869738035355,1.04,1.7943913813528857e-17,0.035462385321100916,0.003977022452582628,0.9394844036697246,0.004021373862390793,0.012555963302752294,0.00014181349514353614,0.012497247706422016,0.00015271437884120515,0.0,0.0,0.012497247706422016,0.00015271437884120515,0.9315577981651377,0.0007262870004836146,0.5385789271029912,0.00024397693310281146,0.2750247077117464,0.00946663976153444,0.0,0.0
extrinsic,11000,1.12,0.0,10594.42,4.041528302561812,1.04,1.7943913813528857e-17,0.03520363636363637,0.003939747383411829,0.9398872727272726,0.003986424559987844,0.012485454545454544,0.00013933340085211932,0.012423636363636364,0.00015334819446878914,0.0,0.0,0.012423636363636364,0.00015334819446878914,0.9320509090909093,0.0007143336937840901,0.5386522651568102,0.00024266607930381655,0.27437597296528904,0.009419304206825367,0.0,0.0
extrinsic,11100,1.12,0.0,10693.42,4.036677761097456,1.04,1.7943913813528857e-17,0.03493513513513514,0.003904877529553242,0.9403117117117117,0.003951307084496685,0.012412612612612612,0.00013720399540062192,0.012340540540540542,0.00015194226219231762,0.0,0.0,0.012340540540540542,0.00015194226219231762,0.9325423423423425,0.0007090070816583005,0.5387229930212638,0.0002401602115176205,0.2737889397305841,0.009369981783225621,0.0,0.0
extrinsic,11200,1.12,0.0,10792.04,4.0261350282008825,1.04,1.7943913813528857e-17,0.03467142857142857,0.0038693896051295845,0.9406892857142857,0.0039126308588213485,0.012351785714285716,0.00013415578394108835,0.012287499999999998,0.00015248381735920316,0.0,0.0,0.012287499999999998,0.00015248381735920316,0.9329999999999999,0.0007051022254053346,0.5387940831287156,0.00023847031402657274,0.27320564574734574,0.009315383253445969,0.0,0.0
extrinsic,11300,1.12,0.0,10890.7,4.019671019130896,1.04,1.7943913813528857e-17,0.03440530973451328,0.003835087083216897,0.9410814159292035,0.0038775600582973044,0.012293805309734514,0.00013093927869363585,0.012219469026548673,0.00015271138036734573,0.0,0.0,0.012219469026548673,0.00015271138036734573,0.9334530973451328,0.0007018131251297797,0.5388624019836419,0.00023625551210152394,0.27266331207813777,0.009263307160653527,0.0,0.0
extrinsic,11400,1.12,0.0,10989.5,4.009402215100025,1.04,1.7943913813528857e-17,0.03414736842105263,0.003802573332292573,0.9414701754385965,0.0038456313489278107,0.012236842105263157,0.0001321743302614598,0.012145614035087722,0.0001504429675178852,0.0,0.0,0.012145614035087722,0.0001504429675178852,0.9339157894736841,0.0006959334304928271,0.538933300715659,0.00023412759270107525,0.27211502332191845,0.009215919506985214,0.0,0.0
extrinsic,11500,1.12,0.0,11088.26,4.011087694104421,1.04,1.7943913813528857e-17,0.033933913043478266,0.003766626424140674,0.941808695652174,0.003811494314387327,0.012168695652173912,0.00013069857973757316,0.012088695652173916,0.00014828968487136938,0.0,0.0,0.012088695652173916,0.00014828968487136938,0.9343513043478261,0.0006919241723060718,0.5389967870786192,0.00023237755317195272,0.27156741487293656,0.00916443493492921,0.0,0.0
extrinsic,11600,1.12,0.0,11187.16,4.030532450773061,1.04,1.7943913813528857e-17,0.03374137931034483,0.0037273163906538422,0.9421379310344826,0.0037738547808973525,0.012101724137931034,0.00013128078817733989,0.012018965517241378,0.00014786717649806683,0.0,0.0,0.012018965517241378,0.00014786717649806683,0.934798275862069,0.0006866605020337671,0.5390630753270375,0.00023067084319392607,0.27099111380570773,0.009112914960699619,0.0,0.0
extrinsic,11700,1.12,0.0,11285.88,4.031877063237571,1.04,1.7943913813528857e-17,0.0334957264957265,0.0036944593626623253,0.9425076923076925,0.003738071346436936,0.012042735042735042,0.0001300982387432148,0.011953846153846155,0.0001463574595387283,0.0,0.0,0.011953846153846155,0.0001463574595387283,0.9352068376068376,0.0006841828454306832,0.5391234256141062,0.0002292795098228208,0.27041883165730346,0.0090617557686187,0.0,0.0
extrinsic,11800,1.12,0.0,11384.8,4.045052407521049,1.04,1.7943913813528857e-17,0.033242372881355925,0.0036642957840535657,0.9428881355932203,0.003704248222660901,0.011971186440677963,0.00012880377359104987,0.011898305084745762,0.00014525827139923143,0.0,0.0,0.011898305084745762,0.00014525827139923143,0.9356440677966101,0.0006789252986271986,0.5391917417926533,0.0002274773914932296,0.2697926433313639,0.00900570303204306,0.0,0.0
extrinsic,11900,1.12,0.0,11483.92,4.0498767932884485,1.04,1.7943913813528857e-17,0.032994957983193275,0.0036323957859557094,0.9432739495798319,0.003669972175810827,0.011904201680672268,0.0001297543057092569,0.011826890756302524,0.00014373332846032987,0.0,0.0,0.011826890756302524,0.00014373332846032987,0.9360806722689076,0.000676494863703521,0.5392593662844203,0.00022608636159691503,0.269146534001945,0.008954014160599964,0.0,0.0
extrinsic,12000,1.12,0.0,11583.02,4.022740460970174,1.04,1.7943913813528857e-17,0.03280666666666667,0.0035991341551360185,0.9435983333333333,0.0036360975957231384,0.011846666666666665,0.0001267588279115689,0.011748333333333331,0.00014217077176646118,0.0,0.0,0.011748333333333331,0.00014217077176646118,0.9365183333333333,0.0006688030818995059,0.53932381904329,0.0002245883920226724,0.26859423512016156,0.008898484531210844,0.0,0.0
extrinsic,12100,1.12,0.0,11681.9,4.021498350067029,1.04,1.7943913813528857e-17,0.03258842975206611,0.0035682268787178553,0.9439355371900827,0.003604857370492971,0.011775206611570247,0.00012573074792179349,0.011700826446280992,0.00014027424902797296,0.0,0.0,0.011700826446280992,0.00014027424902797296,0.9369355371900828,0.0006635092244565403,0.5393878260969458,0.000222912833223416,0.2680612918100337,0.008846160631867375,0.0,0.0
extrinsic,12200,1.12,0.0,11780.88,4.01290164243241,1.04,1.7943913813528857e-17,0.03234426229508197,0.003537862768564243,0.9443049180327869,0.003575013549886613,0.011711475409836065,0.0001247089641558743,0.011639344262295081,0.00013856966925046387,0.0,0.0,0.011639344262295081,0.00013856966925046387,0.9373557377049181,0.0006576286302470847,0.5394521159945679,0.000221425306199179,0.2675900005138621,0.008795810239645464,0.0,0.0
extrinsic,12300,1.12,0.0,11879.8,4.0025502074634,1.04,1.7943913813528857e-17,0.032115447154471545,0.003509960243975249,0.9446520325203253,0.0035460952754994496,0.011645528455284554,0.00012351871327416134,0.0115869918699187,0.0001381916655043256,0.0,0.0,0.0115869918699187,0.0001381916655043256,0.9377577235772356,0.0006535104712745479,0.5395135542620637,0.00021962196736124173,0.26712712009060247,0.008746948379773363,0.0,0.0
extrinsic,12400,1.12,0.0,11978.98,3.991264952163329,1.04,1.7943913813528857e-17,0.03187903225806452,0.0034814839020035635,0.9450258064516128,0.0035174631311946456,0.01158064516129032,0.00012058860929151636,0.011514516129032258,0.00013649599223523564,0.0,0.0,0.011514516129032258,0.00013649599223523564,0.938174193548387,0.000647890704427467,0.5395781315044408,0.00021763970067745613,0.26662822532318,0.008696787775971932,0.0,0.0
extrinsic,12500,1.12,0.0,12078.18,3.9921034300126004,1.04,1.7943913813528857e-17,0.0316544,0.003453887063845012,0.9453792,0.003489027790905984,0.011513599999999997,0.00012009987680328098,0.011452799999999999,0.00013602131885727864,0.0,0.0,0.011452799999999999,0.00013602131885727864,0.9385935999999998,0.0006437323413864949,0.5396462551641065,0.0002159702536262344,0.2660881150628456,0.008648196254292244,0.0,0.0
extrinsic,12600,1.12,0.0,12177.28,4.002452309496756,1.04,1.7943913813528857e-17,0.031433333333333334,0.0034260407777132835,0.9457301587301588,0.0034598352329647873,0.011447619047619048,0.00011829608370775092,0.011388888888888886,0.00013461540580449202,0.0,0.0,0.011388888888888886,0.00013461540580449202,0.9389968253968255,0.0006373445793876171,0.5397095304484848,0.0002148498604271493,0.26555770293892744,0.008597213335755903,0.0,0.0
extrinsic,12700,1.12,0.0,12276.7,4.002677675185521,1.04,1.7943913813528857e-17,0.031217322834645667,0.0033985375245580117,0.946096062992126,0.0034325114057190765,0.011368503937007873,0.00011678814385136538,0.011318110236220471,0.000133224577877498,0.0,0.0,0.011318110236220471,0.000133224577877498,0.9394251968503936,0.0006305807651575263,0.5397761678969861,0.00021330341772763295,0.2650305730233289,0.00854306861712229,0.0,0.0
extrinsic,12800,1.12,0.0,12375.74,4.0417020055962585,1.04,1.7943913813528857e-17,0.030999999999999996,0.003371387812111744,0.946425,0.003406710410514766,0.011304687499999999,0.00011560366770947473,0.011270312499999999,0.00013377614093436398,0.0,0.0,0.011270312499999999,0.00013377614093436398,0.939796875,0.0006228198583000206,0.5398361141177849,0.00021208221402664243,0.2645223136636041,0.008488571804838791,0.0,0.0
extrinsic,12900,1.12,0.0,12474.9,4.058274490067754,1.04,1.7943913813528857e-17,0.030782945736434107,0.003345226810682767,0.9467736434108527,0.0033795974083094455,0.011240310077519378,0.0001145952010655728,0.011203100775193797,0.00013291325015209686,0.0,0.0,0.011203100775193797,0.00013291325015209686,0.9401891472868218,0.0006180559317194616,0.5398966860247679,0.0002107870500717544,0.2640198814582356,0.00843873021931929,0.0,0.0
extrinsic,13000,1.12,0.0,12574.22,4.042861181219588,1.04,1.7943913813528857e-17,0.03058153846153846,0.0033193589003357284,0.9471015384615384,0.003353505117106951,0.01118,0.00011507777096540364,0.011136923076923077,0.00013180016563492456,0.0,0.0,0.011136923076923077,0.00013180016563492456,0.9405830769230767,0.0006140648721348193,0.5399595956592753,0.00020916584813533855,0.2634954320778219,0.00838974516972708,0.0,0.0
extrinsic,13100,1.12,0.0,12673.58,4.038295255603356,1.04,1.7943913813528857e-17,0.03036946564885496,0.0032942854075129406,0.9474381679389312,0.003329559033182745,0.011116030534351144,0.00011368330414416426,0.011076335877862595,0.00012988091346386412,0.0,0.0,0.011076335877862595,0.00012988091346386412,0.9409679389312977,0.0006094060408285645,0.5400207149191281,0.0002071430488808115,0.26299310858236713,0.008342324831709751,0.0,0.0
extrinsic,13200,1.12,0.0,12773.02,4.021015203316958,1.04,1.7943913813528857e-17,0.03016060606060606,0.0032689605892233606,0.9477863636363637,0.0033039055551449853,0.011045454545454546,0.00011267891848329321,0.011007575757575761,0.0001280399541871827,0.0,0.0,0.011007575757575761,0.0001280399541871827,0.9413499999999999,0.0006045113547311697,0.5400801705189145,0.00020549420978129574,0.26249312972171907,0.008297401856852285,0.0,0.0
extrinsic,13300,1.12,0.0,12872.28,4.0356614408676705,1.04,1.7943913813528857e-17,0.03001353383458647,0.0032400421045451822,0.9480541353383458,0.0032753813413455824,0.010989473684210526,0.00011113544169606835,0.010942857142857145,0.00012864655869685202,0.0,0.0,0.010942857142857145,0.00012864655869685202,0.9417203007518797,0.0005999698102187472,0.5401366023262514,0.00020423304529039525,0.2620616173664165,0.008255519002337414,0.0,0.0
extrinsic,13400,1.12,0.0,12971.72,4.042129162120541,1.04,1.7943913813528857e-17,0.029882089552238807,0.0032136575496401485,0.9483179104477613,0.003249444712525126,0.010925373134328358,0.00011242154649436305,0.010874626865671644,0.00012761225202271185,0.0,0.0,0.010874626865671644,0.00012761225202271185,0.9421059701492537,0.0005956284922008792,0.5401960556513657,0.00020271189753196203,0.26162061514445784,0.008203132526704703,0.0,0.0
extrinsic,13500,1.12,0.0,13071.14,4.0222858766464356,1.04,1.7943913813528857e-17,0.029671111111111113,0.003189533258924722,0.9486607407407408,0.003225255062223656,0.01085925925925926,0.00011162892693537009,0.010808888888888889,0.00012639794155503358,0.0,0.0,0.010808888888888889,0.00012639794155503358,0.9424844444444445,0.0005936581878082184,0.5402561360959931,0.00020099700813303186,0.26115210606059475,0.008149161651233635,0.0,0.0
extrinsic,13600,1.12,0.0,13170.6,4.055834799195765,1.04,1.7943913813528857e-17,0.029466176470588235,0.0031663203242127784,0.9489926470588236,0.003202148812518382,0.010795588235294118,0.0001115957606652715,0.010745588235294116,0.0001254715348832387,0.0,0.0,0.010745588235294116,0.0001254715348832387,0.9428617647058825,0.0005887146906065371,0.5403169999109027,0.00019974987674209224,0.2606736885626703,0.008098312140979945,0.0,0.0
extrinsic,13700,1.12,0.0,13270.0,4.070200315985062,1.04,1.7943913813528857e-17,0.029268613138686134,0.0031437049934657925,0.9493109489051096,0.0031801406143525638,0.010735766423357664,0.0001106466438657599,0.010684671532846716,0.0001251631865137747,0.0,0.0,0.010684671532846716,0.0001251631865137747,0.9432262773722627,0.0005841575647137089,0.5403764528341288,0.0001985345124873653,0.2602210493024909,0.008048652413725599,0.0,0.0
extrinsic,13800,1.12,0.0,13369.42,4.060973041133901,1.04,1.7943913813528857e-17,0.029068115942028988,0.003120838349147366,0.9496318840579712,0.003157243890560006,0.010679710144927534,0.0001092392990434472,0.010620289855072462,0.00012467413126104708,0.0,0.0,0.010620289855072462,0.00012467413126104708,0.9435942028985509,0.000579798869282559,0.540437583735949,0.0001970884625385957,0.2597476619292486,0.008000058653137871,0.0,0.0
extrinsic,13900,1.12,0.0,13468.96,4.0593515114951,1.04,1.7943913813528857e-17,0.028866187050359714,0.003099002952211217,0.9499611510791365,0.003134782204695066,0.01062158273381295,0.00010913051517004438,0.010551079136690646,0.00012449959199017954,0.0,0.0,0.010551079136690646,0.00012449959199017954,0.9439625899280576,0.0005768698471488093,0.5404970830311487,0.00019551949971177043,0.25925750034628964,0.007965259639585807,0.0,0.0
extrinsic,14000,1.12,0.0,13568.42,4.050103551208315,1.04,1.7943913813528857e-17,0.02867571428571429,0.0030765786438190557,0.9502757142857143,0.0031110181657278296,0.010557142857142855,0.00010904530618279628,0.010491428571428572,0.00012339160984210082,0.0,0.0,0.010491428571428572,0.00012339160984210082,0.9443214285714285,0.0005711342171890499,0.5405551821007885,0.00019421988844139118,0.2588404368989669,0.007929294792597534,0.0,0.0
extrinsic,14100,1.12,0.0,13667.9,4.045985664828782,1.04,1.7943913813528857e-17,0.02847375886524823,0.003054721320768855,0.9506,0.0030879971151272063,0.010499290780141845,0.0001077960858276857,0.010426950354609927,0.00012209432140506147,0.0,0.0,0.010426950354609927,0.00012209432140506147,0.9446794326241136,0.0005677610864938496,0.5406125231327953,0.0001927699005161597,0.258445818078074,0.007895107480265224,0.0,0.0
extrinsic,14200,1.12,0.0,13767.64,4.033306234799618,1.04,1.7943913813528857e-17,0.02828450704225352,0.003033218888724854,0.950925352112676,0.003066020780047147,0.010430985915492958,0.00010706872488526295,0.010359154929577463,0.00012134731953074655,0.0,0.0,0.010359154929577463,0.00012134731953074655,0.9450478873239434,0.0005629253696562672,0.540671447332244,0.00019118931167528243,0.2580167608352617,0.007860626492258875,0.0,0.0
extrinsic,14300,1.12,0.0,13867.28,4.041523252943329,1.04,1.7943913813528857e-17,0.028095104895104896,0.0030114421136738425,0.9512405594405594,0.003044513728536899,0.010369230769230771,0.00010679577669001909,0.010295104895104894,0.0001199015964778255,0.0,0.0,0.010295104895104894,0.0001199015964778255,0.9454069930069928,0.0005579129994033827,0.5407299432852128,0.00019003968541545885,0.2575565399285612,0.007825901102088804,0.0,0.0
extrinsic,14400,1.12,0.0,13966.84,4.044987828240308,1.04,1.7943913813528857e-17,0.027913888888888887,0.0029902623415433306,0.9515430555555555,0.0030232504860161304,0.010309722222222224,0.0001056668243356454,0.010233333333333334,0.00011957159819533292,0.0,0.0,0.010233333333333334,0.00011957159819533292,0.9457527777777777,0.0005548477634129698,0.5407852145077625,0.0001889075597273013,0.2571336524272578,0.007790472743243936,0.0,0.0
extrinsic,14500,1.12,0.0,14066.32,4.064122768513646,1.04,1.7943913813528857e-17,0.02773241379310345,0.002968976029850262,0.9518413793103448,0.0030020784374818732,0.010253793103448277,0.00010449742443457948,0.010172413793103447,0.00011919553689189956,0.0,0.0,0.010172413793103447,0.00011919553689189956,0.9460896551724138,0.000549980531269219,0.5408387186990476,0.00018766123696501685,0.25669815268847157,0.007753782912691366,0.0,0.0
extrinsic,14600,1.12,0.0,14165.96,4.047671036080691,1.04,1.7943913813528857e-17,0.02758219178082192,0.002961523376306055,0.9521136986301371,0.0029938228166577203,0.010191780821917809,0.00010393950469580823,0.010112328767123287,0.00011781992127094872,0.0,0.0,0.010112328767123287,0.00011781992127094872,0.9464287671232876,0.0005465070937888788,0.5408934373573363,0.00018625759838158132,0.25620658500880084,0.007717016462217769,0.0,0.0
extrinsic,14700,1.12,0.0,14265.58,4.020771577898035,1.04,1.7943913813528857e-17,0.027481632653061222,0.0029746135264124597,0.952334693877551,0.003006496422848733,0.010131972789115646,0.00010272637491189168,0.010051700680272111,0.0001164488568189993,0.0,0.0,0.010051700680272111,0.0001164488568189993,0.94676462585034,0.0005429290588366761,0.540946352857882,0.0001848725606401115,0.25572506170492376,0.007684103707531378,0.0,0.0
extrinsic,14800,1.12,0.0,14365.16,4.009820597544208,1.04,1.7943913813528857e-17,0.02734189189189189,0.00297309056203294,0.9525864864864865,0.0030047641097575182,0.010072972972972973,0.0001019122190225509,0.009998648648648648,0.00011567702237979731,0.0,0.0,0.009998648648648648,0.00011567702237979731,0.9470959459459459,0.0005370977301809028,0.5410003792362472,0.00018374486290358548,0.25525188660330206,0.007655828412553874,0.0,0.0
extrinsic,14900,1.12,0.0,14464.86,4.009479583513581,1.04,1.7943913813528857e-17,0.02717046979865772,0.0029525540093574424,0.952875167785235,0.0029833079373640524,0.01001744966442953,0.00010082734537129774,0.009936912751677851,0.00011552173503142171,0.0,0.0,0.009936912751677851,0.00011552173503142171,0.9474201342281878,0.000531869755885032,0.5410529201131093,0.00018271505572067023,0.2547862645622187,0.007630827502545513,0.0,0.0
extrinsic,15000,1.12,0.0,14564.58,4.005515585045303,1.04,1.7943913813528857e-17,0.026999999999999996,0.0029324370925200255,0.9531613333333334,0.0029631594892496347,0.009958666666666666,9.986639601064109e-05,0.009879999999999998,0.00011509239116206315,0.0,0.0,0.009879999999999998,0.00011509239116206315,0.9477426666666666,0.0005285911965415473,0.5411055120491927,0.00018124892817440356,0.25431180630893285,0.00760523246292109,0.0,0.0
extrinsic,15100,1.12,0.0,14664.22,4.012764327869307,1.04,1.7943913813528857e-17,0.026829139072847685,0.0029138167551578617,0.9534450331125828,0.002943733193708987,0.009903311258278145,9.992993735360999e-05,0.009822516556291391,0.00011468100328483834,0.0,0.0,0.009822516556291391,0.00011468100328483834,0.9480596026490066,0.0005264907037408131,0.541157251497253,0.00018028118710918838,0.2538295633661968,0.007577235538066744,0.0,0.0
extrinsic,15200,1.12,0.0,14763.9,3.9843827781036523,1.04,1.7943913813528857e-17,0.026659210526315785,0.0028956883078935227,0.9537276315789474,0.002924872799540714,0.009846052631578946,9.919060904900115e-05,0.009767105263157893,0.00011339448326968898,0.0,0.0,0.009767105263157893,0.00011339448326968898,0.9483763157894737,0.0005232403432277083,0.5412098295648439,0.00017882113760217771,0.2533427007057054,0.007547710235513319,0.0,0.0
extrinsic,15300,1.12,0.0,14863.64,3.9970152129113665,1.04,1.7943913813528857e-17,0.026491503267973858,0.0028770793063083106,0.9540104575163398,0.0029068575682053613,0.00978954248366013,9.89604135639344e-05,0.009708496732026145,0.0001124209373362743,0.0,0.0,0.009708496732026145,0.0001124209373362743,0.948686274509804,0.0005205739983940911,0.5412604434661048,0.00017733881102651204,0.25287866931646635,0.007517264079704387,0.0,0.0
extrinsic,15400,1.12,0.0,14963.32,3.9958590810886174,1.04,1.7943913813528857e-17,0.026328571428571427,0.0028583065179647394,0.9542831168831168,0.002888096405913851,0.009732467532467532,9.872570736173597e-05,0.009655844155844156,0.00011169154760812601,0.0,0.0,0.009655844155844156,0.00011169154760812601,0.9489987012987012,0.0005167636681114415,0.5413122954356804,0.00017624938449276064,0.2524086595461067,0.007488742939355795,0.0,0.0
extrinsic,15500,1.12,0.0,15063.0,3.9920328819552884,1.04,1.7943913813528857e-17,0.026167741935483876,0.002840529071631357,0.9545483870967744,0.002870007162275427,0.009681290322580645,9.803280731939624e-05,0.009602580645161292,0.00011152241305821026,0.0,0.0,0.009602580645161292,0.00011152241305821026,0.9492980645161292,0.0005146642809975083,0.5413622308497605,0.00017531333387043064,0.25199121437066774,0.00745405662930832,0.0,0.0
extrinsic,15600,1.12,0.0,15162.66,3.995876445966337,1.04,1.7943913813528857e-17,0.026007692307692305,0.002821899806446716,0.9548153846153846,0.002851967487982596,0.009629487179487178,9.853224529284573e-05,0.009547435897435898,0.00011098976655650167,0.0,0.0,0.009547435897435898,0.00011098976655650167,0.9495935897435896,0.0005117879780552484,0.5414106709708386,0.00017412497816821475,0.25157642605699326,0.007421445272161011,0.0,0.0
extrinsic,15700,1.12,0.0,15262.12,4.014122009880128,1.04,1.7943913813528857e-17,0.02585222929936306,0.0028034130283366644,0.9550687898089173,0.0028335580885913074,0.009579617834394904,9.77304573765063e-05,0.00949936305732484,0.00011080112808252452,0.0,0.0,0.00949936305732484,0.00011080112808252452,0.9498815286624205,0.0005083242990299356,0.5414574434186157,0.000173030783302209,0.2511807285560733,0.0073893238747722734,0.0,0.0
extrinsic,15800,1.12,0.0,15361.72,4.028170192784909,1.04,1.7943913813528857e-17,0.025701265822784817,0.0027866089631873505,0.9553189873417722,0.002817785764500014,0.009534177215189876,9.71920180340847e-05,0.009445569620253164,0.00011004860992253927,0.0,0.0,0.009445569620253164,0.00011004860992253927,0.9501658227848101,0.0005055822766409183,0.5415038965748316,0.00017208280948034836,0.2507942088243158,0.007355286135043773,0.0,0.0
extrinsic,15900,1.12,0.0,15461.38,4.036050807714018,1.04,1.7943913813528857e-17,0.02554716981132075,0.00276860507401418,0.9555786163522012,0.002800576555696591,0.009483018867924528,9.638881686130534e-05,0.009391194968553458,0.0001098849249680167,0.0,0.0,0.009391194968553458,0.0001098849249680167,0.9504578616352203,0.0005022937227466018,0.5415514230535905,0.00017093581543076722,0.25041261407423493,0.007320307963690284,0.0,0.0
extrinsic,16000,1.12,0.0,15560.98,4.0181719876641635,1.04,1.7943913813528857e-17,0.025416249999999998,0.002748921756380869,0.9558087500000001,0.002781600333358626,0.00942875,9.581501229782657e-05,0.009346249999999999,0.00010865319407009005,0.0,0.0,0.009346249999999999,0.00010865319407009005,0.9507425,0.000499517113759655,0.5415979768394881,0.00016983934975992968,0.2500464429852075,0.007289437555526985,0.0,0.0
extrinsic,16100,1.12,0.0,15660.46,4.024943655328783,1.04,1.7943913813528857e-17,0.025270807453416148,0.0027311988327542868,0.9560447204968945,0.002764415038751619,0.00938385093167702,9.510124440171047e-05,0.009300621118012421,0.00010772428723531964,0.0,0.0,0.009300621118012421,0.00010772428723531964,0.951014906832298,0.0004970611014609867,0.541642278110717,0.0001687570846446834,0.2497298347485936,0.007255857822810715,0.0,0.0
extrinsic,16200,1.12,0.0,15760.14,4.023604841229733,1.04,1.7943913813528857e-17,0.025132098765432095,0.0027132208925842397,0.9562839506172839,0.0027453877106475306,0.0093320987654321,9.433054422162893e-05,0.009251851851851851,0.00010721653573113729,0.0,0.0,0.009251851851851851,0.00010721653573113729,0.9512925925925926,0.0004936930089893007,0.5416858651979118,0.00016762361402806235,0.24942409929578185,0.007224770863469636,0.0,0.0
extrinsic,16300,1.12,0.0,15859.7,4.046590905834647,1.04,1.7943913813528857e-17,0.024982822085889568,0.0026962923694512464,0.956526380368098,0.002728391069190282,0.009285889570552147,9.34082358815905e-05,0.009204907975460122,0.00010753921228599907,0.0,0.0,0.009204907975460122,0.00010753921228599907,0.951561963190184,0.0004912112004156657,0.5417296674206916,0.0001666221317233678,0.24909635215268824,0.007194500266751496,0.0,0.0
extrinsic,16400,1.12,0.0,15959.36,4.050775687873791,1.04,1.7943913813528857e-17,0.024842682926829264,0.0026801085303832703,0.9567621951219514,0.00271227290144372,0.009240243902439027,9.310718047134825e-05,0.00915487804878049,0.00010713945775180054,0.0,0.0,0.00915487804878049,0.00010713945775180054,0.9518317073170732,0.0004869328941044887,0.5417725338593643,0.00016528406109810962,0.24877461780517826,0.00716531859925986,0.0,0.0
extrinsic,16500,1.12,0.0,16058.92,4.054409542053427,1.04,1.7943913813528857e-17,0.024698181818181814,0.0026643573741874853,0.9569975757575757,0.0026962508113346903,0.009192727272727274,9.150396995994797e-05,0.009111515151515153,0.00010654079828400782,0.0,0.0,0.009111515151515153,0.00010654079828400782,0.9520981818181817,0.00048453883123572306,0.5418160115302135,0.0001643617816608074,0.24842597872013278,0.007140488804981584,0.0,0.0
extrinsic,16600,1.12,0.0,16158.5,4.043059056038168,1.04,1.7943913813528857e-17,0.02455783132530121,0.002647825629363264,0.9572253012048193,0.0026784272873865735,0.009154216867469879,9.00446870000286e-05,0.009062650602409638,0.00010561256385933072,0.0,0.0,0.009062650602409638,0.00010561256385933072,0.952357831325301,0.0004819000791193389,0.5418590381776012,0.0001633054447198963,0.2480525168232158,0.007117677100578172,0.0,0.0
extrinsic,16700,1.12,0.0,16258.02,4.055984744164844,1.04,1.7943913813528857e-17,0.024423952095808384,0.0026324913773949116,0.9574443113772455,0.0026627631397501575,0.009113772455089821,9.046572500531932e-05,0.009017964071856286,0.00010520074689234018,0.0,0.0,0.009017964071856286,0.00010520074689234018,0.9526059880239521,0.00048016561350459387,0.5419002037814805,0.00016218419675597022,0.24768320253335166,0.007094377137685939,0.0,0.0
extrinsic,16800,1.12,0.0,16357.6,4.0482800580705165,1.04,1.7943913813528857e-17,0.024290476190476192,0.002616617412132563,0.9576642857142857,0.002647658003048358,0.009073809523809522,8.989764388484839e-05,0.008971428571428571,0.00010443672475933955,0.0,0.0,0.008971428571428571,0.00010443672475933955,0.9528630952380952,0.0004773590193420641,0.541942166101434,0.00016103146322904113,0.24732048906133305,0.007071993951987062,0.0,0.0
extrinsic,16900,1.12,0.0,16457.2,4.079015487460028,1.04,1.7943913813528857e-17,0.02415266272189349,0.0026015420178184443,0.957891124260355,0.0026333567123174705,0.009030769230769231,8.990348089134588e-05,0.008925443786982248,0.0001034370315739585,0.0,0.0,0.008925443786982248,0.0001034370315739585,0.9531159763313609,0.00047325082959981716,0.541982303330167,0.00016005715723323548,0.24697410650628093,0.007043722420224818,0.0,0.0
extrinsic,17000,1.12,0.0,16556.7,4.055256100521436,1.04,1.7943913813528857e-17,0.024029411764705882,0.002588991077037079,0.9580941176470589,0.002619853259153768,0.008988235294117648,8.896457322935158e-05,0.008888235294117646,0.00010301917813095798,0.0,0.0,0.008888235294117646,0.00010301917813095798,0.9533623529411764,0.00047053829266797097,0.5420233828770005,0.00015898508681730716,0.2466237416821492,0.007016742598171809,0.0,0.0
extrinsic,17100,1.12,0.0,16656.3,4.0647062298146315,1.04,1.7943913813528857e-17,0.02393333333333333,0.0025840882268723746,0.9582748538011695,0.002615072951452062,0.008943859649122806,8.848233986559297e-05,0.008847953216374268,0.00010218476748552976,0.0,0.0,0.008847953216374268,0.00010218476748552976,0.953604678362573,0.00046807715483036404,0.542062280047748,0.00015813686269655993,0.24626409304140004,0.00699181439586083,0.0,0.0
extrinsic,17200,1.12,0.0,16755.84,4.059291181716235,1.04,1.7943913813528857e-17,0.023833720930232564,0.0025758616240721234,0.9584569767441861,0.002607087799562375,0.0089,8.797465145530975e-05,0.008809302325581397,0.00010154978376756197,0.0,0.0,0.008809302325581397,0.00010154978376756197,0.953843023255814,0.00046720948659363437,0.542100805381044,0.00015729909035023943,0.2459226914960355,0.006966675035355143,0.0,0.0
extrinsic,17300,1.12,0.0,16855.52,4.057267603715987,1.04,1.7943913813528857e-17,0.023732947976878607,0.002568830685324562,0.9586462427745666,0.002600248928891804,0.008857803468208093,8.722755634566372e-05,0.008763005780346823,0.00010122935042590891,0.0,0.0,0.008763005780346823,0.00010122935042590891,0.9540867052023121,0.00046430035493205863,0.5421399674622205,0.00015637787309526113,0.24559600931165995,0.006940354788140876,0.0,0.0
extrinsic,17400,1.12,0.0,16955.16,4.055871028018318,1.04,1.7943913813528857e-17,0.02363448275862069,0.002562445412765615,0.958828735632184,0.002593671241342739,0.008817241379310344,8.654776615159357e-05,0.008719540229885058,0.00010040671603065208,0.0,0.0,0.008719540229885058,0.00010040671603065208,0.9543206896551725,0.0004620098215894969,0.5421771134598098,0.0001556847903371059,0.24527456309360557,0.00691280879084142,0.0,0.0
extrinsic,17500,1.12,0.0,17054.66,4.063135413415987,1.04,1.7943913813528857e-17,0.02353257142857143,0.002554497256455006,0.9590102857142858,0.0025857330360288537,0.008776,8.59602302395735e-05,0.008681142857142858,0.00010091909163810165,0.0,0.0,0.008681142857142858,0.00010091909163810165,0.9545474285714286,0.00046044605430996277,0.5422134624686975,0.0001548882557943348,0.2449277918809951,0.006889368066015417,0.0,0.0
extrinsic,17600,1.12,0.0,17154.14,4.052614172685708,1.04,1.7943913813528857e-17,0.023421590909090906,0.0025445097937412758,0.959193181818182,0.0025748595600712017,0.008743181818181818,8.601813028893649e-05,0.008642045454545454,9.989044112273397e-05,0.0,0.0,0.008642045454545454,9.989044112273397e-05,0.9547704545454545,0.0004579417412592859,0.5422499944378175,0.00015395576511072483,0.244604111647758,0.006864558044779969,0.0,0.0
extrinsic,17700,1.12,0.0,17253.92,4.0482639262190565,1.04,1.7943913813528857e-17,0.023293785310734463,0.0025308687027021204,0.9594067796610168,0.0025613223369950356,0.008701694915254236,8.534688224823164e-05,0.00859774011299435,9.901657704076152e-05,0.0,0.0,0.00859774011299435,9.901657704076152e-05,0.9550090395480224,0.0004550300750079907,0.5422892026221887,0.00015317161795860403,0.2442686512892286,0.006840045190151897,0.0,0.0
extrinsic,17800,1.12,0.0,17353.54,4.034970601516452,1.04,1.7943913813528857e-17,0.023171910112359546,0.002516812068680886,0.9596101123595507,0.002546251060718806,0.008658426966292135,8.401536192136735e-05,0.008559550561797752,9.853969058633322e-05,0.0,0.0,0.008559550561797752,9.853969058633322e-05,0.955234831460674,0.0004531027227926361,0.542325695586011,0.0001520344453706158,0.24395077770829257,0.006817384036632667,0.0,0.0
extrinsic,17900,1.12,0.0,17453.28,4.040513202400842,1.04,1.7943913813528857e-17,0.023058100558659218,0.0025033301183737715,0.9598067039106145,0.00253284250359404,0.008615642458100559,8.314325671278922e-05,0.008519553072625698,9.838476684150796e-05,0.0,0.0,0.008519553072625698,9.838476684150796e-05,0.955463687150838,0.0004506655885223346,0.5423627191014472,0.00015102116760669154,0.2436296086705253,0.0067972767000569305,0.0,0.0
extrinsic,18000,1.12,0.0,17552.9,4.032444946294737,1.04,1.7943913813528857e-17,0.022943333333333333,0.0024908704504463955,0.9599977777777778,0.002519668640505949,0.008575555555555557,8.215355347887483e-05,0.008483333333333334,9.822370485537208e-05,0.0,0.0,0.008483333333333334,9.822370485537208e-05,0.9556866666666666,0.0004482820711546701,0.5423993176453922,0.00015013064332633448,0.24330106675841207,0.006777652948557775,0.0,0.0
extrinsic,18100,1.12,0.0,17652.56,4.048598648965857,1.04,1.7943913813528857e-17,0.022820994475138124,0.002478037484276628,0.9601988950276243,0.0025064627244320526,0.008533701657458563,8.14162962200603e-05,0.008446408839779006,9.772426094981022e-05,0.0,0.0,0.008446408839779006,9.772426094981022e-05,0.9559027624309393,0.00044685103393616004,0.5424340431022594,0.00014932744476126505,0.2429747485448507,0.006758261571411561,0.0,0.0
extrinsic,18200,1.12,0.0,17752.26,4.06335640894599,1.04,1.7943913813528857e-17,0.0227,0.002464601689660932,0.9603967032967033,0.0024929886673890705,0.008496703296703297,8.125076717690917e-05,0.008406593406593407,9.739452037203201e-05,0.0,0.0,0.008406593406593407,9.739452037203201e-05,0.9561197802197802,0.0004437923943260219,0.5424696696150884,0.00014845519427909731,0.24265180577578324,0.006740044229300999,0.0,0.0
extrinsic,18300,1.12,0.0,17851.88,4.060827300852246,1.04,1.7943913813528857e-17,0.022584699453551908,0.002450946574150277,0.960585792349727,0.0024788460047344106,0.00846120218579235,8.126699913553658e-05,0.008368306010928962,9.713886227100504e-05,0.0,0.0,0.008368306010928962,9.713886227100504e-05,0.9563333333333334,0.0004427385861036829,0.5425045157305312,0.0001475581932316985,0.24234251986533267,0.006722091714363388,0.0,0.0
extrinsic,18400,1.12,0.0,17951.44,4.040525324504127,1.04,1.7943913813528857e-17,0.022465217391304346,0.002438119010318355,0.960779347826087,0.0024648104043251897,0.00842608695652174,8.056537517265096e-05,0.008329347826086957,9.595733064855732e-05,0.0,0.0,0.008329347826086957,9.595733064855732e-05,0.9565423913043479,0.00044012602160660745,0.5425385808286357,0.00014667386005968625,0.2420403274629081,0.00670630728660775,0.0,0.0
extrinsic,18500,1.12,0.0,18050.96,4.04403920124725,1.04,1.7943913813528857e-17,0.022351351351351353,0.0024250061300639596,0.960961081081081,0.002452072595583767,0.008393513513513511,8.14448907270936e-05,0.008294054054054055,9.589179115377721e-05,0.0,0.0,0.008294054054054055,9.589179115377721e-05,0.9567481081081081,0.00043826828819854404,0.5425733071990634,0.00014583023569495382,0.24171331468151647,0.006692153079498294,0.0,0.0
extrinsic,18600,1.12,0.0,18150.5,4.047196056329288,1.04,1.7943913813528857e-17,0.022235483870967746,0.002411842182072723,0.9611462365591399,0.0024397073567090804,0.008358064516129032,8.060067531705142e-05,0.00826021505376344,9.58279144402208e-05,0.0,0.0,0.00826021505376344,9.58279144402208e-05,0.9569505376344085,0.0004365088704787359,0.5426064598896514,0.00014497760640487037,0.241402164891685,0.006680792235493222,0.0,0.0
extrinsic,18700,1.12,0.0,18250.06,4.036912337974383,1.04,1.7943913813528857e-17,0.022122994652406414,0.00239867027636078,0.9613294117647058,0.002426487902687605,0.00832192513368984,7.931601213434973e-05,0.008225668449197861,9.444114633815396e-05,0.0,0.0,0.008225668449197861,9.444114633815396e-05,0.9571561497326203,0.00043330983502071495,0.542640085532693,0.0001442598641630774,0.24109134675300048,0.006669155328612381,0.0,0.0
extrinsic,18800,1.12,0.0,18349.72,4.016602280230272,1.04,1.7943913813528857e-17,0.022012765957446813,0.0023859540385919313,0.9615138297872341,0.002413449086016462,0.00828404255319149,7.946177651362069e-05,0.00818936170212766,9.330069321799232e-05,0.0,0.0,0.00818936170212766,9.330069321799232e-05,0.9573585106382977,0.0004313984718267353,0.5426726112998574,0.0001433394031230652,0.24077969417501724,0.006658618483253517,0.0,0.0
extrinsic,18900,1.12,0.0,18449.5,4.006550758394536,1.04,1.7943913813528857e-17,0.0219047619047619,0.002373800100988587,0.9617005291005291,0.0024005451927110078,0.008245502645502646,7.891909388556676e-05,0.008149206349206349,9.291200095164101e-05,0.0,0.0,0.008149206349206349,9.291200095164101e-05,0.9575703703703704,0.00042965675667810136,0.5427071646978198,0.00014259712117348878,0.24046903759687088,0.006648028486246489,0.0,0.0
extrinsic,19000,1.12,0.0,18549.22,4.000335700198886,1.04,1.7943913813528857e-17,0.021802105263157893,0.0023616964135312244,0.9618789473684211,0.002388096457888914,0.008208421052631578,7.855556194797956e-05,0.008110526315789474,9.207687148722653e-05,0.0,0.0,0.008110526315789474,9.207687148722653e-05,0.9577715789473683,0.00042623452037302516,0.5427396409542689,0.0001418710630328276,0.2401275241927896,0.006631870104081184,0.0,0.0
extrinsic,19100,1.12,0.0,18649.02,4.002192256394344,1.04,1.7943913813528857e-17,0.021697382198952876,0.0023498731819524415,0.9620607329842933,0.0023761558492308493,0.008169633507853402,7.802965147277496e-05,0.008072251308900524,9.203883488912294e-05,0.0,0.0,0.008072251308900524,9.203883488912294e-05,0.9579759162303665,0.0004237468899233968,0.5427732680208935,0.00014125885222877386,0.2397645804432678,0.006609413879485298,0.0,0.0
extrinsic,19200,1.12,0.0,18748.5,3.9976778974085154,1.04,1.7943913813528857e-17,0.021590625000000002,0.00233764473618044,0.9622291666666668,0.0023646357766368147,0.008135416666666666,7.793699032841368e-05,0.008044791666666667,9.191575329814296e-05,0.0,0.0,0.008044791666666667,9.191575329814296e-05,0.9581625000000001,0.0004207970239269817,0.5428042064299126,0.0001406536744837324,0.23941119845615888,0.0065868636605876385,0.0,0.0
extrinsic,19300,1.12,0.0,18847.98,3.9878888077348824,1.04,1.7943913813528857e-17,0.021489119170984457,0.002325702963666223,0.9623917098445597,0.0023517713223447883,0.008105699481865285,7.726644882845681e-05,0.008013471502590675,9.154011233041837e-05,0.0,0.0,0.008013471502590675,9.154011233041837e-05,0.9583512953367876,0.00041981035223382073,0.5428357311689138,0.0001397277459389631,0.2390526019683872,0.006563976307490363,0.0,0.0
extrinsic,19400,1.12,0.0,18947.58,3.9950060662516833,1.04,1.7943913813528857e-17,0.021387628865979384,0.002313284017250579,0.9625597938144331,0.002339667446846802,0.00807422680412371,7.680606523696227e-05,0.007978350515463917,9.137355909147156e-05,0.0,0.0,0.007978350515463917,9.137355909147156e-05,0.9585412371134022,0.00041591745155349454,0.5428672297406449,0.00013901726282205187,0.23870342567208155,0.006536145441151768,0.0,0.0
extrinsic,19500,1.12,0.0,19047.24,4.009535572881737,1.04,1.7943913813528857e-17,0.021286153846153847,0.002302508435423819,0.9627282051282051,0.00232946021583416,0.008042051282051281,7.624244494186034e-05,0.007943589743589743,9.125805927685748e-05,0.0,0.0,0.007943589743589743,9.125805927685748e-05,0.9587333333333332,0.00041310172402121253,0.5428987129548026,0.00013857839496317126,0.2383381136042901,0.006511150734037246,0.0,0.0
extrinsic,19600,1.12,0.0,19146.88,3.994960090219798,1.04,1.7943913813528857e-17,0.021182653061224486,0.0022909997245818955,0.9628989795918366,0.00231735134028391,0.008011224489795918,7.610236979939343e-05,0.007907142857142857,9.087714224266076e-05,0.0,0.0,0.007907142857142857,9.087714224266076e-05,0.9589255102040817,0.00041058581888346737,0.5429307214328781,0.0001378607784911685,0.23797516240885405,0.006484927363889819,0.0,0.0
extrinsic,19700,1.12,0.0,19246.48,3.986737195926984,1.04,1.7943913813528857e-17,0.02108527918781726,0.002280266719121707,0.9630598984771572,0.0023070124512149385,0.007983756345177664,7.637369395423434e-05,0.007871065989847716,9.031015600712606e-05,0.0,0.0,0.007871065989847716,9.031015600712606e-05,0.95911269035533,0.0004084934653852257,0.5429621253227428,0.00013721011350742966,0.23760498875227717,0.0064605384853399705,0.0,0.0
extrinsic,19800,1.12,0.0,19346.2,3.979744633382747,1.04,1.7943913813528857e-17,0.020988888888888894,0.0022704232990663144,0.9632272727272729,0.0022973703492073314,0.007944444444444443,7.59771435057735e-05,0.007839393939393941,9.021113689728282e-05,0.0,0.0,0.007839393939393941,9.021113689728282e-05,0.9592969696969698,0.00040549069745360046,0.5429909923426108,0.00013662109370015253,0.23726666439245003,0.0064327080546784715,0.0,0.0
extrinsic,19900,1.12,0.0,19445.82,3.966254594728392,1.04,1.7943913813528857e-17,0.02088844221105527,0.0022588044088445846,0.9633899497487435,0.0022866129004082683,0.007909547738693467,7.574177567328059e-05,0.007812060301507536,8.988312153054312e-05,0.0,0.0,0.007812060301507536,8.988312153054312e-05,0.9594804020100501,0.0004029616723664056,0.5430218921116176,0.00013583542812337844,0.23691271326599012,0.006407297736209223,0.0,0.0
extrinsic,20000,1.12,0.0,19545.36,3.975820798326826,1.04,1.7943913813528857e-17,0.020795999999999995,0.002248060769750185,0.963546,0.0022755639982659434,0.007876000000000001,7.565010757104183e-05,0.007782,8.994056994732121e-05,0.0,0.0,0.007782,8.994056994732121e-05,0.959661,0.0004016224493684766,0.5430514823601962,0.00013521367953350693,0.23656565567184423,0.006381997695747063,0.0,0.0
hiro,100,0.5019972618527582,0.013415657185455959,44.68,1.6964404510862245,0.42199726185275827,0.01341565718545596,0.21899999999999997,0.025998822579305473,0.6973999999999999,0.024685466268595357,0.044000000000000004,0.006040678431961708,0.039599999999999996,0.004720428897843059,0.0,0.0,0.039599999999999996,0.004720428897843059,0.21899999999999997,0.025998822579305473,0.42235193784361447,0.0034755773859009888,0.5218608932315649,0.013057710945228543,0.0,0.0
hiro,200,0.8142473872373305,0.014718615812526743,118.04,1.8202847949411314,0.7342473872373304,0.014718615812526745,0.16740000000000002,0.01691590243238713,0.7518,0.01679149444553062,0.041100000000000005,0.004153410204462186,0.0397,0.003140940974307163,0.0,0.0,0.0397,0.003140940974307163,0.16740000000000002,0.01691590243238713,0.43679887572764664,0.0021474032127671455,0.4717403274221016,0.011154387629472113,0.0,0.0
hiro,300,0.9963837702486097,0.012399480564715588,205.44,1.8980462565060774,0.9163837702486097,0.01239948056471559,0.1458,0.012745479835448631,0.7813333333333334,0.013488888515318258,0.03726666666666666,0.0027794026993365616,0.03559999999999999,0.002443817689182068,0.0,0.0,0.03559999999999999,0.002443817689182068,0.15526666666666664,0.012832812958793335,0.45358194209551383,0.0020570309999770773,0.47117394738680685,0.010992431568444604,0.0,0.0
hiro,400,1.097350337387005,0.005458889308236242,294.18,2.0339345603825034,1.0173503373870048,0.005458889308236243,0.12264999999999998,0.010567907232054325,0.81305,0.011446033534524934,0.03325,0.0021573911872198506,0.03105,0.0019033938539528032,0.0,0.0,0.03105,0.0019033938539528032,0.17405,0.012247425802000606,0.45677122094492,0.003267289404102348,0.5164556588240061,0.014102598895712427,0.0,0.0
hiro,500,1.1197133372077497,0.00020883164404618033,379.84,2.6755674584076172,1.0397133372077496,0.00020883164404618228,0.10264000000000001,0.008405331641285785,0.8384400000000001,0.009097438975797935,0.03072,0.0016794168083970487,0.0282,0.001534634171656661,0.0,0.0,0.0282,0.001534634171656661,0.21184,0.014384554074366274,0.4530014799419604,0.004218704624885037,0.5667184050535784,0.015021607139507932,0.0,0.0
hiro,600,1.12,0.0,462.04,3.401675457530795,1.04,1.7943913813528857e-17,0.08913333333333334,0.006965779652544319,0.8556666666666666,0.007464807834704809,0.028666666666666667,0.0013760174549333226,0.026533333333333332,0.0012434317226850823,0.0,0.0,0.026533333333333332,0.0012434317226850823,0.24706666666666663,0.016340589808310064,0.44643898079794014,0.004830750033733817,0.6071104553892244,0.015700645546464567,0.0,0.0
hiro,700,1.12,0.0,543.06,4.051546441968618,1.04,1.7943913813528857e-17,0.07880000000000001,0.005978492620287225,0.8685428571428571,0.006367149395156483,0.02728571428571429,0.0011901651683121088,0.02537142857142857,0.0010887788573672322,0.0,0.0,0.02537142857142857,0.0010887788573672322,0.26020000000000004,0.018133890945767436,0.43939840759831195,0.005072226923035282,0.6391345351179728,0.01614843654831192,0.0,0.0
hiro,800,1.12,0.0,622.5,4.575734579144151,1.04,1.7943913813528857e-17,0.07145,0.005212861840815329,0.8784749999999998,0.005526292673600062,0.026075000000000004,0.0011191799567139345,0.024,0.000991674526922487,0.0,0.0,0.024,0.000991674526922487,0.26322499999999993,0.018985631314985856,0.4325203773020799,0.005083575435181514,0.6678133111064894,0.015964984230875882,0.0,0.0
hiro,900,1.12,0.0,702.04,4.854197426255056,1.04,1.7943913813528857e-17,0.06553333333333333,0.0046148172413242846,0.8864,0.004926525915528292,0.025066666666666664,0.0010114785906184152,0.023000000000000003,0.0009080974438341462,0.0,0.0,0.023000000000000003,0.0009080974438341462,0.25866666666666666,0.017940581079873,0.4256289667609924,0.004811372898977519,0.6942137062742161,0.014866137416624677,0.0,0.0
hiro,1000,1.12,0.0,780.02,5.033884368629725,1.04,1.7943913813528857e-17,0.06034,0.00415344558217411,0.89274,0.004536636351720857,0.02442,0.0009302578093392899,0.022499999999999996,0.0009009065728815748,0.0,0.0,0.022499999999999996,0.0009009065728815748,0.25372,0.016994357767163997,0.4199029878820862,0.004569377114656756,0.7157066116946784,0.01387056243569899,0.0,0.0
hiro,1100,1.12,0.0,859.6,5.216926924024549,1.04,1.7943913813528857e-17,0.0567090909090909,0.003804985588858626,0.8977636363636363,0.004154318713542408,0.023600000000000003,0.0008408366312862052,0.021927272727272726,0.0008191665893844617,0.0,0.0,0.021927272727272726,0.0008191665893844617,0.24841818181818184,0.016006361739137834,0.41490943340773123,0.004304518242479268,0.7335304980703438,0.012936207188323572,0.0,0.0
hiro,1200,1.12,0.0,937.72,5.290734295705568,1.04,1.7943913813528857e-17,0.053516666666666664,0.0035148929982455578,0.9016666666666666,0.0038589795744482865,0.023000000000000003,0.0007457361792078966,0.02181666666666666,0.0007805348767848565,0.0,0.0,0.02181666666666666,0.0007805348767848565,0.24286666666666662,0.014955359879175298,0.410526869220576,0.004009608501116109,0.7490253810763212,0.011954245367278009,0.0,0.0
hiro,1300,1.12,0.0,1015.62,5.276431230539469,1.04,1.7943913813528857e-17,0.05089230769230769,0.0032580414296401357,0.9052615384615383,0.0036161267149797177,0.022307692307692303,0.000719255743822135,0.021538461538461538,0.0007185838560119478,0.0,0.0,0.021538461538461538,0.0007185838560119478,0.23799999999999996,0.013783987426826998,0.40671383505202485,0.0037054354907467596,0.76254404917026,0.011007493930221436,0.0,0.0
hiro,1400,1.12,0.0,1093.0,5.380387665268314,1.04,1.7943913813528857e-17,0.04862857142857143,0.003030377919890427,0.9080142857142858,0.003356897205825487,0.022214285714285714,0.0006924505133601448,0.021142857142857144,0.0006722313915102288,0.0,0.0,0.021142857142857144,0.0006722313915102288,0.23334285714285713,0.012841996909803536,0.40336533691828286,0.003457791204764831,0.7743734023245726,0.010233460355236233,0.0,0.0
hiro,1500,1.12,0.0,1170.72,5.31267563935345,1.04,1.7943913813528857e-17,0.04661333333333333,0.0028137556506701153,0.9106266666666667,0.003102389394426258,0.021866666666666666,0.0006391604470690482,0.020893333333333333,0.0006270139434340922,0.0,0.0,0.020893333333333333,0.0006270139434340922,0.22989333333333334,0.01197602078834629,0.4005929063829589,0.0032485985760186526,0.7840081387257173,0.009554726309724381,0.0,0.0
hiro,1600,1.12,0.0,1249.1,5.254133455418405,1.04,1.7943913813528857e-17,0.04478750000000001,0.002642169915475706,0.9129249999999999,0.0029223278392404915,0.0218,0.0006337751323358679,0.020487500000000002,0.0005825617467492267,0.0,0.0,0.020487500000000002,0.0005825617467492267,0.22584999999999997,0.011236155880887012,0.39793172290822637,0.0030456433343668174,0.7930296266344524,0.00894348412749578,0.0,0.0
hiro,1700,1.12,0.0,1327.74,5.208533813828601,1.04,1.7943913813528857e-17,0.04328235294117646,0.002506743394556956,0.9150941176470587,0.0027472494284933755,0.02131764705882353,0.000582095205313415,0.020305882352941177,0.0005370898470913393,0.0,0.0,0.020305882352941177,0.0005370898470913393,0.2225294117647059,0.01050704163289708,0.39562362910672205,0.0028638879324996624,0.8008227813156406,0.008381837131571153,0.0,0.0
hiro,1800,1.12,0.0,1404.98,5.222126394643532,1.04,1.7943913813528857e-17,0.04189999999999999,0.0023990366127231554,0.9165666666666665,0.002637056411132512,0.021144444444444445,0.0005617365903842908,0.020388888888888887,0.0005012581801472422,0.0,0.0,0.020388888888888887,0.0005012581801472422,0.2208888888888889,0.01010885574507218,0.3939439804254484,0.0027411292167455557,0.8067802593105798,0.00798637274903951,0.0,0.0
hiro,1900,1.12,0.0,1483.06,5.368799508574082,1.04,1.7943913813528857e-17,0.04062105263157895,0.0022555734326281537,0.9182842105263158,0.002490155187701929,0.020894736842105268,0.0005411967191858078,0.0202,0.00047312056213231476,0.0,0.0,0.0202,0.00047312056213231476,0.2186105263157895,0.009652117935045718,0.392211509150645,0.002612700354056067,0.8126249667844105,0.007601662258595349,0.0,0.0
hiro,2000,1.12,0.0,1561.76,5.350686395030004,1.04,1.7943913813528857e-17,0.03934,0.0021252822141531974,0.91998,0.002372674371562476,0.0207,0.0005432329526237584,0.01998,0.0004613555890978635,0.0,0.0,0.01998,0.0004613555890978635,0.21613000000000004,0.009117227581645102,0.3905323326207764,0.0024773314063828906,0.8182464859626305,0.00718911272018988,0.0,0.0
hiro,2100,1.12,0.0,1639.16,5.2810295842181905,1.04,1.7943913813528857e-17,0.03829523809523809,0.0020383245559119057,0.9212666666666667,0.0022661378220315406,0.02069523809523809,0.00053878409942992,0.019742857142857142,0.00045169453319315373,0.0,0.0,0.019742857142857142,0.00045169453319315373,0.2144,0.008634232284535777,0.38916321341143706,0.0023347761616115074,0.8227817397770081,0.006762396763341611,0.0,0.0
hiro,2200,1.12,0.0,1716.42,5.353472266307396,1.04,1.7943913813528857e-17,0.03727272727272726,0.0019487877398312295,0.9228000000000001,0.0021442875981136133,0.020454545454545454,0.0005191557426313425,0.01947272727272727,0.0004315832775779255,0.0,0.0,0.01947272727272727,0.0004315832775779255,0.2124090909090909,0.00823963543939049,0.3877850336990183,0.002226414161646756,0.8272280931196525,0.00641828022588503,0.0,0.0
hiro,2300,1.12,0.0,1794.18,5.400430066018742,1.04,1.7943913813528857e-17,0.0364,0.0018580894573364426,0.923913043478261,0.002064766681309681,0.020321739130434783,0.0005015019300015714,0.019365217391304347,0.0004075234752675953,0.0,0.0,0.019365217391304347,0.0004075234752675953,0.21055652173913042,0.007838755791421743,0.3865436454633205,0.0021195825747772155,0.8314000639492022,0.006097660779880188,0.0,0.0
hiro,2400,1.12,0.0,1870.96,5.409436954366443,1.04,1.7943913813528857e-17,0.03555833333333333,0.0017764685247707412,0.9250083333333333,0.001977068436644165,0.020141666666666665,0.0004790997439217123,0.019291666666666665,0.0004115760455491078,0.0,0.0,0.019291666666666665,0.0004115760455491078,0.2084166666666667,0.007513668572641537,0.3853047237312893,0.002031670883460655,0.8354038439823036,0.005853862172122402,0.0,0.0
hiro,2500,1.12,0.0,1949.22,5.44638355953297,1.04,1.7943913813528857e-17,0.034912,0.0017097478988292456,0.9261440000000001,0.001885532805119993,0.019896,0.0004702145407000025,0.019048,0.0003962089739271539,0.0,0.0,0.019048,0.0003962089739271539,0.20734399999999997,0.007165466024407537,0.3843336908626358,0.0019376502058127782,0.8386129445281091,0.005569615076657245,0.0,0.0
hiro,2600,1.12,0.0,2026.96,5.361385748373003,1.04,1.7943913813528857e-17,0.03421538461538462,0.0016505099423140641,0.9271230769230769,0.001825837982308502,0.019692307692307693,0.0004541533696653148,0.018969230769230773,0.0003906033096864112,0.0,0.0,0.018969230769230773,0.0003906033096864112,0.20533846153846155,0.006900833269893025,0.383233911263447,0.0018678991301286048,0.8421715992504352,0.005366742080085488,0.0,0.0
hiro,2700,1.12,0.0,2104.82,5.441690163610447,1.04,1.7943913813528857e-17,0.03347407407407407,0.0015951442933980764,0.9281407407407407,0.0017759971556315626,0.019488888888888885,0.0004479441450181858,0.018896296296296296,0.0003877249254869299,0.0,0.0,0.018896296296296296,0.0003877249254869299,0.20346666666666668,0.006665673563387117,0.3822113905851861,0.001798928881743146,0.8454390001852391,0.005153375262164651,0.0,0.0
hiro,2800,1.12,0.0,2183.32,5.285130469688771,1.04,1.7943913813528857e-17,0.03286428571428571,0.0015365358166023304,0.9289000000000001,0.0017091407244070737,0.019485714285714287,0.0004532680167888881,0.01875,0.0003690789666613638,0.0,0.0,0.01875,0.0003690789666613638,0.20182142857142857,0.006395837050002063,0.3812905363232765,0.0017271349590274921,0.8484398091011236,0.004950657796433148,0.0,0.0
hiro,2900,1.12,0.0,2260.94,5.453956436966337,1.04,1.7943913813528857e-17,0.032310344827586206,0.0014752111398069784,0.9294827586206895,0.0016378180634399199,0.019482758620689655,0.0004481675828736495,0.01872413793103448,0.00036972076051154266,0.0,0.0,0.01872413793103448,0.00036972076051154266,0.20082758620689653,0.006155199518171261,0.38057973309574294,0.0016631364066120554,0.8507108636671156,0.004728525842301832,0.0,0.0
hiro,3000,1.12,0.0,2338.72,5.505844019525701,1.04,1.7943913813528857e-17,0.03188666666666666,0.0014242350057044387,0.9301333333333334,0.0015819847461216083,0.019333333333333334,0.0004441609072899436,0.018646666666666666,0.0003712343814713214,0.0,0.0,0.018646666666666666,0.0003712343814713214,0.19909333333333337,0.005967957067927505,0.3797058473397364,0.0016128835017319132,0.8534427501114682,0.004570738990758281,0.0,0.0
hiro,3100,1.12,0.0,2416.94,5.505945580433381,1.04,1.7943913813528857e-17,0.03135483870967742,0.0013765772240551958,0.9309290322580646,0.0015392709479079701,0.019148387096774196,0.0004417006819673998,0.018567741935483873,0.0003720078729057701,0.0,0.0,0.018567741935483873,0.0003720078729057701,0.19740645161290324,0.005734185359280575,0.3788689042883895,0.0015510736438402563,0.8560213075773766,0.00439871115956218,0.0,0.0
hiro,3200,1.12,0.0,2493.8,5.563510857473408,1.04,1.7943913813528857e-17,0.030968750000000003,0.0013321311877121974,0.9314374999999998,0.0014721857881727976,0.019100000000000002,0.00042611273898644547,0.01849375,0.000363743688142166,0.0,0.0,0.01849375,0.000363743688142166,0.1960375,0.005549683124342527,0.3781456518616835,0.001501247126436703,0.8583587907415218,0.00425445086918484,0.0,0.0
hiro,3300,1.12,0.0,2572.62,5.583860854356628,1.04,1.7943913813528857e-17,0.030636363636363635,0.0012909799324969018,0.9320060606060606,0.0014356349053875296,0.01898181818181818,0.000413664395877786,0.018375757575757577,0.0003655648717476246,0.0,0.0,0.018375757575757577,0.0003655648717476246,0.19559393939393943,0.005397240448269673,0.3776385586191492,0.0014589484010676997,0.8601037634555384,0.004132500996910504,0.0,0.0
hiro,3400,1.12,0.0,2650.1,5.69842441525081,1.04,1.7943913813528857e-17,0.030188235294117644,0.0012494405216405603,0.9326823529411764,0.0014069204603805586,0.018823529411764708,0.00040099093413244197,0.018305882352941175,0.00035707463510540943,0.0,0.0,0.018305882352941175,0.00035707463510540943,0.19440588235294118,0.005218335090268551,0.37698626705187294,0.0014123308727487054,0.8621381551197231,0.0039935136125820265,0.0,0.0
hiro,3500,1.12,0.0,2727.64,5.776430647069881,1.04,1.7943913813528857e-17,0.029794285714285714,0.0012216031280312197,0.9333771428571428,0.0013645769078519277,0.018697142857142857,0.0003960790753151959,0.018131428571428573,0.00035198822440641816,0.0,0.0,0.018131428571428573,0.00035198822440641816,0.19309142857142855,0.0050603994719284305,0.3763189052716416,0.001368417916217826,0.864176290822229,0.0038529895703785337,0.0,0.0
hiro,3600,1.12,0.0,2806.36,5.652867071004675,1.04,1.7943913813528857e-17,0.029366666666666666,0.001188782922778819,0.9340444444444445,0.0013340219310309927,0.01858888888888889,0.00038102181906840717,0.018000000000000002,0.00035145380675372263,0.0,0.0,0.018000000000000002,0.00035145380675372263,0.1919444444444444,0.004915582403472789,0.3757095330888569,0.0013306596537986369,0.8660314422158453,0.003746505152636599,0.0,0.0
hiro,3700,1.12,0.0,2885.18,5.642093257518047,1.04,1.7943913813528857e-17,0.029075675675675677,0.0011644134737899936,0.9344540540540541,0.0012829980467695531,0.018513513513513512,0.0003653293197156371,0.01795675675675676,0.00033044058175606535,0.0,0.0,0.01795675675675676,0.00033044058175606535,0.19092432432432435,0.004791567019604506,0.37516492852241856,0.0012978908530612535,0.8676937860922951,0.003650838205862472,0.0,0.0
hiro,3800,1.12,0.0,2963.42,5.655561828133147,1.04,1.7943913813528857e-17,0.028657894736842108,0.0011365887154456825,0.9350210526315789,0.0012618781558845092,0.018389473684210525,0.00036670152659962083,0.01793157894736842,0.0003412581431178157,0.0,0.0,0.01793157894736842,0.0003412581431178157,0.18956315789473682,0.004659195386017866,0.37456488818211975,0.0012637748038076134,0.8694521583942099,0.003549677651419257,0.0,0.0
hiro,3900,1.12,0.0,3041.8,5.641898652773131,1.04,1.7943913813528857e-17,0.028261538461538463,0.001105651792275755,0.935625641025641,0.0012555590405634433,0.018287179487179485,0.000374662070944784,0.017825641025641027,0.00033613842063085067,0.0,0.0,0.017825641025641027,0.00033613842063085067,0.18852820512820517,0.004566881661439775,0.37404192608486136,0.0012299988551455825,0.8709754943452359,0.003439389688528856,0.0,0.0
hiro,4000,1.12,0.0,3119.18,5.560626157664811,1.04,1.7943913813528857e-17,0.027935,0.0010797725100544964,0.93616,0.0012482591960038447,0.018145,0.00036957573579686736,0.017759999999999998,0.0003386618324150123,0.0,0.0,0.017759999999999998,0.0003386618324150123,0.18725000000000003,0.004457366065839552,0.37347983128198153,0.0012006361405174242,0.8725975716410747,0.003349874554488935,0.0,0.0
hiro,4100,1.12,0.0,3197.28,5.451458520432857,1.04,1.7943913813528857e-17,0.027624390243902442,0.0010601227240843718,0.9367219512195122,0.001225988973276325,0.018014634146341465,0.00036749325649484044,0.017639024390243906,0.00032277975353834276,0.0,0.0,0.017639024390243906,0.00032277975353834276,0.1862048780487805,0.004370611265495471,0.3729757324299757,0.0011723486111567898,0.874108988878292,0.003258372229473694,0.0,0.0
hiro,4200,1.12,0.0,3274.58,5.427901462417522,1.04,1.7943913813528857e-17,0.027290476190476195,0.0010337873454564514,0.9372190476190476,0.0011884616579845662,0.01794761904761905,0.0003612424249618246,0.017542857142857145,0.00031354862471714214,0.0,0.0,0.017542857142857145,0.00031354862471714214,0.18519047619047618,0.004236167544036761,0.37249924320543654,0.0011399644985829274,0.8755439181062161,0.0031680725011088533,0.0,0.0
hiro,4300,1.12,0.0,3352.46,5.475825163798585,1.04,1.7943913813528857e-17,0.026990697674418605,0.001007700070464967,0.9377906976744187,0.001170307927155819,0.017809302325581398,0.00035788549844841276,0.017409302325581397,0.00030528723491570126,0.0,0.0,0.017409302325581397,0.00030528723491570126,0.18413023255813954,0.004150242706120606,0.3720114409090847,0.0011191387645634757,0.8769383774415291,0.0030992477169079404,0.0,0.0
hiro,4400,1.12,0.0,3429.3,5.493242602117103,1.04,1.7943913813528857e-17,0.02665,0.000982405728478966,0.9382818181818182,0.0011445559982479303,0.0177,0.00034996566344835706,0.017368181818181817,0.00031101727007304647,0.0,0.0,0.017368181818181817,0.00031101727007304647,0.18305,0.004031950371505041,0.37154217741510387,0.0010921177217828352,0.8782889806956611,0.0030242405175921016,0.0,0.0
hiro,4500,1.12,0.0,3507.08,5.601518744492243,1.04,1.7943913813528857e-17,0.02634222222222222,0.0009575986174378707,0.9387555555555557,0.0011126338771675131,0.01760888888888889,0.0003404122114010451,0.01729333333333333,0.00031889769833052097,0.0,0.0,0.01729333333333333,0.00031889769833052097,0.1821377777777778,0.003988033953568452,0.37111702743749886,0.0010704658585015633,0.8795181820570729,0.0029519065689544302,0.0,0.0
hiro,4600,1.12,0.0,3583.94,5.820962119787415,1.04,1.7943913813528857e-17,0.026060869565217394,0.0009381892487094719,0.9391826086956523,0.001085403682279031,0.017617391304347824,0.0003329771897305132,0.01713913043478261,0.00030739757319574846,0.0,0.0,0.01713913043478261,0.00030739757319574846,0.18122608695652176,0.0038884356882151177,0.37070370875613273,0.0010464518722789952,0.8807207901612242,0.0028854343654299594,0.0,0.0
hiro,4700,1.12,0.0,3661.76,5.7746497375890025,1.04,1.7943913813528857e-17,0.025846808510638298,0.0009185215207967709,0.9395446808510638,0.0010671595306614308,0.01757021276595745,0.0003241375921258904,0.017038297872340426,0.00029922402824271747,0.0,0.0,0.017038297872340426,0.00029922402824271747,0.18031063829787233,0.0037810338725108527,0.37030088386843135,0.0010207704098263689,0.8818702487576902,0.002821957359506265,0.0,0.0
hiro,4800,1.12,0.0,3739.38,5.92310522531924,1.04,1.7943913813528857e-17,0.02559583333333334,0.0008998340502710545,0.9399875,0.0010370033371218308,0.017458333333333333,0.00032258390249617207,0.016958333333333332,0.00029390540227686927,0.0,0.0,0.016958333333333332,0.00029390540227686927,0.17947500000000002,0.003701750443939509,0.3699091973261644,0.0010003334886317854,0.8830320833485606,0.0027676025858649127,0.0,0.0
hiro,4900,1.12,0.0,3817.44,5.995927869847015,1.04,1.7943913813528857e-17,0.025400000000000006,0.0008936744162219389,0.9403714285714285,0.0010252229597239166,0.017375510204081634,0.00032064722602633146,0.016853061224489797,0.00029049899753783156,0.0,0.0,0.016853061224489797,0.00029049899753783156,0.1787061224489796,0.0036368792248721716,0.3695490393948532,0.0009755706682418457,0.8840736995361891,0.0027002263260224404,0.0,0.0
hiro,5000,1.12,0.0,3895.04,6.034726715486977,1.04,1.7943913813528857e-17,0.025188,0.0008755809266902024,0.940764,0.0009954129898731296,0.017272,0.00031129800670674367,0.016776,0.00028015389356857536,0.0,0.0,0.016776,0.00028015389356857536,0.17775600000000005,0.003562073645092312,0.36915825256736395,0.0009518884326625639,0.8851681629386635,0.002636354250104117,0.0,0.0
hiro,5100,1.12,0.0,3972.52,6.101872579757122,1.04,1.7943913813528857e-17,0.024976470588235298,0.00085583998672203,0.9411607843137254,0.0009740465306711314,0.0171843137254902,0.000301469278765574,0.01667843137254902,0.0002704443714037952,0.0,0.0,0.01667843137254902,0.0002704443714037952,0.17672156862745098,0.003506269063487401,0.3687561147360783,0.0009345965818069032,0.8863085996771604,0.0025851722632661642,0.0,0.0
hiro,5200,1.12,0.0,4049.52,6.162112015356092,1.04,1.7943913813528857e-17,0.02472692307692308,0.0008413430029095517,0.9415307692307691,0.0009564221810893193,0.01713076923076923,0.000299026315077862,0.016611538461538462,0.0002739489029894085,0.0,0.0,0.016611538461538462,0.0002739489029894085,0.17582692307692308,0.0033978230331448236,0.3683874749614136,0.0009157400684177216,0.8874155094601435,0.002532535716605902,0.0,0.0
hiro,5300,1.12,0.0,4127.64,6.122541822425302,1.04,1.7943913813528857e-17,0.02455094339622642,0.000827886330342467,0.941864150943396,0.0009354558404785354,0.0170188679245283,0.0002967898567870793,0.01656603773584906,0.00027397963902044337,0.0,0.0,0.01656603773584906,0.00027397963902044337,0.17511698113207547,0.003361498914398795,0.36806275218756584,0.0009012535710056947,0.8883724505889998,0.002488464891841373,0.0,0.0
hiro,5400,1.12,0.0,4204.54,6.025741380417307,1.04,1.7943913813528857e-17,0.02431481481481482,0.0008124277892123184,0.9422333333333335,0.0009199262917734924,0.016944444444444443,0.00028577551764008986,0.016507407407407405,0.00027159972738307394,0.0,0.0,0.016507407407407405,0.00027159972738307394,0.17437407407407407,0.0033247175542591087,0.3677445194337689,0.0008868357491234225,0.8892251329398059,0.002448646260785584,0.0,0.0
hiro,5500,1.12,0.0,4282.0,5.809984368941705,1.04,1.7943913813528857e-17,0.02413818181818182,0.0007964427574829468,0.9425854545454545,0.0008962249494745829,0.016850909090909093,0.00028226680433199287,0.01642545454545455,0.00026820543275170766,0.0,0.0,0.01642545454545455,0.00026820543275170766,0.17365818181818182,0.003260201302316196,0.36743063932013753,0.0008690419128602556,0.8901302164386804,0.002398683473256463,0.0,0.0
hiro,5600,1.12,0.0,4359.64,5.897059800079552,1.04,1.7943913813528857e-17,0.023885714285714284,0.0007828193421530791,0.9430000000000001,0.0008844355011918225,0.016749999999999998,0.00027602936723926483,0.016364285714285713,0.00027169313483573333,0.0,0.0,0.016364285714285713,0.00027169313483573333,0.1727035714285714,0.0032078896924043233,0.3670711592766034,0.0008535106378732249,0.8911202537634617,0.0023549897151680706,0.0,0.0
hiro,5700,1.12,0.0,4436.82,5.8589328275336126,1.04,1.7943913813528857e-17,0.02370526315789474,0.0007693809430370437,0.9433087719298245,0.0008683262578141264,0.016698245614035087,0.0002690795729128118,0.016287719298245615,0.0002690641654954008,0.0,0.0,0.016287719298245615,0.0002690641654954008,0.1718350877192982,0.0031512210581093607,0.36673659841768824,0.0008389740858927712,0.8920449298077241,0.002307255598805201,0.0,0.0
hiro,5800,1.12,0.0,4515.42,5.807953027302041,1.04,1.7943913813528857e-17,0.023527586206896548,0.0007541003125706204,0.943644827586207,0.0008543640194016165,0.01661724137931035,0.00025935340726783993,0.016210344827586206,0.00026780501729379235,0.0,0.0,0.016210344827586206,0.00026780501729379235,0.1710206896551724,0.003091500341253403,0.3664209303714632,0.0008226457623801807,0.8929101627508628,0.002258796517424971,0.0,0.0
hiro,5900,1.12,0.0,4594.36,5.807227024517442,1.04,1.7943913813528857e-17,0.023386440677966105,0.0007378831236724729,0.9440271186440676,0.0008471194067384843,0.01648813559322034,0.0002529792464632426,0.016098305084745763,0.0002643770659762404,0.0,0.0,0.016098305084745763,0.0002643770659762404,0.1704949152542373,0.0030164354651506125,0.36616154212946794,0.000807390199560527,0.8936473267796624,0.0022273887350599745,0.0,0.0
hiro,6000,1.12,0.0,4672.4,5.823246867653187,1.04,1.7943913813528857e-17,0.02319666666666666,0.000735982999162813,0.9443766666666668,0.0008427469661645728,0.016386666666666667,0.0002553038294884625,0.01604,0.0002627069964549756,0.0,0.0,0.01604,0.0002627069964549756,0.16990666666666665,0.0029678556052180225,0.3658989836041795,0.0007994392679747554,0.8944253923705098,0.0022042249908570725,0.0,0.0
hiro,6100,1.12,0.0,4751.22,5.958036246815501,1.04,1.7943913813528857e-17,0.02303606557377049,0.000716799660973842,0.9446622950819672,0.000828181458027294,0.016275409836065572,0.00025448561560966956,0.01602622950819672,0.0002650226201268523,0.0,0.0,0.01602622950819672,0.0002650226201268523,0.16922295081967215,0.0029304819753266913,0.36563054540995293,0.0007907488998914612,0.8951552963519482,0.0021796305664620558,0.0,0.0
hiro,6200,1.12,0.0,4828.6,5.92979333363245,1.04,1.7943913813528857e-17,0.022874193548387097,0.0007003196862406069,0.9449322580645161,0.0008074528347052389,0.01622258064516129,0.0002521158525539526,0.015970967741935488,0.0002629350295993231,0.0,0.0,0.015970967741935488,0.0002629350295993231,0.1683451612903226,0.002881341002765732,0.36531866892687326,0.0007745060330074265,0.8960030626239742,0.0021316789489314735,0.0,0.0
hiro,6300,1.12,0.0,4906.18,5.886178206404475,1.04,1.7943913813528857e-17,0.022695238095238088,0.0006854750389480495,0.9452349206349205,0.0007950941200483112,0.016177777777777777,0.00025420461951940047,0.015892063492063492,0.00025856863560075707,0.0,0.0,0.015892063492063492,0.00025856863560075707,0.1675079365079365,0.002832243118422879,0.36502083087551684,0.0007622940852614452,0.8967745148484887,0.0021046186964019057,0.0,0.0
hiro,6400,1.12,0.0,4983.02,5.940211636441441,1.04,1.7943913813528857e-17,0.022496875,0.0006769024647225396,0.9455718749999998,0.0007822775130743136,0.016103125,0.00025720679078718124,0.015828125,0.00024776785714285715,0.0,0.0,0.015828125,0.00024776785714285715,0.16657187500000004,0.002812887622098254,0.36469939372037835,0.0007562294140397965,0.8976302067845353,0.002082330302533389,0.0,0.0
hiro,6500,1.12,0.0,5061.22,6.02330779013441,1.04,1.7943913813528857e-17,0.022316923076923078,0.0006676749449738819,0.9459323076923076,0.0007735034867434973,0.015990769230769232,0.0002529825946846542,0.01576,0.00024264214042118762,0.0,0.0,0.01576,0.00024264214042118762,0.1657507692307692,0.002754900616376274,0.36440079597611247,0.0007406165066944216,0.8984192018738697,0.0020408462161883513,0.0,0.0
hiro,6600,1.12,0.0,5138.78,6.052780774325204,1.04,1.7943913813528857e-17,0.022139393939393938,0.000662445737157777,0.9462848484848485,0.0007713799839912905,0.015912121212121214,0.00025410517921110865,0.015663636363636366,0.00024083002401410194,0.0,0.0,0.015663636363636366,0.00024083002401410194,0.16491212121212123,0.0027201518044212103,0.3640995796277109,0.0007336902507892656,0.8992111457502241,0.002021035601162784,0.0,0.0
hiro,6700,1.12,0.0,5215.9,6.017813692085611,1.04,1.7943913813528857e-17,0.021958208955223876,0.0006504371245892633,0.9466447761194029,0.0007585614411590965,0.015820895522388058,0.0002494213870514245,0.015576119402985075,0.00023484221863585638,0.0,0.0,0.015576119402985075,0.00023484221863585638,0.1640597014925373,0.0026863505513920094,0.3638018700237328,0.0007242271916030446,0.899976082731393,0.001994735200444617,0.0,0.0
hiro,6800,1.12,0.0,5293.92,5.923790843639205,1.04,1.7943913813528857e-17,0.021767647058823534,0.0006379569654401059,0.9469764705882355,0.0007469326206603328,0.015741176470588238,0.00024945955282968703,0.01551470588235294,0.0002342884420467418,0.0,0.0,0.01551470588235294,0.0002342884420467418,0.16311176470588237,0.00263795740913739,0.3634886957842122,0.000712171740723624,0.9007659003718276,0.001962482442631362,0.0,0.0
hiro,6900,1.12,0.0,5371.94,5.96653319502598,1.04,1.7943913813528857e-17,0.0215768115942029,0.0006293401955198405,0.9473304347826086,0.0007363977995899643,0.01567246376811594,0.0002434631197669557,0.015420289855072464,0.00023054924897846884,0.0,0.0,0.015420289855072464,0.00023054924897846884,0.16231884057971016,0.0026055553085546084,0.3632096212357642,0.000704167618098158,0.9014756419489371,0.0019397193732334163,0.0,0.0
hiro,7000,1.12,0.0,5450.06,6.013753624240124,1.04,1.7943913813528857e-17,0.02141714285714286,0.0006241274125305291,0.9476028571428572,0.0007327217294862404,0.015605714285714285,0.0002454266402310686,0.015374285714285712,0.0002296943988606855,0.0,0.0,0.015374285714285712,0.0002296943988606855,0.16142571428571428,0.002567312838422507,0.3629167147223522,0.000695059431780533,0.9022353350100997,0.0019118310701453085,0.0,0.0
hiro,7100,1.12,0.0,5527.96,6.0247083086305215,1.04,1.7943913813528857e-17,0.021264788732394367,0.0006139095135554892,0.9479718309859156,0.0007214226721124498,0.01547323943661972,0.00024077740351038953,0.015290140845070424,0.00023001640349960934,0.0,0.0,0.015290140845070424,0.00023001640349960934,0.1606845070422535,0.002553690152056507,0.3626507891976179,0.000689759554556594,0.9028865697256969,0.0018947862809485082,0.0,0.0
hiro,7200,1.12,0.0,5605.6,6.132882266761623,1.04,1.7943913813528857e-17,0.021122222222222223,0.0006115211982122432,0.9482583333333333,0.0007159945388354776,0.01538611111111111,0.00023477479653796567,0.015233333333333331,0.0002297286622331848,0.0,0.0,0.015233333333333331,0.0002297286622331848,0.15991388888888888,0.0025293063393102624,0.3623814768256866,0.0006821395757067254,0.9036038843683558,0.0018767216042461397,0.0,0.0
hiro,7300,1.12,0.0,5683.68,6.227944922619634,1.04,1.7943913813528857e-17,0.020961643835616443,0.0006011044734959787,0.9485616438356164,0.0007075196254768986,0.015331506849315068,0.0002374234237852483,0.015145205479452055,0.00022575945012871871,0.0,0.0,0.015145205479452055,0.00022575945012871871,0.15925753424657535,0.0024433019108299793,0.3621450388413344,0.0006580026164486495,0.9042242824804079,0.0018227008282907468,0.0,0.0
hiro,7400,1.12,0.0,5762.22,6.33398929649895,1.04,1.7943913813528857e-17,0.02082972972972973,0.0005950207819247306,0.9488243243243244,0.0006939207919517175,0.015243243243243243,0.000232013887066774,0.015102702702702702,0.00022077245736202493,0.0,0.0,0.015102702702702702,0.00022077245736202493,0.15897297297297297,0.002436201651588398,0.36199549956363036,0.0006453443877230058,0.9046291441880654,0.0017819723575087203,0.0,0.0
hiro,7500,1.12,0.0,5841.2,6.292204441584354,1.04,1.7943913813528857e-17,0.020706666666666665,0.0005866450212457112,0.9490746666666666,0.0006802684277451426,0.015192,0.00022373972569172354,0.015026666666666667,0.00021811811067419786,0.0,0.0,0.015026666666666667,0.00021811811067419786,0.158648,0.0024382291927486804,0.3618442468742346,0.0006381207125933247,0.9049880430022169,0.0017515009651754467,0.0,0.0
hiro,7600,1.12,0.0,5918.32,6.177275008497861,1.04,1.7943913813528857e-17,0.020542105263157896,0.0005757975049365566,0.9493447368421053,0.0006698536075169109,0.015131578947368423,0.00021641861600938726,0.014981578947368424,0.00021988496522253978,0.0,0.0,0.014981578947368424,0.00021988496522253978,0.15813684210526316,0.0024196727025233727,0.3616509461436926,0.0006293027637621079,0.9054637323620034,0.001728526133910863,0.0,0.0
hiro,7700,1.12,0.0,5996.34,6.265722102789731,1.04,1.7943913813528857e-17,0.020423376623376625,0.0005677884443418736,0.9495896103896105,0.0006622036731166333,0.015057142857142856,0.00021484230055658624,0.014929870129870132,0.00021505207954807332,0.0,0.0,0.014929870129870132,0.00021505207954807332,0.15766753246753248,0.002392460647029293,0.3614688552158845,0.0006193998979811685,0.9059352949110715,0.0016947026043204808,0.0,0.0
hiro,7800,1.12,0.0,6073.7,6.260354687741464,1.04,1.7943913813528857e-17,0.020274358974358978,0.000558617186018027,0.9499358974358973,0.0006554038964381851,0.014961538461538462,0.00021606288508104285,0.01482820512820513,0.0002142343634662028,0.0,0.0,0.01482820512820513,0.0002142343634662028,0.15704358974358973,0.002381835311072853,0.3612439674647348,0.0006139580284339417,0.9064851865160892,0.0016767277044639512,0.0,0.0
hiro,7900,1.12,0.0,6151.8,6.301991910564177,1.04,1.7943913813528857e-17,0.020162025316455695,0.0005470219837401799,0.9501873417721519,0.0006457923544826818,0.014873417721518987,0.0002165229878134732,0.014777215189873415,0.00021508529986009276,0.0,0.0,0.014777215189873415,0.00021508529986009276,0.15656962025316454,0.0024359711632481757,0.36106358696604784,0.0006179408509563893,0.9069304868452231,0.0016897021876126728,0.0,0.0
hiro,8000,1.12,0.0,6230.46,6.397908459259262,1.04,1.7943913813528857e-17,0.020110000000000003,0.0005388082086552558,0.950365,0.0006330485843946596,0.014817499999999999,0.00021285864093432565,0.014707499999999998,0.00021097471799401242,0.0,0.0,0.014707499999999998,0.00021097471799401242,0.15618749999999998,0.002524510586030407,0.3609072473437418,0.0006265818907221144,0.9073292222062954,0.0017155586666541551,0.0,0.0
hiro,8100,1.12,0.0,6308.02,6.551490872546586,1.04,1.7943913813528857e-17,0.01999012345679012,0.0005354915599450423,0.9506493827160493,0.0006299808820694728,0.014728395061728395,0.00021164756013109564,0.014632098765432098,0.00020880642513304695,0.0,0.0,0.014632098765432098,0.00020880642513304695,0.15576543209876545,0.002634902337092262,0.3607356640680943,0.0006436709082043007,0.9077432706844378,0.0017665768768292216,0.0,0.0
hiro,8200,1.12,0.0,6385.7,6.655011921361928,1.04,1.7943913813528857e-17,0.01987804878048781,0.0005333514931734119,0.9508658536585365,0.0006276348508128839,0.014665853658536586,0.00020686449590584494,0.014590243902439024,0.00021075848326470214,0.0,0.0,0.014590243902439024,0.00021075848326470214,0.1551268292682927,0.0026995322133858786,0.36052567160986454,0.000652095252349649,0.9082752323833716,0.0017905402097958593,0.0,0.0
hiro,8300,1.12,0.0,6463.14,6.789788851876119,1.04,1.7943913813528857e-17,0.019766265060240963,0.0005328117527616096,0.9510939759036144,0.0006254917931451283,0.014628915662650604,0.0002052481083311077,0.014510843373493974,0.0002066024003470213,0.0,0.0,0.014510843373493974,0.0002066024003470213,0.1544433734939759,0.002743315910454593,0.36030532463031,0.0006575726190105918,0.9088411317953831,0.00180748127095778,0.0,0.0
hiro,8400,1.12,0.0,6540.78,6.84554316504467,1.04,1.7943913813528857e-17,0.019635714285714284,0.000526029068200057,0.951357142857143,0.0006148000347995913,0.014566666666666667,0.00020370600351809394,0.014440476190476191,0.0002063157195424432,0.0,0.0,0.014440476190476191,0.0002063157195424432,0.15364761904761906,0.002699164999268468,0.3600528917810463,0.0006483688067878898,0.9094930725781861,0.0017842340868583664,0.0,0.0
hiro,8500,1.12,0.0,6618.12,6.75329942037405,1.04,1.7943913813528857e-17,0.019529411764705885,0.0005255964965079626,0.9516117647058823,0.0006159176611817159,0.014482352941176469,0.00020422069974022428,0.014376470588235293,0.00020731622111071291,0.0,0.0,0.014376470588235293,0.00020731622111071291,0.15292941176470587,0.0026596462091359714,0.35981872192868347,0.0006397516328523956,0.9100851360899278,0.0017591116353979314,0.0,0.0
hiro,8600,1.12,0.0,6695.1,6.746382250464893,1.04,1.7943913813528857e-17,0.01938372093023256,0.0005168782893191302,0.9519209302325581,0.0006056200480936473,0.01441627906976744,0.0002013324671022207,0.01427906976744186,0.00020328316997712099,0.0,0.0,0.01427906976744186,0.00020328316997712099,0.15224651162790698,0.0026118566007585515,0.3595949506902042,0.0006312324507014586,0.910628208012427,0.0017374236346249154,0.0,0.0
hiro,8700,1.12,0.0,6773.88,6.758857529349232,1.04,1.7943913813528857e-17,0.019252873563218392,0.000510641554674978,0.9521999999999998,0.0005962197669206954,0.014342528735632186,0.0002023982546386358,0.014204597701149426,0.0002044342229331437,0.0,0.0,0.014204597701149426,0.0002044342229331437,0.1516574712643678,0.002564883743315887,0.3593955024870211,0.0006183481521810514,0.9111068201239069,0.001701921807440591,0.0,0.0
hiro,8800,1.12,0.0,6851.76,6.834579544567493,1.04,1.7943913813528857e-17,0.019140909090909094,0.0005061099946644748,0.9524545454545453,0.0005916756837073026,0.014263636363636362,0.00020177572302374264,0.014140909090909091,0.0002016168411848342,0.0,0.0,0.014140909090909091,0.0002016168411848342,0.15109318181818182,0.0025371603414537894,0.35920305807649333,0.0006095002348428331,0.9115690139312835,0.0016763337649298164,0.0,0.0
hiro,8900,1.12,0.0,6929.62,6.836689137831772,1.04,1.7943913813528857e-17,0.019013483146067416,0.0005001981165176443,0.9527415730337079,0.0005837137743271464,0.014195505617977526,0.00020175256083430378,0.014049438202247194,0.00019802362061864846,0.0,0.0,0.014049438202247194,0.00019802362061864846,0.15045842696629214,0.0025145328669164023,0.35899738036904055,0.0006019992035643513,0.91204883254729,0.001656699937160844,0.0,0.0
hiro,9000,1.12,0.0,7006.6,6.807438908267625,1.04,1.7943913813528857e-17,0.018884444444444443,0.0004913867337918642,0.9529955555555556,0.000573039704028918,0.014148888888888888,0.00020107070415036426,0.01397111111111111,0.00019569079018071341,0.0,0.0,0.01397111111111111,0.00019569079018071341,0.14974444444444443,0.0024737599997079755,0.3587787970150211,0.0005928838513022193,0.9125615178110708,0.001629264443910623,0.0,0.0
hiro,9100,1.12,0.0,7084.32,6.8329000028523454,1.04,1.7943913813528857e-17,0.01878901098901099,0.00048249080798495945,0.953232967032967,0.0005598221823648978,0.014070329670329668,0.00019983407325655756,0.013907692307692305,0.00019723224057109875,0.0,0.0,0.013907692307692305,0.00019723224057109875,0.14917582417582417,0.0024374082584899255,0.35859062230057354,0.0005861046946893766,0.9130251724592908,0.0016081749602548355,0.0,0.0
hiro,9200,1.12,0.0,7161.94,6.890479086450834,1.04,1.7943913813528857e-17,0.01867173913043478,0.00047501611651058095,0.9534847826086958,0.0005507447672187912,0.014002173913043479,0.0001981913999774905,0.01384130434782609,0.00019576576609844744,0.0,0.0,0.01384130434782609,0.00019576576609844744,0.14833695652173912,0.002408268956116329,0.3583455442619149,0.0005813777649003821,0.9136184297686738,0.001595023155251495,0.0,0.0
hiro,9300,1.12,0.0,7240.08,6.88991217621229,1.04,1.7943913813528857e-17,0.018572043010752687,0.0004701368345070945,0.9537311827956989,0.0005433034450176253,0.013924731182795698,0.00019645850654742534,0.013772043010752688,0.00019197763128082657,0.0,0.0,0.013772043010752688,0.00019197763128082657,0.1475677419354839,0.0023900443619562376,0.3581118055256279,0.0005761455047522176,0.9141972710740344,0.0015801504009024566,0.0,0.0
hiro,9400,1.12,0.0,7317.96,6.908495804856097,1.04,1.7943913813528857e-17,0.018463829787234043,0.00046739537862785493,0.9539765957446807,0.0005400240746836913,0.013863829787234041,0.00019193367664206324,0.013695744680851062,0.00018954505752204263,0.0,0.0,0.013695744680851062,0.00018954505752204263,0.1468446808510638,0.0023654811081578733,0.3578917382259386,0.0005710413383486734,0.9147314757362004,0.001565298451542325,0.0,0.0
hiro,9500,1.12,0.0,7394.72,6.855299752299497,1.04,1.7943913813528857e-17,0.018347368421052633,0.00046062435660416197,0.9542105263157894,0.0005340442244309269,0.01380842105263158,0.00019039494375922667,0.013633684210526315,0.0001905504669847007,0.0,0.0,0.013633684210526315,0.0001905504669847007,0.14606105263157895,0.0023436872292836148,0.3576629161410733,0.000566336394944881,0.9152973551800843,0.001551011810216847,0.0,0.0
hiro,9600,1.12,0.0,7472.16,6.875057550779529,1.04,1.7943913813528857e-17,0.018220833333333332,0.00045402114937702256,0.95449375,0.0005277769293017403,0.013729166666666666,0.00019070856361429515,0.01355625,0.00018509918933450316,0.0,0.0,0.01355625,0.00018509918933450316,0.14528333333333335,0.0023197797105175308,0.3574311088373933,0.0005608798244044376,0.9158534247372505,0.0015353112901768772,0.0,0.0
hiro,9700,1.12,0.0,7549.22,6.887865105697535,1.04,1.7943913813528857e-17,0.018101030927835052,0.0004487633116862429,0.9547711340206186,0.000524201476652124,0.01364123711340206,0.00018909703195494848,0.013486597938144329,0.0001853024272693301,0.0,0.0,0.013486597938144329,0.0001853024272693301,0.14449072164948457,0.0022948989509798106,0.3571963448417515,0.0005553805835863904,0.9164262916730845,0.0015179631596269117,0.0,0.0
hiro,9800,1.12,0.0,7626.8,6.873670557917037,1.04,1.7943913813528857e-17,0.017971428571428572,0.0004446579332574866,0.9550224489795919,0.000515147150129286,0.013593877551020405,0.0001842807767235176,0.013412244897959183,0.0001858851523675765,0.0,0.0,0.013412244897959183,0.0001858851523675765,0.1438142857142857,0.0022843991464034717,0.3569931693511939,0.0005534768534482464,0.9168957556131067,0.0015071013928907341,0.0,0.0
hiro,9900,1.12,0.0,7704.42,6.942686064911647,1.04,1.7943913813528857e-17,0.01784848484848485,0.0004408150945291016,0.9552626262626263,0.0005069208821683163,0.013535353535353534,0.00018172653958362095,0.01335353535353535,0.00018456885374106184,0.0,0.0,0.01335353535353535,0.00018456885374106184,0.14302020202020202,0.0022621941491845076,0.35676463013199766,0.0005478330190125082,0.9174435848639686,0.0014939892713685095,0.0,0.0
hiro,10000,1.12,0.0,7783.28,6.899987577628568,1.04,1.7943913813528857e-17,0.017736000000000002,0.00043653328180386075,0.95553,0.0004986287318686089,0.013451999999999999,0.0001774706644341365,0.013282,0.00018309560344257313,0.0,0.0,0.013282,0.00018309560344257313,0.142506,0.0022412813572706526,0.35659599312999285,0.0005367622124025879,0.917834969566409,0.0014627687582795309,0.0,0.0
hiro,10100,1.12,0.0,7861.04,6.699677726029294,1.04,1.7943913813528857e-17,0.017700990099009904,0.0004253010064010028,0.9557029702970296,0.00048785230958000095,0.013390099009900989,0.0001761983423544791,0.013205940594059405,0.0001821459291231287,0.0,0.0,0.013205940594059405,0.0001821459291231287,0.1421841584158416,0.0021839074280746488,0.35647175330149156,0.0005173881611518772,0.918143684326308,0.0014126701294227934,0.0,0.0
hiro,10200,1.12,0.0,7939.24,6.742346227617002,1.04,1.7943913813528857e-17,0.017656862745098038,0.00042095398020496223,0.9558803921568628,0.00048661750995349356,0.013323529411764708,0.0001735621336339669,0.01313921568627451,0.00018098121371872643,0.0,0.0,0.01313921568627451,0.00018098121371872643,0.14186078431372548,0.002185548071683542,0.3563468572035424,0.0005109048399125997,0.9184856123358176,0.001386209936039646,0.0,0.0
hiro,10300,1.12,0.0,8016.94,6.623299011513701,1.04,1.7943913813528857e-17,0.01755339805825243,0.0004155891591406526,0.9561223300970874,0.00048331941585803124,0.013242718446601942,0.00017056820127204667,0.013081553398058254,0.00018178862667342564,0.0,0.0,0.013081553398058254,0.00018178862667342564,0.1413398058252427,0.002189414292970249,0.356181990995958,0.0005105209134833875,0.9188465605143159,0.0013882247467390941,0.0,0.0
hiro,10400,1.12,0.0,8095.28,6.733167371834956,1.04,1.7943913813528857e-17,0.01743269230769231,0.00041218176586909076,0.9563519230769231,0.00047826987698626884,0.013190384615384616,0.0001720423027008441,0.013024999999999998,0.00018002808251465021,0.0,0.0,0.013024999999999998,0.00018002808251465021,0.14088076923076925,0.0022413026093745206,0.3560374834568309,0.0005202410789991704,0.9191339058380069,0.001429015920428333,0.0,0.0
hiro,10500,1.12,0.0,8174.08,6.845993316517036,1.04,1.7943913813528857e-17,0.017361904761904762,0.0004125321735405831,0.9565676190476189,0.00047823824033814665,0.013114285714285714,0.00016941370727071727,0.012956190476190475,0.00017737155681119067,0.0,0.0,0.012956190476190475,0.00017737155681119067,0.14057333333333333,0.0023110700683747283,0.3559173218545435,0.0005332976849656399,0.9194032631950602,0.0014739929290330778,0.0,0.0
hiro,10600,1.12,0.0,8251.54,6.849889616271348,1.04,1.7943913813528857e-17,0.0173,0.0004011728035178147,0.9567547169811322,0.0004665175662818319,0.013060377358490565,0.00016917177302656306,0.01288490566037736,0.0001754112374670264,0.0,0.0,0.01288490566037736,0.0001754112374670264,0.14025849056603773,0.002357005015395433,0.3557986318444825,0.0005449862155916828,0.9196968058019185,0.0015026829827202587,0.0,0.0
hiro,10700,1.12,0.0,8329.8,7.076953108939075,1.04,1.7943913813528857e-17,0.01723177570093458,0.000391622172840585,0.9569794392523364,0.0004584822473251835,0.01297943925233645,0.00016832260251090886,0.012809345794392524,0.00017266708400942398,0.0,0.0,0.012809345794392524,0.00017266708400942398,0.139807476635514,0.002403060980745161,0.35564823231614007,0.0005568957716982341,0.9200146787762096,0.0015409416909995077,0.0,0.0
hiro,10800,1.12,0.0,8406.58,7.178487703847219,1.04,1.7943913813528857e-17,0.017125925925925923,0.00038887953053563687,0.9572074074074073,0.0004540514964195767,0.012905555555555554,0.0001661386192801858,0.012761111111111112,0.00016824835270652896,0.0,0.0,0.012761111111111112,0.00016824835270652896,0.1392,0.002448409139630216,0.35546911572837575,0.0005662151979736084,0.920407165547131,0.001581944472318973,0.0,0.0
hiro,10900,1.12,0.0,8483.92,7.487886271594043,1.04,1.7943913813528857e-17,0.017025688073394492,0.0003849829562721176,0.9574385321100918,0.00044906408918154024,0.012847706422018348,0.00016528234311979082,0.012688073394495411,0.0001653299344036026,0.0,0.0,0.012688073394495411,0.0001653299344036026,0.1386678899082569,0.0024961647379848563,0.3553054427287703,0.0005772748277682836,0.9207646295497537,0.0016275472593647764,0.0,0.0
hiro,11000,1.12,0.0,8562.14,7.59301558764933,1.04,1.7943913813528857e-17,0.016923636363636363,0.00038217458408056515,0.9576945454545454,0.00044540539655405317,0.012769090909090907,0.00016341378389353337,0.012612727272727274,0.0001647828318826079,0.0,0.0,0.012612727272727274,0.0001647828318826079,0.13817272727272728,0.0025165456865736775,0.355147810359538,0.0005832389692842916,0.9211145516224155,0.0016478390090849386,0.0,0.0
hiro,11100,1.12,0.0,8639.7,7.6481423648264455,1.04,1.7943913813528857e-17,0.016807207207207207,0.00037884351417548763,0.9579567567567566,0.0004383326111575585,0.012700900900900902,0.00016323093692033658,0.012535135135135135,0.00016309937338182689,0.0,0.0,0.012535135135135135,0.00016309937338182689,0.13746306306306305,0.0025006370225740763,0.3549429446351909,0.0005792716129482873,0.9215912591338933,0.0016318417616698548,0.0,0.0
hiro,11200,1.12,0.0,8717.0,7.670563931055406,1.04,1.7943913813528857e-17,0.016707142857142858,0.00037578565485172065,0.9581910714285713,0.00043089453279950154,0.012637500000000001,0.00015898834333146972,0.012464285714285712,0.00016107830494782545,0.0,0.0,0.012464285714285712,0.00016107830494782545,0.13665535714285715,0.0024746373430658405,0.3547195961512799,0.000573111463792668,0.9221168979813013,0.0016167400081655318,0.0,0.0
hiro,11300,1.12,0.0,8795.12,7.799510188702459,1.04,1.7943913813528857e-17,0.01663008849557522,0.00036990415924503415,0.9583858407079646,0.0004194823620171083,0.012585840707964601,0.00015725810017949943,0.012398230088495577,0.00016184517036676514,0.0,0.0,0.012398230088495577,0.00016184517036676514,0.13615575221238937,0.0024703026240419984,0.3545679324970274,0.0005739550857422746,0.9224453731061935,0.0016174521964368808,0.0,0.0
hiro,11400,1.12,0.0,8874.1,7.687267501046979,1.04,1.7943913813528857e-17,0.016563157894736846,0.00036826493205541954,0.958580701754386,0.00041376685164328533,0.01253157894736842,0.0001569972904066906,0.012324561403508773,0.00015989601742959951,0.0,0.0,0.012324561403508773,0.00015989601742959951,0.1356842105263158,0.002469866001189388,0.3544196912328899,0.0005752643290715595,0.9227837194068375,0.0016220448619642983,0.0,0.0
hiro,11500,1.12,0.0,8952.16,7.739396169031825,1.04,1.7943913813528857e-17,0.016481739130434783,0.00036672027786929426,0.9587930434782609,0.0004096188481832914,0.012462608695652173,0.00015617510666055071,0.012262608695652173,0.00015872432311414068,0.0,0.0,0.012262608695652173,0.00015872432311414068,0.13509217391304346,0.0024792680404887375,0.3542462649218116,0.0005784106531610836,0.9231809152518154,0.001630263278979042,0.0,0.0
hiro,11600,1.12,0.0,9030.2,7.688846945214788,1.04,1.7943913813528857e-17,0.01638103448275862,0.00036367802042563296,0.9590224137931035,0.00040975340143094177,0.01239310344827586,0.0001564099529506617,0.01220344827586207,0.00015808049865016072,0.0,0.0,0.01220344827586207,0.00015808049865016072,0.13448448275862068,0.0024822826900351373,0.3540707148246331,0.0005797021998927211,0.923579836948834,0.0016323994823157397,0.0,0.0
hiro,11700,1.12,0.0,9107.68,7.7336497706781495,1.04,1.7943913813528857e-17,0.01628034188034188,0.00036245634616658925,0.9592752136752138,0.0004096835933601512,0.012316239316239319,0.00015456640904972112,0.012128205128205127,0.00015705417433803753,0.0,0.0,0.012128205128205127,0.00015705417433803753,0.13391452991452993,0.0025025569061765357,0.3539003595871092,0.000584925956700345,0.9239554968402999,0.0016408831540506953,0.0,0.0
hiro,11800,1.12,0.0,9184.56,7.749294108734904,1.04,1.7943913813528857e-17,0.01618135593220339,0.0003587656324018031,0.9595101694915255,0.0004057138261915932,0.012237288135593218,0.0001528495312550763,0.012071186440677967,0.00015665990546248783,0.0,0.0,0.012071186440677967,0.00015665990546248783,0.13335423728813559,0.00252787065241722,0.3537342580042893,0.0005910410132141799,0.9243224929312881,0.0016569143490315094,0.0,0.0
hiro,11900,1.12,0.0,9263.48,7.854141764517804,1.04,1.7943913813528857e-17,0.01608235294117647,0.0003563456353771264,0.9597579831932772,0.00040509147044054476,0.012161344537815127,0.00015353085685858184,0.011998319327731091,0.00015556833782600466,0.0,0.0,0.011998319327731091,0.00015556833782600466,0.13296134453781513,0.00255557117997008,0.35360283718621566,0.0005957985723268154,0.9245999753128631,0.0016699362753107134,0.0,0.0
hiro,12000,1.12,0.0,9342.58,8.128513180810636,1.04,1.7943913813528857e-17,0.015991666666666668,0.00035392398648384477,0.959975,0.0004018399434302833,0.0121,0.0001509230856356236,0.01193333333333333,0.00015450528174197734,0.0,0.0,0.01193333333333333,0.00015450528174197734,0.132705,0.0025958891821991365,0.3535069184566506,0.0006036718202253494,0.9248029984020266,0.0016932599177162636,0.0,0.0
hiro,12100,1.12,0.0,9421.02,8.146940830640615,1.04,1.7943913813528857e-17,0.015902479338842975,0.0003540030196342596,0.9601818181818182,0.00039759974233110604,0.012028099173553717,0.00014803161031458592,0.011887603305785123,0.00015327130999547958,0.0,0.0,0.011887603305785123,0.00015327130999547958,0.13226115702479338,0.0026453477263451448,0.3533724791065878,0.0006141753132996079,0.9250703938403384,0.0017242431732897247,0.0,0.0
hiro,12200,1.12,0.0,9499.74,8.350036539086618,1.04,1.7943913813528857e-17,0.01579672131147541,0.0003513976409870655,0.960395081967213,0.0003955259468652339,0.01197377049180328,0.00014593076947462953,0.011834426229508197,0.00015171758400406594,0.0,0.0,0.011834426229508197,0.00015171758400406594,0.13180491803278688,0.0027051861643111056,0.3532378600715046,0.0006272936869265534,0.9253385855733743,0.001764757999946939,0.0,0.0
hiro,12300,1.12,0.0,9577.02,8.297749387512207,1.04,1.7943913813528857e-17,0.015744715447154473,0.0003556405709744227,0.9605788617886177,0.00039562437629370113,0.011907317073170734,0.0001445460723239187,0.011769105691056912,0.0001519944959276725,0.0,0.0,0.011769105691056912,0.0001519944959276725,0.1311560975609756,0.0026980735887825167,0.353054626019952,0.0006242451107449933,0.9257626237592,0.001756516101154263,0.0,0.0
hiro,12400,1.12,0.0,9654.3,8.462944438635324,1.04,1.7943913813528857e-17,0.015646774193548384,0.00035494709278982193,0.9608064516129032,0.00039304460573220176,0.011843548387096774,0.00014274579427432055,0.011703225806451611,0.00015069969958944382,0.0,0.0,0.011703225806451611,0.00015069969958944382,0.13048709677419354,0.002688321988357,0.3528691480508042,0.0006211946217684989,0.9261739473295896,0.0017501423628593163,0.0,0.0
hiro,12500,1.12,0.0,9730.86,8.393632669336625,1.04,1.7943913813528857e-17,0.015545599999999998,0.00035208488772349385,0.961048,0.00038912397688623034,0.0117744,0.00014152411202941455,0.011632,0.00014990173652177917,0.0,0.0,0.011632,0.00014990173652177917,0.12971999999999997,0.0026669459717674313,0.3526598053957066,0.0006165175448274254,0.9266452842243241,0.0017367297975108753,0.0,0.0
hiro,12600,1.12,0.0,9808.14,8.44047633823628,1.04,1.7943913813528857e-17,0.015446031746031746,0.0003505429114718354,0.9612777777777778,0.00038778327992987393,0.011706349206349206,0.00014028292943742365,0.01156984126984127,0.00014863059105176698,0.0,0.0,0.01156984126984127,0.00014863059105176698,0.12894761904761906,0.002646164077771724,0.35245134295482955,0.0006116175018734979,0.9271257748149969,0.001723788042587563,0.0,0.0
hiro,12700,1.12,0.0,9884.82,8.424729875158476,1.04,1.7943913813528857e-17,0.015343307086614173,0.0003482199153595245,0.9615228346456692,0.000386215914497551,0.011623622047244096,0.00013818640112640983,0.01151023622047244,0.00014707191353243292,0.0,0.0,0.01151023622047244,0.00014707191353243292,0.1281968503937008,0.00262537579613099,0.35224693098765214,0.0006070078547670699,0.9275847682490834,0.0017088579647254998,0.0,0.0
hiro,12800,1.12,0.0,9962.04,8.700690096955832,1.04,1.7943913813528857e-17,0.015267187500000001,0.0003459035769090786,0.9617109374999999,0.0003834952002807765,0.0115671875,0.00013917209336668874,0.0114546875,0.00014693011476766006,0.0,0.0,0.0114546875,0.00014693011476766006,0.1274734375,0.00260468176134549,0.3520526169048378,0.0006018280896118289,0.9280297530658259,0.0016935630659458878,0.0,0.0
hiro,12900,1.12,0.0,10039.3,8.69272508410079,1.04,1.7943913813528857e-17,0.015168992248062015,0.0003429744463257122,0.9619379844961239,0.00037867925179468426,0.011496124031007754,0.00013805486954379648,0.0113968992248062,0.00014534629539516653,0.0,0.0,0.0113968992248062,0.00014534629539516653,0.12671007751937982,0.002580138836656693,0.35184683903497904,0.0005958695815830527,0.9284966061281021,0.0016771689853880061,0.0,0.0
hiro,13000,1.12,0.0,10115.8,8.625401499084443,1.04,1.7943913813528857e-17,0.015084615384615386,0.00034139056579766556,0.9621615384615384,0.00037795968052990416,0.011432307692307691,0.0001372683632535037,0.011321538461538461,0.0001440975732434799,0.0,0.0,0.011321538461538461,0.0001440975732434799,0.12597384615384613,0.002560403348326675,0.35164605596923915,0.0005913982946601464,0.9289559378951934,0.0016630429320645631,0.0,0.0
hiro,13100,1.12,0.0,10192.24,8.593094522311956,1.04,1.7943913813528857e-17,0.014986259541984731,0.0003396762940716211,0.9623999999999999,0.00037487729131649824,0.011357251908396947,0.00013517588071547445,0.01125648854961832,0.0001424730324346325,0.0,0.0,0.01125648854961832,0.0001424730324346325,0.12521221374045802,0.0025447264149617652,0.3514408206940598,0.0005876398092703621,0.9294181718512026,0.0016492127784505032,0.0,0.0
hiro,13200,1.12,0.0,10269.24,8.66626393622101,1.04,1.7943913813528857e-17,0.014893939393939393,0.00033769008654989423,0.9626227272727275,0.0003715630716425768,0.011293939393939394,0.0001348580388935829,0.011189393939393938,0.00014066350014567836,0.0,0.0,0.011189393939393938,0.00014066350014567836,0.12444090909090909,0.0025239310096027254,0.3512353906792691,0.0005826098206598888,0.9298862255547915,0.0016349432745450504,0.0,0.0
hiro,13300,1.12,0.0,10346.06,8.737132112485218,1.04,1.7943913813528857e-17,0.014793984962406016,0.00033617917403825503,0.9628526315789475,0.00037078814813345905,0.011227067669172934,0.00013428468157909178,0.011126315789473684,0.0001401212710837368,0.0,0.0,0.011126315789473684,0.0001401212710837368,0.1236736842105263,0.002508070353265646,0.35103009221107323,0.0005789884203888561,0.9303471179050179,0.0016236974587218503,0.0,0.0
hiro,13400,1.12,0.0,10422.88,8.73088068587702,1.04,1.7943913813528857e-17,0.014702985074626867,0.0003331108029516106,0.9630746268656718,0.0003666695528418803,0.011155223880597014,0.00013436625857176314,0.011067164179104479,0.00013996775680564404,0.0,0.0,0.011067164179104479,0.00013996775680564404,0.12291940298507463,0.002487583689621774,0.35082870233412466,0.0005743703216777899,0.9307997286784684,0.0016110829653488109,0.0,0.0
hiro,13500,1.12,0.0,10500.06,8.637951854745312,1.04,1.7943913813528857e-17,0.014620740740740738,0.0003297031859295983,0.9632859259259259,0.0003640442960535105,0.011090370370370372,0.00013358571897051412,0.011002962962962963,0.0001390753195733567,0.0,0.0,0.011002962962962963,0.0001390753195733567,0.12239703703703704,0.002459157043290983,0.3506775246411158,0.0005663866560728798,0.9311302227427285,0.0015827547785256931,0.0,0.0
hiro,13600,1.12,0.0,10577.4,8.547920143257668,1.04,1.7943913813528857e-17,0.014527941176470587,0.00032734092536803824,0.9635102941176471,0.00036115400732159844,0.011023529411764703,0.0001320832252458901,0.010938235294117648,0.00013866437455441484,0.0,0.0,0.010938235294117648,0.00013866437455441484,0.12198088235294119,0.00244754878718961,0.35055404597379364,0.0005600988602393325,0.9313680015982243,0.0015535951198579012,0.0,0.0
hiro,13700,1.12,0.0,10655.74,8.556501764680446,1.04,1.7943913813528857e-17,0.014471532846715329,0.00032625875947632,0.963697810218978,0.00035792169782714094,0.010954744525547445,0.0001311854390638941,0.010875912408759124,0.000137659176898513,0.0,0.0,0.010875912408759124,0.000137659176898513,0.12170656934306567,0.0024543796722444416,0.35046267101532697,0.0005584529507988131,0.9315272577794032,0.001533627645032814,0.0,0.0
hiro,13800,1.12,0.0,10735.78,8.872626558174098,1.04,1.7943913813528857e-17,0.014388405797101449,0.0003244059996375703,0.9639115942028986,0.0003561888419189959,0.01089130434782609,0.00012999449169388903,0.010808695652173912,0.00013701186971299144,0.0,0.0,0.010808695652173912,0.00013701186971299144,0.12151884057971016,0.0024806595661984996,0.3503922114636559,0.0005633716074257994,0.9316076808288531,0.0015306469815326784,0.0,0.0
hiro,13900,1.12,0.0,10815.84,9.136710433795109,1.04,1.7943913813528857e-17,0.014368345323741007,0.0003162933276255603,0.9640690647482014,0.00035113641640122843,0.01082589928057554,0.00012904274604353075,0.010736690647482014,0.0001357027566100719,0.0,0.0,0.010736690647482014,0.0001357027566100719,0.12134244604316544,0.002543373166661543,0.3503220426216038,0.0005761380140140341,0.9317213311217976,0.0015509229623863006,0.0,0.0
hiro,14000,1.12,0.0,10895.9,9.464962239971252,1.04,1.7943913813528857e-17,0.014337142857142857,0.0003109486231369054,0.964227142857143,0.0003502821496163606,0.010761428571428571,0.00012866226140314453,0.010674285714285714,0.00013385888371597767,0.0,0.0,0.010674285714285714,0.00013385888371597767,0.12114999999999998,0.0026109963932882526,0.35025053474102946,0.0005907706743110628,0.9318381129201133,0.001582241917299124,0.0,0.0
hiro,14100,1.12,0.0,10975.58,9.825044633019044,1.04,1.7943913813528857e-17,0.014259574468085106,0.0003074931105717176,0.964422695035461,0.00034759162801583244,0.010702127659574467,0.00012751877860031133,0.010615602836879434,0.0001305606266095854,0.0,0.0,0.010615602836879434,0.0001305606266095854,0.12097588652482269,0.0026888217174283646,0.35018505805794525,0.0006077904262176385,0.9319200355402235,0.0016266515898413871,0.0,0.0
hiro,14200,1.12,0.0,11054.08,10.168211369212363,1.04,1.7943913813528857e-17,0.014167605633802817,0.00030519690129052755,0.9646478873239437,0.00034572533776649225,0.010632394366197184,0.00012657662871196778,0.010552112676056338,0.00012920200048569135,0.0,0.0,0.010552112676056338,0.00012920200048569135,0.12082535211267605,0.0027649902324732695,0.3501228213345463,0.0006232594345620412,0.9320075978987109,0.0016682216596118882,0.0,0.0
hiro,14300,1.12,0.0,11133.18,10.540909227715545,1.04,1.7943913813528857e-17,0.014082517482517482,0.0003034128363173951,0.9648601398601399,0.0003439770940009873,0.010565034965034964,0.00012604590026844213,0.010492307692307691,0.00012813658966038857,0.0,0.0,0.010492307692307691,0.00012813658966038857,0.12064335664335665,0.0028510760428583936,0.35005416169195924,0.0006412466798013378,0.9320908789082059,0.0017187353580827556,0.0,0.0
hiro,14400,1.12,0.0,11211.78,10.875071287591824,1.04,1.7943913813528857e-17,0.013995833333333334,0.0003017452724329349,0.9650791666666669,0.00034184043522814334,0.010497222222222222,0.00012521020370608347,0.01042777777777778,0.000127854778140173,0.0,0.0,0.01042777777777778,0.000127854778140173,0.12031111111111112,0.002929093116092632,0.3499514323062666,0.0006570432416885042,0.932257334855127,0.001763896672179045,0.0,0.0
hiro,14500,1.12,0.0,11289.66,11.11871413795825,1.04,1.7943913813528857e-17,0.013911724137931035,0.0002996955592458737,0.9652855172413795,0.00033774433654131593,0.010438620689655174,0.00012369551313768344,0.010364137931034483,0.00012670793435497037,0.0,0.0,0.010364137931034483,0.00012670793435497037,0.11985103448275863,0.002986820596364492,0.34982036998618793,0.0006679397758990126,0.9325212153289363,0.0017921800774001334,0.0,0.0
hiro,14600,1.12,0.0,11366.62,11.39845639388357,1.04,1.7943913813528857e-17,0.013843835616438356,0.00029668661448747837,0.9654780821917807,0.00033324167100986135,0.010372602739726027,0.00012258926837995857,0.010305479452054796,0.0001265557896374084,0.0,0.0,0.010305479452054796,0.0001265557896374084,0.11939452054794521,0.0030183747492215376,0.3496902113557554,0.0006735147352757198,0.9327847560011563,0.0018108996641062211,0.0,0.0
hiro,14700,1.12,0.0,11444.42,11.642851533740982,1.04,1.7943913813528857e-17,0.01376326530612245,0.00029411526731068396,0.9656843537414967,0.0003297607367962553,0.01031156462585034,0.0001216766486438482,0.010240816326530613,0.00012558963056356613,0.0,0.0,0.010240816326530613,0.00012558963056356613,0.11894149659863945,0.0030539461255860733,0.3495612585142853,0.0006801474980856368,0.9330318630815542,0.001831434651111553,0.0,0.0
hiro,14800,1.12,0.0,11521.78,11.996335835136817,1.04,1.7943913813528857e-17,0.013678378378378377,0.00029277613201639447,0.9658783783783785,0.0003267342437236656,0.010254054054054053,0.00012046022667049862,0.01018918918918919,0.00012379320109560924,0.0,0.0,0.01018918918918919,0.00012379320109560924,0.11852432432432432,0.0031014601677444393,0.34944280124694715,0.0006899201288543802,0.933248672543415,0.0018611531102739574,0.0,0.0
hiro,14900,1.12,0.0,11600.16,12.295456602388725,1.04,1.7943913813528857e-17,0.013591946308724831,0.00029145582054852353,0.966081879194631,0.0003244387891201725,0.010195973154362416,0.00011840498246267305,0.01013020134228188,0.00012350556406136252,0.0,0.0,0.01013020134228188,0.00012350556406136252,0.11816241610738257,0.0031493009834524226,0.3493351913569085,0.0007009535145531022,0.9334541446798873,0.0018932420919236595,0.0,0.0
hiro,15000,1.12,0.0,11678.24,12.58183205893258,1.04,1.7943913813528857e-17,0.013508,0.00029056136144006613,0.9662760000000001,0.0003233779196413461,0.010142666666666666,0.00011767991484648787,0.010073333333333333,0.00012270939805851096,0.0,0.0,0.010073333333333333,0.00012270939805851096,0.11772666666666666,0.003206136548031891,0.34921221166645666,0.0007143130646854108,0.9336991025873236,0.0019326563156888568,0.0,0.0
hiro,15100,1.12,0.0,11756.98,12.883860810632624,1.04,1.7943913813528857e-17,0.013429139072847682,0.0002881057384720728,0.966466225165563,0.0003221142170319626,0.010091390728476821,0.00011686810936282661,0.01001324503311258,0.0001214664434868801,0.0,0.0,0.01001324503311258,0.0001214664434868801,0.11739602649006624,0.003279234490537122,0.3491124964999955,0.0007312564140546586,0.9338685311415205,0.001988416309841178,0.0,0.0
hiro,15200,1.12,0.0,11835.06,13.23648051131911,1.04,1.7943913813528857e-17,0.013347368421052632,0.00028548937526781594,0.9666578947368422,0.0003193663786720612,0.010035526315789474,0.00011634730995845805,0.00995921052631579,0.00011934077149525233,0.0,0.0,0.00995921052631579,0.00011934077149525233,0.1169736842105263,0.0033515944222974768,0.3489933814708928,0.0007481649057802958,0.9340846280299472,0.002046209056783359,0.0,0.0
hiro,15300,1.12,0.0,11913.24,13.531506997842222,1.04,1.7943913813528857e-17,0.013274509803921569,0.0002844620220110069,0.9668392156862745,0.0003171182866663021,0.009984313725490197,0.00011589344126058155,0.009901960784313726,0.00011844835531407913,0.0,0.0,0.009901960784313726,0.00011844835531407913,0.11655816993464052,0.0034265526900339703,0.3488763697084191,0.0007660242149604907,0.9342997720554191,0.0021075261744200723,0.0,0.0
hiro,15400,1.12,0.0,11991.16,13.948194528764107,1.04,1.7943913813528857e-17,0.013197402597402597,0.00028309742989212787,0.9670220779220778,0.0003148910568436319,0.00993116883116883,0.00011588361409769308,0.00984935064935065,0.00011757957243998863,0.0,0.0,0.00984935064935065,0.00011757957243998863,0.11616883116883116,0.0035089761607095793,0.3487647969191615,0.0007851635639231595,0.9345061966514403,0.0021735656222244336,0.0,0.0
hiro,15500,1.12,0.0,12069.1,14.370327989667189,1.04,1.7943913813528857e-17,0.013122580645161287,0.0002818227622381688,0.9671974193548387,0.00031311543403732945,0.00988516129032258,0.00011522270865676406,0.00979483870967742,0.00011667911557871939,0.0,0.0,0.00979483870967742,0.00011667911557871939,0.11589290322580645,0.0035939215509672123,0.34867894107104674,0.0008035040774726313,0.934651402860623,0.002238100751512175,0.0,0.0
hiro,15600,1.12,0.0,12147.92,14.740665396328978,1.04,1.7943913813528857e-17,0.013052564102564104,0.00028005747172794556,0.9673756410256411,0.0003109532525811991,0.009832051282051283,0.00011443428048993233,0.00973974358974359,0.0001162305463750335,0.0,0.0,0.00973974358974359,0.0001162305463750335,0.11557307692307692,0.003687954132354663,0.3485833680181302,0.0008246251496941474,0.9348124221370381,0.0023097746485443776,0.0,0.0
hiro,15700,1.12,0.0,12225.28,15.115285951240057,1.04,1.7943913813528857e-17,0.01297324840764331,0.0002780924106472319,0.9675617834394905,0.00030898139428181504,0.009778343949044586,0.00011224480688454088,0.009686624203821655,0.00011598283210853557,0.0,0.0,0.009686624203821655,0.00011598283210853557,0.1152,0.0037837019789277006,0.348475050098777,0.0008471662068169322,0.9350136002640599,0.002384896641999338,0.0,0.0
hiro,15800,1.12,0.0,12304.14,15.627997116634972,1.04,1.7943913813528857e-17,0.012902531645569619,0.00027658409625165304,0.9677354430379748,0.00030712298735701804,0.009727848101265823,0.00011118216579980864,0.009634177215189874,0.00011529769751198357,0.0,0.0,0.009634177215189874,0.00011529769751198357,0.11492405063291139,0.0038859720264765364,0.3483880673157281,0.0008712058492522837,0.9351766753021942,0.0024633976451762926,0.0,0.0
hiro,15900,1.12,0.0,12382.6,16.107850792171412,1.04,1.7943913813528857e-17,0.012828930817610065,0.00027548107535839514,0.9679157232704402,0.00030607209808321517,0.009676729559748427,0.00011011345264086103,0.009578616352201258,0.00011489564143367716,0.0,0.0,0.009578616352201258,0.00011489564143367716,0.11468553459119497,0.003996093914551221,0.3483126042707432,0.0008969840225072102,0.9352652253742666,0.0025504749350180734,0.0,0.0
hiro,16000,1.12,0.0,12460.8,16.643881023072836,1.04,1.7943913813528857e-17,0.012812500000000003,0.0002701744995444271,0.9680262499999999,0.000304070440701104,0.009626250000000001,0.00010921347402295775,0.009535000000000002,0.00011360230936859319,0.0,0.0,0.009535000000000002,0.00011360230936859319,0.11465,0.004098156706722809,0.34828461133433153,0.0009223152591184142,0.9352502921569559,0.0026414290937568237,0.0,0.0
hiro,16100,1.12,0.0,12540.88,17.10008091638571,1.04,1.7943913813528857e-17,0.012788819875776397,0.0002675461047346919,0.9681527950310559,0.00030156482773678237,0.00957391304347826,0.0001083393831757621,0.00948447204968944,0.00011273046611387439,0.0,0.0,0.00948447204968944,0.00011273046611387439,0.1147031055900621,0.0041971114672420765,0.3482735289626963,0.0009474620669618125,0.9351936163169227,0.002729433197383612,0.0,0.0
hiro,16200,1.12,0.0,12620.68,17.541657474103623,1.04,1.7943913813528857e-17,0.012725925925925925,0.00026554990442393653,0.9683160493827161,0.00030034729660851744,0.009519753086419754,0.00010738539549657539,0.009438271604938271,0.00011185398758887963,0.0,0.0,0.009438271604938271,0.00011185398758887963,0.11470617283950617,0.0043059734687019725,0.34825392607323236,0.0009748808021454429,0.9351343054934631,0.002822016824559105,0.0,0.0
hiro,16300,1.12,0.0,12700.1,18.02785260056658,1.04,1.7943913813528857e-17,0.01265766871165644,0.00026362420046263137,0.9684834355828221,0.0002979277154234605,0.009468711656441718,0.00010660157493439208,0.009390184049079753,0.00011099018770302137,0.0,0.0,0.009390184049079753,0.00011099018770302137,0.11471411042944785,0.0044214676525546216,0.3482354469955529,0.0010036514847206028,0.9350668462878214,0.0029139863402733992,0.0,0.0
hiro,16400,1.12,0.0,12780.16,18.57440327824442,1.04,1.7943913813528857e-17,0.012584146341463414,0.00026221618908962304,0.9686451219512194,0.0002964964863975872,0.009428048780487806,0.00010639865048928862,0.00934268292682927,0.0001107100021924983,0.0,0.0,0.00934268292682927,0.0001107100021924983,0.11485609756097562,0.004541594575996336,0.3482484728940878,0.0010326488159962714,0.9349017957190252,0.0030121598758948123,0.0,0.0
hiro,16500,1.12,0.0,12859.32,19.121810178165557,1.04,1.7943913813528857e-17,0.012516363636363636,0.0002599781882840627,0.9688000000000002,0.0002948913173337109,0.009381818181818182,0.00010589703793191795,0.009301818181818182,0.00011097446292649913,0.0,0.0,0.009301818181818182,0.00011097446292649913,0.1150630303030303,0.004644974831828593,0.3482767702759963,0.0010569738147562094,0.9347168881590112,0.0030911300391858695,0.0,0.0
hiro,16600,1.12,0.0,12938.38,19.44169493744865,1.04,1.7943913813528857e-17,0.012449397590361445,0.00025830524568398,0.9689602409638555,0.000292592943139363,0.009337349397590362,0.0001050619102377408,0.00925301204819277,0.00011055756869364356,0.0,0.0,0.00925301204819277,0.00011055756869364356,0.11524939759036146,0.004692371394695341,0.3482994909466081,0.001068450200572677,0.9345665317468895,0.0031256075218603326,0.0,0.0
hiro,16700,1.12,0.0,13018.52,19.63845124613799,1.04,1.7943913813528857e-17,0.01238682634730539,0.00025721069083943894,0.9691197604790419,0.00029064678871952565,0.009283832335329341,0.00010451628744401296,0.009209580838323354,0.0001099887299260594,0.0,0.0,0.009209580838323354,0.0001099887299260594,0.11544550898203593,0.004725436809121787,0.34832502038488206,0.0010762254045751922,0.9343799482669656,0.0031453977674400116,0.0,0.0
hiro,16800,1.12,0.0,13098.38,19.807685377145912,1.04,1.7943913813528857e-17,0.012320238095238094,0.00025578983244483266,0.9692809523809524,0.00028936483858742586,0.009236904761904762,0.00010372323358817599,0.009161904761904762,0.00010894765428390163,0.0,0.0,0.009161904761904762,0.00010894765428390163,0.11562261904761904,0.00475671644285614,0.3483448126266186,0.0010838262349110196,0.9342197074044722,0.003170283615786535,0.0,0.0
hiro,16900,1.12,0.0,13176.74,19.91534758390511,1.04,1.7943913813528857e-17,0.01226508875739645,0.0002555463758841971,0.969421301775148,0.00028969447526202647,0.009189349112426035,0.0001033664073569663,0.009124260355029586,0.00010904152491358984,0.0,0.0,0.009124260355029586,0.00010904152491358984,0.11573372781065087,0.004785132153515444,0.3483503753869927,0.0010897197473336675,0.9341183884351995,0.003193298012350916,0.0,0.0
hiro,17000,1.12,0.0,13256.56,20.16809280390535,1.04,1.7943913813528857e-17,0.012198823529411767,0.0002543034868016509,0.9695717647058824,0.00028863578027893226,0.00914235294117647,0.00010285233690095854,0.009087058823529413,0.00010837717096165008,0.0,0.0,0.009087058823529413,0.00010837717096165008,0.11591529411764707,0.004818881946956082,0.3483735191309327,0.0010960295075493093,0.933954947409602,0.0032190013793648793,0.0,0.0
hiro,17100,1.12,0.0,13336.24,20.463378139934743,1.04,1.7943913813528857e-17,0.012129824561403508,0.00025271251129233653,0.969727485380117,0.00028621027169042657,0.009100584795321639,0.00010272482876220962,0.009042105263157895,0.00010839759159080937,0.0,0.0,0.009042105263157895,0.00010839759159080937,0.11611228070175439,0.004864273981698712,0.34840087594824604,0.001105523210468233,0.9337542418398739,0.0032562585181270787,0.0,0.0
hiro,17200,1.12,0.0,13415.06,20.655135448797306,1.04,1.7943913813528857e-17,0.012151162790697674,0.00025205964959291554,0.969793023255814,0.0002884304563013518,0.009056976744186047,0.00010290010541789741,0.008998837209302325,0.00010823237539371258,0.0,0.0,0.008998837209302325,0.00010823237539371258,0.11628837209302326,0.004903001514115502,0.348421645559401,0.001114909878850197,0.9336174582871831,0.0032963360570137,0.0,0.0
hiro,17300,1.12,0.0,13494.48,20.875867133401396,1.04,1.7943913813528857e-17,0.012139884393063585,0.0002584970022008186,0.9698867052023121,0.000296493881612383,0.009016184971098266,0.00010220127702140682,0.008957225433526011,0.00010791896109565237,0.0,0.0,0.008957225433526011,0.00010791896109565237,0.11628092485549132,0.004923073382661742,0.34840232050270226,0.0011210368020344553,0.9335820002074616,0.0033259819443214413,0.0,0.0
hiro,17400,1.12,0.0,13573.24,21.156184216730693,1.04,1.7943913813528857e-17,0.012102298850574712,0.0002633873546408811,0.9700011494252874,0.0003009610335914682,0.008979310344827586,0.00010166789689342743,0.008917241379310345,0.00010805496042230379,0.0,0.0,0.008917241379310345,0.00010805496042230379,0.11610919540229883,0.004947550010883608,0.34834626844254063,0.0011279041690976078,0.9336451351579299,0.0033569416879445967,0.0,0.0
hiro,17500,1.12,0.0,13652.54,21.27503490488515,1.04,1.7943913813528857e-17,0.012045714285714285,0.0002623394572632016,0.9701451428571428,0.00029830322882350814,0.008938285714285715,0.0001006711670823178,0.008870857142857144,0.00010715429287853586,0.0,0.0,0.008870857142857144,0.00010715429287853586,0.11586171428571428,0.004971934719048407,0.3482716685319786,0.0011343579394009601,0.9337665210002561,0.0033864692488018897,0.0,0.0
hiro,17600,1.12,0.0,13730.36,21.33020776423207,1.04,1.7943913813528857e-17,0.011988636363636363,0.000261045825974214,0.9702761363636364,0.00029779121840162843,0.008901136363636363,0.00010106233349844266,0.00883409090909091,0.00010689956635977014,0.0,0.0,0.00883409090909091,0.00010689956635977014,0.11552840909090908,0.004965000800531129,0.3481793801903342,0.0011336141740587397,0.9339499206288217,0.0033858536940380443,0.0,0.0
hiro,17700,1.12,0.0,13808.78,21.521157885548206,1.04,1.7943913813528857e-17,0.011953672316384183,0.00026000273141654507,0.9703966101694914,0.0002955559992517256,0.008857627118644067,0.0001005001753948077,0.008792090395480227,0.00010642606735541435,0.0,0.0,0.008792090395480227,0.00010642606735541435,0.11533446327683615,0.004952396760305315,0.3481168592177776,0.0011320221313066699,0.934086157296545,0.0033816255417133813,0.0,0.0
hiro,17800,1.12,0.0,13886.7,21.56206513906366,1.04,1.7943913813528857e-17,0.011923595505617978,0.0002637340278193612,0.9705011235955057,0.00029762553903261594,0.008822471910112359,9.94143296165721e-05,0.008752808988764045,0.00010498623066303583,0.0,0.0,0.008752808988764045,0.00010498623066303583,0.11510449438202247,0.004925640421120149,0.3480469280341241,0.001126817472524014,0.9342443446372865,0.003363637775471319,0.0,0.0
hiro,17900,1.12,0.0,13964.22,21.600043272821356,1.04,1.7943913813528857e-17,0.011873743016759775,0.00026347532212217376,0.9706346368715083,0.0002974051729741145,0.008778770949720672,9.878224194641751e-05,0.008712849162011174,0.00010501968495426446,0.0,0.0,0.008712849162011174,0.00010501968495426446,0.11478435754189946,0.004902438411535994,0.3479564660596431,0.001122394557606084,0.9344254937954204,0.0033486296688831955,0.0,0.0
hiro,18000,1.12,0.0,14041.16,21.53939646322524,1.04,1.7943913813528857e-17,0.011819999999999999,0.00026245041763791677,0.9707744444444445,0.00029576846882386815,0.008732222222222223,9.831907989502025e-05,0.008673333333333333,0.00010527340258590058,0.0,0.0,0.008673333333333333,0.00010527340258590058,0.11443333333333335,0.004881424160965139,0.34785872172373816,0.0011177738237596344,0.9346258603396312,0.0033321279593647372,0.0,0.0
hiro,18100,1.12,0.0,14119.64,21.599523048400105,1.04,1.7943913813528857e-17,0.011761325966850828,0.00026031729487513796,0.9709182320441989,0.0002929522705976029,0.008687292817679559,9.790156546985745e-05,0.008633149171270718,0.00010528713543355026,0.0,0.0,0.008633149171270718,0.00010528713543355026,0.1143292817679558,0.0049027047330430186,0.3478155152370993,0.0011221425049044536,0.9347249246081042,0.0033291882988034866,0.0,0.0
hiro,18200,1.12,0.0,14198.32,21.71912427294603,1.04,1.7943913813528857e-17,0.011704395604395606,0.00025901474688238033,0.9710560439560438,0.00029142045479759295,0.008643956043956043,9.679092443594966e-05,0.008595604395604396,0.00010515897527368914,0.0,0.0,0.008595604395604396,0.00010515897527368914,0.11415384615384613,0.00490493354835381,0.34775823748407425,0.0011224153944494732,0.9348197697354391,0.0033212531164782486,0.0,0.0
hiro,18300,1.12,0.0,14276.84,21.837962826421407,1.04,1.7943913813528857e-17,0.011642622950819671,0.00025782126607584824,0.9711967213114754,0.00029059217241605073,0.008605464480874318,9.62847998447119e-05,0.0085551912568306,0.00010388275886284257,0.0,0.0,0.0085551912568306,0.00010388275886284257,0.11381202185792351,0.004905421685796984,0.3476636915545259,0.0011222098708608425,0.9350239754892442,0.003316518755182001,0.0,0.0
hiro,18400,1.12,0.0,14355.92,21.912084821497242,1.04,1.7943913813528857e-17,0.011597826086956522,0.00025553741637231105,0.9713217391304347,0.00028811960119840896,0.008566304347826088,9.630947526815025e-05,0.00851413043478261,0.00010324172054269023,0.0,0.0,0.00851413043478261,0.00010324172054269023,0.11354239130434783,0.0049013872930934845,0.34758578627738723,0.001120888184459848,0.9351806753361889,0.003309203946647059,0.0,0.0
hiro,18500,1.12,0.0,14435.06,22.142625067908252,1.04,1.7943913813528857e-17,0.011565405405405406,0.0002540479984256756,0.9714270270270271,0.0002859646195406802,0.008526486486486488,9.506302737884436e-05,0.00848108108108108,0.00010359297130827302,0.0,0.0,0.00848108108108108,0.00010359297130827302,0.11339135135135135,0.004898689498431726,0.34753598101884575,0.0011194450008436187,0.9352669164233792,0.003300806630597843,0.0,0.0
hiro,18600,1.12,0.0,14513.12,22.24565337043511,1.04,1.7943913813528857e-17,0.011511827956989249,0.00025330088802477386,0.9715494623655916,0.00028542380721397007,0.008491397849462366,9.422194639371423e-05,0.008447311827956988,0.00010362278286478762,0.0,0.0,0.008447311827956988,0.00010362278286478762,0.11326129032258064,0.004903998994376173,0.34749165204008525,0.001119362355198652,0.9353245350073789,0.003294880485244019,0.0,0.0
hiro,18700,1.12,0.0,14591.72,22.475583849763616,1.04,1.7943913813528857e-17,0.011452406417112301,0.00025197283598909695,0.971688770053476,0.00028431406646422706,0.00844812834224599,9.366925124249835e-05,0.008410695187165777,0.00010240287658910037,0.0,0.0,0.008410695187165777,0.00010240287658910037,0.11310267379679145,0.004912998104868365,0.34743944583209546,0.0011204428725909916,0.935393508159014,0.00329465207776699,0.0,0.0
hiro,18800,1.12,0.0,14670.0,22.527932774714166,1.04,1.7943913813528857e-17,0.011429787234042553,0.0002612905341385027,0.971786170212766,0.0002927577542423842,0.008411702127659576,9.35978990062598e-05,0.008372340425531916,0.00010155114815980616,0.0,0.0,0.008372340425531916,0.00010155114815980616,0.11291489361702128,0.004917656034964772,0.34737902583979896,0.0011208433452988907,0.9355178385352407,0.003290394439649292,0.0,0.0
hiro,18900,1.12,0.0,14749.36,22.69175450354114,1.04,1.7943913813528857e-17,0.011404232804232806,0.00026865282391135773,0.971889947089947,0.0002990372549565672,0.008373544973544974,9.350435752002164e-05,0.008332275132275134,0.00010079007266265895,0.0,0.0,0.008332275132275134,0.00010079007266265895,0.11272804232804236,0.004924306059191683,0.347320511641821,0.0011213785192880203,0.9356194843235063,0.003286694466150858,0.0,0.0
hiro,19000,1.12,0.0,14829.12,22.672965831400106,1.04,1.7943913813528857e-17,0.011349473684210529,0.00026718195075703394,0.9720136842105264,0.00029713543718476074,0.008342105263157895,9.313905032509433e-05,0.008294736842105264,0.000100628361048551,0.0,0.0,0.008294736842105264,0.000100628361048551,0.11271368421052631,0.004925436030031159,0.34730268959000055,0.0011218418400775686,0.935609109279514,0.0032846450345190314,0.0,0.0
hiro,19100,1.12,0.0,14907.66,22.715841995202826,1.04,1.7943913813528857e-17,0.011322513089005235,0.00026821375072094835,0.9721109947643979,0.00030061896459346625,0.008305759162303665,9.228248632467783e-05,0.008260732984293194,9.98921697996156e-05,0.0,0.0,0.008260732984293194,9.98921697996156e-05,0.11262722513089006,0.0049027816388020505,0.3472676440917788,0.0011167283263867286,0.9356628200367916,0.003266183594109243,0.0,0.0
hiro,19200,1.12,0.0,14986.8,22.832844227345046,1.04,1.7943913813528857e-17,0.01130625,0.00027293402993008685,0.9721979166666667,0.0003025191847517392,0.008271875,9.180100410757352e-05,0.008223958333333333,9.898070817581776e-05,0.0,0.0,0.008223958333333333,9.898070817581776e-05,0.11253541666666667,0.004884306121328605,0.3472296913892125,0.0011126704657986074,0.9357435086725456,0.0032503734834617663,0.0,0.0
hiro,19300,1.12,0.0,15065.88,22.786885594614304,1.04,1.7943913813528857e-17,0.011292227979274615,0.00028007618633106487,0.9722818652849741,0.000308328886487558,0.008235233160621764,9.175293765170544e-05,0.008190673575129533,9.830736665492987e-05,0.0,0.0,0.008190673575129533,9.830736665492987e-05,0.11236269430051812,0.004854072603540703,0.3471740196684137,0.0011065834958155284,0.9358709547756419,0.0032297113952900517,0.0,0.0
hiro,19400,1.12,0.0,15144.32,22.76252631149787,1.04,1.7943913813528857e-17,0.011260824742268041,0.00028312603995763824,0.9723804123711343,0.0003101561636235333,0.008198969072164948,9.118488641057546e-05,0.00815979381443299,9.85673037615831e-05,0.0,0.0,0.00815979381443299,9.85673037615831e-05,0.11212268041237115,0.004829863998607114,0.3471038617615487,0.0011018145936494907,0.9360262128917707,0.0032131431913474755,0.0,0.0
hiro,19500,1.12,0.0,15222.48,22.972374536315016,1.04,1.7943913813528857e-17,0.01120820512820513,0.00028170440589034393,0.9725035897435897,0.0003075341997408598,0.008164102564102563,9.052289284186656e-05,0.008124102564102564,9.824599204737999e-05,0.0,0.0,0.008124102564102564,9.824599204737999e-05,0.11194564102564103,0.004825933781230248,0.3470487502256732,0.00110125939046581,0.936111322872878,0.003206990967644409,0.0,0.0
hiro,19600,1.12,0.0,15300.3,23.10754360438537,1.04,1.7943913813528857e-17,0.011172448979591833,0.00028058664833468253,0.9726051020408164,0.0003068518659579631,0.00813061224489796,8.996377858647308e-05,0.008091836734693878,9.802597334375759e-05,0.0,0.0,0.008091836734693878,9.802597334375759e-05,0.11179591836734694,0.004826687565084149,0.34700044519401596,0.0011018142167967438,0.9361827933130875,0.003205507018668949,0.0,0.0
hiro,19700,1.12,0.0,15377.88,23.256487179244573,1.04,1.7943913813528857e-17,0.011122842639593908,0.0002793662822045286,0.9727187817258884,0.00030537949286827114,0.008101522842639595,8.9345281109566e-05,0.008056852791878172,9.75503759725314e-05,0.0,0.0,0.008056852791878172,9.75503759725314e-05,0.11165177664974621,0.004834683456500953,0.34695469200795,0.0011036223938797466,0.9362411296961163,0.0032064439266123947,0.0,0.0
hiro,19800,1.12,0.0,15455.88,23.45367366028753,1.04,1.7943913813528857e-17,0.011080808080808082,0.00027678934351164014,0.9728333333333333,0.0003023225776650506,0.008065656565656566,8.855668230469184e-05,0.008020202020202021,9.710016647192335e-05,0.0,0.0,0.008020202020202021,9.710016647192335e-05,0.11146161616161616,0.004846612538322286,0.3468974503841267,0.0011063369811295783,0.9363252511978544,0.0032110476227312874,0.0,0.0
hiro,19900,1.12,0.0,15533.46,23.582927238637215,1.04,1.7943913813528857e-17,0.011037185929648244,0.0002746592720152421,0.9729427135678393,0.0002997252212327835,0.008028140703517588,8.79865383556491e-05,0.007991959798994974,9.664379897888341e-05,0.0,0.0,0.007991959798994974,9.664379897888341e-05,0.11126834170854273,0.0048518484406945535,0.34684022666864467,0.0011071546779238362,0.9364168222100591,0.0032124083941441626,0.0,0.0
hiro,20000,1.12,0.0,15612.3,23.750321157871543,1.04,1.7943913813528857e-17,0.010993,0.00027422622122649624,0.973055,0.0002985141776963278,0.007994999999999999,8.741468143631394e-05,0.007956999999999999,9.600180695578345e-05,0.0,0.0,0.007956999999999999,9.600180695578345e-05,0.11108199999999999,0.00486302663797276,0.3467836962830119,0.0011094978373446154,0.9365039757490401,0.003217434216812778,0.0,0.0
hiro_additive_effort,100,0.47688445490316833,0.015796238416560037,36.34,2.2650152047063656,0.3968844549031683,0.015796238416560037,0.17240000000000003,0.02652770596326545,0.6344,0.027645215846212403,0.0436,0.007260516651094214,0.14959999999999998,0.024451467966449085,0.0,0.0,0.14959999999999998,0.024451467966449085,0.17240000000000003,0.02652770596326545,0.4204910492999929,0.004116605826673402,0.53910521119888,0.013212701357939139,0.0,0.0
hiro_additive_effort,200,0.7675500939075997,0.015875016658424553,93.24,3.4981697838633696,0.6875500939075994,0.015875016658424553,0.14150000000000001,0.01831039071574567,0.6480999999999999,0.02058971905131891,0.0405,0.004382828273326414,0.1699,0.020416824794611863,0.0,0.0,0.1699,0.020416824794611863,0.14150000000000001,0.01831039071574567,0.4323224549110287,0.00207421447171453,0.49467843491520497,0.008236649739955046,0.0,0.0
hiro_additive_effort,300,0.9506015314286208,0.012515042973632429,162.7,4.609152385665471,0.8706015314286207,0.01251504297363243,0.12813333333333335,0.014152445042474891,0.6558666666666666,0.017826973880398948,0.036533333333333334,0.0036588785563679803,0.1794666666666667,0.01592566633056722,0.0,0.0,0.1794666666666667,0.01592566633056722,0.133,0.013992304331269608,0.44442907891589273,0.0019303100791873,0.48543547490627054,0.008904558617333943,0.0,0.0
hiro_additive_effort,400,1.0823271238087817,0.006639749679732324,236.78,6.769697789655407,1.0023271238087816,0.006639749679732324,0.10970000000000002,0.012554907975995457,0.6785000000000001,0.01820840241117674,0.0328,0.0029142857142857147,0.179,0.017602614601709785,0.0,0.0,0.179,0.017602614601709785,0.14155,0.014277299307299124,0.4495207522905183,0.0026754324668947986,0.5155849286949329,0.012539533822774037,0.0,0.0
hiro_additive_effort,500,1.114805291581853,0.0021673972901374615,316.58,9.027173942478072,1.034805291581853,0.0021673972901374607,0.09268000000000001,0.01011438418031166,0.71232,0.01853705478224629,0.030320000000000003,0.0022586685621111802,0.16468,0.01867440549008624,0.0,0.0,0.16468,0.01867440549008624,0.20016,0.017095156492708808,0.4521972623402392,0.0037537648721168836,0.5527465045818338,0.016594930171226912,0.0,0.0
hiro_additive_effort,600,1.119083808774765,0.0005347432434994018,395.92,11.816793307900102,1.0390838087747651,0.0005347432434993986,0.0809,0.008400708586893416,0.7352333333333334,0.02005474423770867,0.028300000000000002,0.0018871146796257394,0.15556666666666666,0.02045766659345536,0.0,0.0,0.15556666666666666,0.02045766659345536,0.2651666666666666,0.020637638709873625,0.45328783831171576,0.0045028668066506294,0.5799774863781961,0.01863193275097266,0.0,0.0
hiro_additive_effort,700,1.1199302647780667,6.9735221933378e-05,474.28,14.671116702764055,1.0399302647780666,6.973522193337491e-05,0.07171428571428572,0.00718344155469804,0.7526857142857143,0.021578779277769643,0.026914285714285714,0.0016631638882314138,0.14868571428571428,0.02201187972011919,0.0,0.0,0.14868571428571428,0.02201187972011919,0.3108857142857143,0.023802424636485953,0.4529205439725194,0.004942196920884509,0.60281308469645,0.018897184011956426,0.0,0.0
hiro_additive_effort,800,1.12,0.0,551.7,17.54174612582388,1.04,1.7943913813528857e-17,0.065275,0.006307520009755766,0.7659250000000002,0.022842791532560112,0.025825000000000004,0.0014645513696302068,0.142975,0.023254330571016713,0.0,0.0,0.142975,0.023254330571016713,0.34379999999999994,0.026663745163094565,0.45162577872875803,0.005313396917057073,0.6250700717339044,0.018578933582603548,0.0,0.0
hiro_additive_effort,900,1.12,0.0,629.42,20.524094153368292,1.04,1.7943913813528857e-17,0.06006666666666666,0.005662677890086391,0.7760222222222221,0.0240166250052748,0.0248,0.001331987226772543,0.1391111111111111,0.02445567666079317,0.0,0.0,0.1391111111111111,0.02445567666079317,0.3671333333333333,0.028946916951686073,0.45019555990049426,0.0056307289378033825,0.6438544538894075,0.01824214719422459,0.0,0.0
hiro_additive_effort,1000,1.12,0.0,705.7,23.528016300156036,1.04,1.7943913813528857e-17,0.05542,0.005086764739026572,0.7842,0.025036479507359835,0.02416,0.001177115117564973,0.13622,0.025465595678587732,0.0,0.0,0.13622,0.025465595678587732,0.38092000000000004,0.030695992426054704,0.4481463297211831,0.00582978162720428,0.6609625878303489,0.017485833718636237,0.0,0.0
hiro_additive_effort,1100,1.12,0.0,783.18,26.324764316637868,1.04,1.7943913813528857e-17,0.0522,0.0046404245738949105,0.7917090909090909,0.025612795124245472,0.023399999999999997,0.0010594760302117998,0.13269090909090908,0.025985360643744418,0.0,0.0,0.13269090909090908,0.025985360643744418,0.3898909090909091,0.03193584013255594,0.44590838069849686,0.005964815771029774,0.6762495054240898,0.016833053161735865,0.0,0.0
hiro_additive_effort,1200,1.12,0.0,859.76,28.859272340098943,1.04,1.7943913813528857e-17,0.049400000000000006,0.0042810848011724705,0.7983,0.025929981158930568,0.02275,0.0009539421727412204,0.12955,0.0262790084829712,0.0,0.0,0.12955,0.0262790084829712,0.39020000000000005,0.03210729567207662,0.4428179313417695,0.005989744378022008,0.6907017987944023,0.016354665159732308,0.0,0.0
hiro_additive_effort,1300,1.12,0.0,935.42,31.34384801142427,1.04,1.7943913813528857e-17,0.04709230769230768,0.003943710322138153,0.8039538461538461,0.026228796566970577,0.02213846153846154,0.0008906632386651961,0.1268153846153846,0.026547613010422254,0.0,0.0,0.1268153846153846,0.026547613010422254,0.38796923076923073,0.03200543940003745,0.4396611456890206,0.00596802983142897,0.7037657035850919,0.015950219216453714,0.0,0.0
hiro_additive_effort,1400,1.12,0.0,1009.82,34.04462485668851,1.04,1.7943913813528857e-17,0.045114285714285704,0.0036432635684787358,0.8081999999999999,0.02666919254315342,0.022042857142857145,0.0008163290816286671,0.12464285714285715,0.02695783378103226,0.0,0.0,0.12464285714285715,0.02695783378103226,0.3838285714285714,0.03192116460418745,0.43661049112122013,0.005955420972557199,0.7154365945112013,0.015668803893714296,0.0,0.0
hiro_additive_effort,1500,1.12,0.0,1079.76,36.364543843964164,1.04,1.7943913813528857e-17,0.04332,0.0034059832641199004,0.8103466666666668,0.027000141025918755,0.02169333333333334,0.0007605249410381245,0.12464,0.027264336077900513,0.0,0.0,0.12464,0.027264336077900513,0.37416000000000005,0.030744040574378025,0.4330772414132316,0.005799884187034369,0.7259297011647954,0.015362536566378975,0.0,0.0
hiro_additive_effort,1600,1.12,0.0,1150.12,38.364690824256826,1.04,1.7943913813528857e-17,0.0417125,0.0031931252883566686,0.8126125000000001,0.027083809656983534,0.0216625,0.0007252748423451454,0.12401250000000001,0.027341473097621482,0.0,0.0,0.12401250000000001,0.027341473097621482,0.3630625,0.029275587589303473,0.42946590576856036,0.0056019824519291835,0.7365334650866094,0.014958876179234942,0.0,0.0
hiro_additive_effort,1700,1.12,0.0,1221.32,39.87505424473311,1.04,1.7943913813528857e-17,0.04036470588235294,0.0030403398506975445,0.8154,0.02686081153096403,0.021164705882352943,0.0006805145579301252,0.12307058823529413,0.027068766323993132,0.0,0.0,0.12307058823529413,0.027068766323993132,0.3532,0.027965286419861263,0.4261948929560874,0.005430824510715484,0.7469677557020838,0.014378835291411679,0.0,0.0
hiro_additive_effort,1800,1.12,0.0,1292.14,40.700729673046006,1.04,1.7943913813528857e-17,0.03916666666666666,0.0028509301943472885,0.8175444444444444,0.026215222027692216,0.02101111111111111,0.0006763637157915144,0.12227777777777778,0.026346114037324835,0.0,0.0,0.12227777777777778,0.026346114037324835,0.3434,0.026516639765048047,0.42321090113121024,0.0052789087090469216,0.7571229148859048,0.013528254422397846,0.0,0.0
hiro_additive_effort,1900,1.12,0.0,1362.98,41.45668494381349,1.04,1.7943913813528857e-17,0.03802105263157895,0.002698758411606168,0.8199263157894738,0.02554419412225002,0.02076842105263158,0.0006673049877181357,0.12128421052631579,0.025625225713898324,0.0,0.0,0.12128421052631579,0.025625225713898324,0.33422105263157886,0.025109393720372703,0.42043289190926536,0.005136802068392876,0.7664328333356996,0.012768912613898979,0.0,0.0
hiro_additive_effort,2000,1.12,0.0,1436.48,41.641798467307304,1.04,1.7943913813528857e-17,0.03688,0.0025718872606770014,0.8231,0.02463456589296215,0.020569999999999998,0.0006417466599135551,0.11945,0.0246622294455406,0.0,0.0,0.11945,0.0246622294455406,0.3258899999999999,0.023877708372933466,0.41777823914983087,0.005003103297699031,0.7757134946130958,0.011784311286115153,0.0,0.0
hiro_additive_effort,2100,1.12,0.0,1511.18,41.75462521123392,1.04,1.7943913813528857e-17,0.03595238095238096,0.0024440710445605635,0.8266095238095238,0.02374700690395872,0.02058095238095238,0.000630313867283388,0.11685714285714287,0.023716697571919562,0.0,0.0,0.11685714285714287,0.023716697571919562,0.3183809523809524,0.022702632122701506,0.4153020405115823,0.004849095192575755,0.7839766219025445,0.010945317183659068,0.0,0.0
hiro_additive_effort,2200,1.12,0.0,1585.08,42.2259987617649,1.04,1.7943913813528857e-17,0.035045454545454546,0.002327620930004115,0.8298454545454544,0.023108763385016634,0.020345454545454545,0.0006099141558037679,0.11476363636363635,0.023045011723944103,0.0,0.0,0.11476363636363635,0.023045011723944103,0.3111454545454546,0.021690081738175555,0.4129657809682142,0.004719136234714943,0.7911500882705808,0.010406935747933412,0.0,0.0
hiro_additive_effort,2300,1.12,0.0,1656.5,43.038798348296226,1.04,1.7943913813528857e-17,0.03426086956521739,0.002226376700309642,0.831504347826087,0.022728887433933365,0.020208695652173914,0.0005944900872124237,0.11402608695652174,0.022628452939839318,0.0,0.0,0.11402608695652174,0.022628452939839318,0.3049391304347826,0.020745954392705348,0.411076456775678,0.0045897908392237815,0.7967837085924875,0.010090129101266504,0.0,0.0
hiro_additive_effort,2400,1.12,0.0,1729.26,43.71859745308976,1.04,1.7943913813528857e-17,0.033508333333333334,0.00211329107073774,0.8337916666666665,0.022224986098672093,0.020033333333333334,0.000566301402886806,0.11266666666666665,0.02208495373338816,0.0,0.0,0.11266666666666665,0.02208495373338816,0.2987916666666667,0.019928903002589513,0.40914876307812625,0.004451547309734337,0.8023504397780326,0.009767064145607287,0.0,0.0
hiro_additive_effort,2500,1.12,0.0,1801.44,44.66750779997944,1.04,1.7943913813528857e-17,0.032968000000000004,0.002026182577344572,0.8352799999999999,0.02185888396426646,0.019799999999999998,0.0005625887685058951,0.111952,0.021704992417338795,0.0,0.0,0.111952,0.021704992417338795,0.29337599999999997,0.019126393466108765,0.40749656764017045,0.00432774220766304,0.8071333086030164,0.00949362516353033,0.0,0.0
hiro_additive_effort,2600,1.12,0.0,1871.7,46.01318577653716,1.04,1.7943913813528857e-17,0.03233846153846154,0.00195127954143186,0.8364769230769232,0.021716814151854107,0.019584615384615384,0.0005443543884986547,0.1116,0.021509807582674706,0.0,0.0,0.1116,0.021509807582674706,0.2880461538461539,0.018369741163440107,0.40593462441631895,0.004221198847878443,0.8115488999029281,0.009242398881326334,0.0,0.0
hiro_additive_effort,2700,1.12,0.0,1943.32,47.00396370607092,1.04,1.7943913813528857e-17,0.03166666666666667,0.001887228235662625,0.8376814814814816,0.02142204305806029,0.019385185185185186,0.0005249157257450025,0.11126666666666667,0.021211948616012423,0.0,0.0,0.11126666666666667,0.021211948616012423,0.2831037037037037,0.017691776391223324,0.40448646238107405,0.004109768661144094,0.815859558598348,0.008875371281030579,0.0,0.0
hiro_additive_effort,2800,1.12,0.0,2017.72,47.85303214754824,1.04,1.7943913813528857e-17,0.031107142857142858,0.0018123164285386774,0.8397785714285715,0.020952170025552844,0.019392857142857146,0.0005236245145488971,0.10972142857142858,0.020760354647088437,0.0,0.0,0.10972142857142858,0.020760354647088437,0.2784714285714286,0.017096039812175074,0.4029873663868257,0.003965852648200671,0.820539847021893,0.008347183915352609,0.0,0.0
hiro_additive_effort,2900,1.12,0.0,2085.06,48.937731447050886,1.04,1.7943913813528857e-17,0.030620689655172412,0.0017394673905776058,0.8390620689655173,0.020707292599549756,0.019393103448275863,0.0005132201179473515,0.11092413793103446,0.020529165105116324,0.0,0.0,0.11092413793103446,0.020529165105116324,0.27446896551724137,0.016516984890590593,0.4020202474371898,0.00387252630658765,0.8235606010208599,0.008078371222696555,0.0,0.0
hiro_additive_effort,3000,1.12,0.0,2149.26,50.50727011722052,1.04,1.7943913813528857e-17,0.03026,0.0016802788344352992,0.8373266666666668,0.020697956322264458,0.019246666666666665,0.0005120595557766025,0.11316666666666667,0.020536670923197598,0.0,0.0,0.11316666666666667,0.020536670923197598,0.2702333333333333,0.015988857372892625,0.4011299306548374,0.003829347661071647,0.8262381967783129,0.008002293146670862,0.0,0.0
hiro_additive_effort,3100,1.12,0.0,2211.08,52.52492384087573,1.04,1.7943913813528857e-17,0.02978064516129032,0.0016309572836557716,0.8342064516129032,0.02090250033282968,0.019070967741935486,0.0005030130709500532,0.11694193548387095,0.020751369009387465,0.0,0.0,0.11694193548387095,0.020751369009387465,0.2662387096774194,0.015460544778879355,0.40050777504283636,0.0037873709948114355,0.8283106855352864,0.007951030611497175,0.0,0.0
hiro_additive_effort,3200,1.12,0.0,2270.4,54.683169070490386,1.04,1.7943913813528857e-17,0.029443750000000005,0.0015656165347646823,0.8303562499999999,0.02107298914090994,0.019000000000000003,0.0004899337470828196,0.12119999999999999,0.020961765104614172,0.0,0.0,0.12119999999999999,0.020961765104614172,0.2625,0.014967979747767961,0.4000292014557356,0.003736072193979072,0.8301349840016123,0.007906409581039393,0.0,0.0
hiro_additive_effort,3300,1.12,0.0,2332.68,56.442656036088195,1.04,1.7943913813528857e-17,0.029048484848484848,0.0015183148178355855,0.8278666666666666,0.021131966165104252,0.018896969696969697,0.00047348780456714823,0.12418787878787878,0.021028463149713524,0.0,0.0,0.12418787878787878,0.021028463149713524,0.259369696969697,0.014508259596581677,0.3995286315066043,0.0036968738066575535,0.8319215061962756,0.007809288732150787,0.0,0.0
hiro_additive_effort,3400,1.12,0.0,2392.46,57.598704704823604,1.04,1.7943913813528857e-17,0.028641176470588232,0.0014812313541145818,0.8248529411764706,0.02098394079969405,0.01873529411764706,0.00046006005079275063,0.1277705882352941,0.020883350651647307,0.0,0.0,0.1277705882352941,0.020883350651647307,0.2563,0.014032647503615889,0.399117363712228,0.0036295510973797266,0.8337749009769663,0.007658541310696349,0.0,0.0
hiro_additive_effort,3500,1.12,0.0,2455.7,58.05831164459063,1.04,1.7943913813528857e-17,0.02830857142857143,0.0014387008809708462,0.8229257142857143,0.020505769137733634,0.018605714285714284,0.00045551020408163257,0.13016,0.020407353714555623,0.0,0.0,0.13016,0.020407353714555623,0.25322285714285714,0.013646770253763967,0.39856766013135775,0.0035400628704504947,0.8360071959410148,0.0074877641438229154,0.0,0.0
hiro_additive_effort,3600,1.12,0.0,2510.84,58.31459620551483,1.04,1.7943913813528857e-17,0.02791666666666667,0.0014001639845651899,0.8185722222222221,0.019992181657149038,0.0185,0.0004344105455048892,0.1350111111111111,0.019904336214784244,0.0,0.0,0.1350111111111111,0.019904336214784244,0.2503833333333334,0.013242440785945083,0.3984015706647195,0.003443608795146893,0.8375353790338791,0.007339262206636586,0.0,0.0
hiro_additive_effort,3700,1.12,0.0,2565.94,58.8071175061978,1.04,1.7943913813528857e-17,0.027664864864864868,0.0013747724373991716,0.8138756756756758,0.01960940362844388,0.01842702702702703,0.0004226478522933666,0.1400324324324324,0.019520743175942684,0.0,0.0,0.1400324324324324,0.019520743175942684,0.24780000000000002,0.012862700133521145,0.39832858209747435,0.0033610526082597084,0.8387564691946615,0.007208991925413798,0.0,0.0
hiro_additive_effort,3800,1.12,0.0,2623.26,60.17916657611602,1.04,1.7943913813528857e-17,0.027268421052631577,0.0013339221051044512,0.8104947368421053,0.019501415271216013,0.018305263157894734,0.0004203915325583159,0.1439315789473684,0.019427006515922877,0.0,0.0,0.1439315789473684,0.019427006515922877,0.24493684210526315,0.0125417107466079,0.398056292509135,0.0033053835662089394,0.8402485066010736,0.0070944854184322404,0.0,0.0
hiro_additive_effort,3900,1.12,0.0,2682.92,61.06129967800675,1.04,1.7943913813528857e-17,0.02692307692307692,0.0012995560598074312,0.8081948717948718,0.019299891765582125,0.018205128205128204,0.00042792913894535486,0.14667692307692307,0.019206877131146084,0.0,0.0,0.14667692307692307,0.019206877131146084,0.2422307692307692,0.012225917174542161,0.39767231013136883,0.003251582819904495,0.8419612147569999,0.006910719947294606,0.0,0.0
hiro_additive_effort,4000,1.12,0.0,2740.3,62.1156147183358,1.04,1.7943913813528857e-17,0.026624999999999996,0.0012618267046837536,0.8053149999999999,0.01906229691762014,0.01806,0.00041921695712704313,0.15,0.018963790684956874,0.0,0.0,0.15,0.018963790684956874,0.23951,0.011933010209207954,0.3973662986226227,0.003169333627837226,0.8436213196827894,0.006673704331897421,0.0,0.0
hiro_additive_effort,4100,1.12,0.0,2793.8,62.518725358153,1.04,1.7943913813528857e-17,0.026351219512195122,0.0012343145453639,0.8015219512195121,0.01868597755056551,0.01793658536585366,0.0004216580722240178,0.15419024390243902,0.018604440382796978,0.0,0.0,0.15419024390243902,0.018604440382796978,0.23707804878048783,0.011609403665526706,0.39724575464487977,0.0030699979451486352,0.845051784015136,0.006417258456053229,0.0,0.0
hiro_additive_effort,4200,1.12,0.0,2852.18,62.689156631619106,1.04,1.7943913813528857e-17,0.02603809523809524,0.0011994561218316247,0.7992952380952381,0.01826952909795591,0.017871428571428573,0.000416269281555816,0.1567952380952381,0.018207677377404873,0.0,0.0,0.1567952380952381,0.018207677377404873,0.2348095238095238,0.011325180201821513,0.3969651661873687,0.0029690627094519887,0.8466610148815801,0.006170094231741244,0.0,0.0
hiro_additive_effort,4300,1.12,0.0,2908.84,63.05399927435052,1.04,1.7943913813528857e-17,0.025772093023255817,0.0011823077769097551,0.7966279069767442,0.017922903253447496,0.01773488372093023,0.00041392789072053316,0.15986511627906977,0.017866178154567702,0.0,0.0,0.15986511627906977,0.017866178154567702,0.23263255813953485,0.011057202011205046,0.3967632761795336,0.002887721870585096,0.8479881200575288,0.00599607403883307,0.0,0.0
hiro_additive_effort,4400,1.12,0.0,2958.38,63.09263607213295,1.04,1.7943913813528857e-17,0.025459090909090914,0.001150111458515919,0.7920090909090908,0.01748364578091609,0.017627272727272728,0.0004062548571267953,0.16490454545454547,0.017426138722065422,0.0,0.0,0.16490454545454547,0.017426138722065422,0.23045000000000002,0.010793165932587731,0.3968246147984366,0.0028149574810864683,0.848910815556181,0.005870443572539605,0.0,0.0
hiro_additive_effort,4500,1.12,0.0,3005.48,64.4531802226727,1.04,1.7943913813528857e-17,0.025182222222222217,0.0011287924682517865,0.7868355555555556,0.017456063620348714,0.01753777777777778,0.0003937449964088775,0.17044444444444445,0.017405629796179822,0.0,0.0,0.17044444444444445,0.017405629796179822,0.22847111111111112,0.010563859514437227,0.39700477593128397,0.0027913272485594783,0.8493954050557457,0.005821378272104644,0.0,0.0
hiro_additive_effort,4600,1.12,0.0,3057.16,65.59178246191067,1.04,1.7943913813528857e-17,0.02490869565217391,0.0011047538536338936,0.7834,0.017350580936903476,0.01754782608695652,0.0003784255472801806,0.17414347826086957,0.017310692065803598,0.0,0.0,0.17414347826086957,0.017310692065803598,0.22642608695652175,0.010321890353510313,0.39694352704892516,0.00273341458287693,0.8504196162293661,0.005640614135427213,0.0,0.0
hiro_additive_effort,4700,1.12,0.0,3109.54,66.59995225836371,1.04,1.7943913813528857e-17,0.024668085106382978,0.0010799372848990106,0.7800553191489361,0.017228061993356428,0.01749787234042553,0.00037422129000805023,0.17777872340425532,0.017188941011367347,0.0,0.0,0.17777872340425532,0.017188941011367347,0.22442978723404255,0.010109038095362772,0.396885674393257,0.0026814346918051404,0.8513594395443664,0.0055199818529778726,0.0,0.0
hiro_additive_effort,4800,1.12,0.0,3165.72,66.94141233731393,1.04,1.7943913813528857e-17,0.02444583333333333,0.0010575759583104998,0.7779583333333335,0.016944210134620254,0.017391666666666666,0.00036939499779922974,0.18020416666666667,0.01689614918298601,0.0,0.0,0.18020416666666667,0.01689614918298601,0.22266250000000004,0.009897893698865241,0.39670666309345287,0.0026176641849232182,0.8525548196240328,0.005356811422083426,0.0,0.0
hiro_additive_effort,4900,1.12,0.0,3221.92,67.2234339607059,1.04,1.7943913813528857e-17,0.024273469387755098,0.0010445036805579056,0.7759387755102043,0.016639541402136714,0.017306122448979593,0.0003581618117302907,0.1824816326530612,0.016584808766396734,0.0,0.0,0.1824816326530612,0.016584808766396734,0.22084897959183675,0.009714400091725127,0.3965123834000243,0.0025676276943039237,0.8537640649463618,0.005218510811716258,0.0,0.0
hiro_additive_effort,5000,1.12,0.0,3271.38,67.12062178934097,1.04,1.7943913813528857e-17,0.024079999999999994,0.0010241492238209533,0.7726080000000002,0.01628992823677206,0.017208000000000005,0.00035071751526007946,0.186104,0.016219161497237438,0.0,0.0,0.186104,0.016219161497237438,0.21889200000000003,0.009511564106659957,0.39646839122858135,0.002510348033803027,0.8547889465597045,0.005052647841427666,0.0,0.0
hiro_additive_effort,5100,1.12,0.0,3321.9,66.72249720036758,1.04,1.7943913813528857e-17,0.02388627450980392,0.001006950244651818,0.7694745098039215,0.015857323155052474,0.017129411764705883,0.0003390980465737815,0.18950980392156866,0.015782526076943283,0.0,0.0,0.18950980392156866,0.015782526076943283,0.21703529411764705,0.009337059525672944,0.3964252437330441,0.0024461996242266444,0.8557830149355149,0.0049417435251690196,0.0,0.0
hiro_additive_effort,5200,1.12,0.0,3370.62,66.31236465488506,1.04,1.7943913813528857e-17,0.02366153846153846,0.0009873912254998924,0.766126923076923,0.015436638894912837,0.017057692307692305,0.0003324629884528191,0.19315384615384612,0.015353984420338663,0.0,0.0,0.19315384615384612,0.015353984420338663,0.2152153846153846,0.009157714972046139,0.39641527260174997,0.0023830714381080855,0.8567542751586403,0.00481406344856897,0.0,0.0
hiro_additive_effort,5300,1.12,0.0,3417.86,66.01076603595098,1.04,1.7943913813528857e-17,0.023505660377358493,0.0009728044738804097,0.7622490566037734,0.015051362420963143,0.016954716981132073,0.0003288414122218763,0.19729056603773587,0.014968468016612477,0.0,0.0,0.19729056603773587,0.014968468016612477,0.21373962264150945,0.009000213822636438,0.39654495329193623,0.0023256517543031093,0.8573439419177147,0.004757302058096606,0.0,0.0
hiro_additive_effort,5400,1.12,0.0,3465.0,66.24733494832151,1.04,1.7943913813528857e-17,0.023288888888888894,0.0009575778257692833,0.7586888888888887,0.014816658842151354,0.01687777777777778,0.00032223091012692295,0.2011444444444444,0.01473668807312659,0.0,0.0,0.2011444444444444,0.01473668807312659,0.21217037037037031,0.00880714975081576,0.3966275667341113,0.0022894033649291127,0.8578967932870379,0.004712739160320488,0.0,0.0
hiro_additive_effort,5500,1.12,0.0,3517.92,66.73042227607178,1.04,1.7943913813528857e-17,0.023130909090909087,0.0009471981923464674,0.7564145454545455,0.014644166937705127,0.01678909090909091,0.0003123633383079824,0.2036654545454545,0.014559332303577347,0.0,0.0,0.2036654545454545,0.014559332303577347,0.21076727272727272,0.008655278636254832,0.3965720329055455,0.0022612869451681043,0.8586486312091283,0.004638323423923944,0.0,0.0
hiro_additive_effort,5600,1.12,0.0,3568.24,67.34623641439566,1.04,1.7943913813528857e-17,0.0229,0.0009298259074915038,0.7538750000000001,0.01452625501663843,0.016689285714285712,0.0003044259966262861,0.2065357142857143,0.014446056251891711,0.0,0.0,0.2065357142857143,0.014446056251891711,0.2091285714285714,0.008500206161598137,0.3965123816499903,0.002238182528649384,0.8594176357466675,0.004588794420332874,0.0,0.0
hiro_additive_effort,5700,1.12,0.0,3615.98,68.7572451989384,1.04,1.7943913813528857e-17,0.022736842105263163,0.0009135604783116403,0.7507578947368421,0.01457471853800899,0.016642105263157892,0.0002984881387931432,0.20986315789473686,0.014505993982071884,0.0,0.0,0.20986315789473686,0.014505993982071884,0.20762807017543863,0.008354511299811273,0.39654957418254566,0.0022231944235643793,0.859973577060718,0.0045256484662496545,0.0,0.0
hiro_additive_effort,5800,1.12,0.0,3663.06,69.63034999780143,1.04,1.7943913813528857e-17,0.02256206896551724,0.0008921291069507036,0.7474896551724137,0.014468305814244785,0.016558620689655173,0.0002942482919535409,0.21338965517241376,0.01441878872750968,0.0,0.0,0.21338965517241376,0.01441878872750968,0.20611379310344827,0.008209842832131567,0.39661382900025266,0.0021864956999020167,0.860532434585304,0.004456379386105106,0.0,0.0
hiro_additive_effort,5900,1.12,0.0,3720.0,70.19902319222723,1.04,1.7943913813528857e-17,0.02236949152542373,0.0008724168181534366,0.7465457627118642,0.014342905089864999,0.016433898305084745,0.00028554843957513817,0.21465084745762708,0.014294029803734986,0.0,0.0,0.21465084745762708,0.014294029803734986,0.20474915254237286,0.008058899270594081,0.3964079039688359,0.0021563166561134346,0.8614104100876102,0.004401872970134004,0.0,0.0
hiro_additive_effort,6000,1.12,0.0,3778.46,70.26403388037764,1.04,1.7943913813528857e-17,0.022156666666666668,0.000858602064794241,0.7461600000000002,0.014144677580449658,0.016329999999999997,0.00028573372949712393,0.2153533333333333,0.01409585072671212,0.0,0.0,0.2153533333333333,0.01409585072671212,0.20330999999999996,0.007914043618439174,0.3961162186737802,0.002137820105844861,0.8624634836096858,0.004347491076428161,0.0,0.0
hiro_additive_effort,6100,1.12,0.0,3824.76,69.96686422726059,1.04,1.7943913813528857e-17,0.02198032786885246,0.0008454409102652523,0.7432983606557376,0.013880408268533262,0.01622295081967213,0.00028846375464969753,0.21849836065573772,0.0138347735408245,0.0,0.0,0.21849836065573772,0.0138347735408245,0.20190491803278687,0.0077678034093448456,0.39615847970641144,0.002116250790613068,0.8629830189702973,0.004298222073675098,0.0,0.0
hiro_additive_effort,6200,1.12,0.0,3866.76,69.53262373350589,1.04,1.7943913813528857e-17,0.021822580645161294,0.0008273429634660829,0.7394032258064515,0.013524494002817142,0.01616774193548387,0.0002857350966108987,0.2226064516129032,0.013495023563610218,0.0,0.0,0.2226064516129032,0.013495023563610218,0.20049032258064514,0.007631449051907987,0.39632852773622085,0.0020637214999090743,0.8634133513424753,0.004245557559103616,0.0,0.0
hiro_additive_effort,6300,1.12,0.0,3917.3,69.91123380576899,1.04,1.7943913813528857e-17,0.02166984126984127,0.0008170095404199648,0.7372984126984128,0.013351562106888606,0.016117460317460315,0.00028926313431601865,0.22491428571428573,0.013332545798698997,0.0,0.0,0.22491428571428573,0.013332545798698997,0.19915238095238094,0.007514407515494802,0.396284699756044,0.0020345286454662697,0.8640245008817441,0.0041999660687052475,0.0,0.0
hiro_additive_effort,6400,1.12,0.0,3968.98,70.6028876671399,1.04,1.7943913813528857e-17,0.021490624999999996,0.0008010651640176041,0.735625,0.013284188600473843,0.01605,0.00028949232040147204,0.226834375,0.013279099323165804,0.0,0.0,0.226834375,0.013279099323165804,0.19771874999999997,0.007392355702455926,0.39616542539876404,0.0020266830952590507,0.8647909487678764,0.004157655303672511,0.0,0.0
hiro_additive_effort,6500,1.12,0.0,4020.42,71.36944461385275,1.04,1.7943913813528857e-17,0.021326153846153842,0.0007925250345845127,0.7337907692307691,0.013243469323582509,0.015935384615384615,0.0002851419457666647,0.22894769230769227,0.013237874299763211,0.0,0.0,0.22894769230769227,0.013237874299763211,0.1964276923076923,0.007269091527243653,0.3960978427341996,0.002026004055445471,0.8654375755801144,0.004136213342867479,0.0,0.0
hiro_additive_effort,6600,1.12,0.0,4069.26,72.73198106326925,1.04,1.7943913813528857e-17,0.021157575757575757,0.0007793501576094591,0.7317666666666667,0.013315563867610824,0.01586363636363636,0.0002836489037288364,0.2312121212121212,0.013310619743828824,0.0,0.0,0.2312121212121212,0.013310619743828824,0.19512121212121214,0.007152606490946155,0.39605166669936864,0.002030418256747367,0.8660208912796696,0.00412487331304644,0.0,0.0
hiro_additive_effort,6700,1.12,0.0,4117.12,74.47091551164695,1.04,1.7943913813528857e-17,0.020994029850746266,0.0007642025439978171,0.7295492537313433,0.013475944966464036,0.015770149253731346,0.00027900371356126704,0.23368656716417913,0.013466177357866349,0.0,0.0,0.23368656716417913,0.013466177357866349,0.19381791044776123,0.007048172475147639,0.3960361154638051,0.0020399609470413836,0.8665277524153376,0.004104388612969283,0.0,0.0
hiro_additive_effort,6800,1.12,0.0,4160.34,76.05697440144488,1.04,1.7943913813528857e-17,0.020811764705882356,0.000747512410625578,0.7266705882352943,0.013570504144180071,0.01568823529411765,0.0002782147227610712,0.23682941176470584,0.013562634817827665,0.0,0.0,0.23682941176470584,0.013562634817827665,0.19243235294117647,0.00693901706343572,0.3960915758164696,0.002040660080835565,0.8669414790809431,0.0041063128273048895,0.0,0.0
hiro_additive_effort,6900,1.12,0.0,4205.18,76.84811253375061,1.04,1.7943913813528857e-17,0.020637681159420287,0.0007357911239717126,0.7240840579710146,0.013507929100651652,0.015626086956521738,0.0002731880723686356,0.23965217391304347,0.013506944890659405,0.0,0.0,0.23965217391304347,0.013506944890659405,0.19121159420289854,0.006845528015401909,0.39614506271304883,0.0020220797552987003,0.86738881219343,0.004077823401928401,0.0,0.0
hiro_additive_effort,7000,1.12,0.0,4254.08,76.3118191824751,1.04,1.7943913813528857e-17,0.02049428571428572,0.0007277129796547657,0.7222057142857142,0.01322980188095219,0.015559999999999997,0.0002767647927764953,0.24173999999999995,0.013242074910615746,0.0,0.0,0.24173999999999995,0.013242074910615746,0.18990857142857145,0.006745534577384796,0.3960839042121467,0.0019901209039258753,0.8680848153684767,0.004035443381243929,0.0,0.0
hiro_additive_effort,7100,1.12,0.0,4303.6,76.33388527263843,1.04,1.7943913813528857e-17,0.020352112676056335,0.0007141496738986245,0.7205352112676056,0.013056671508869877,0.015425352112676056,0.0002705243173406892,0.243687323943662,0.013075161128964834,0.0,0.0,0.243687323943662,0.013075161128964834,0.18865915492957747,0.006644889537039951,0.3960122112971945,0.0019658472749155367,0.868733382680491,0.00399438885977224,0.0,0.0
hiro_additive_effort,7200,1.12,0.0,4352.46,76.36754417998284,1.04,1.7943913813528857e-17,0.020225,0.0007040032605243559,0.7188083333333333,0.012901169652940704,0.015341666666666667,0.00026652992762157915,0.245625,0.012930934290835788,0.0,0.0,0.245625,0.012930934290835788,0.18748055555555557,0.006565203671664796,0.3959574500462584,0.0019472340179280266,0.8693558200339057,0.003983882240090795,0.0,0.0
hiro_additive_effort,7300,1.12,0.0,4396.9,76.13248522229159,1.04,1.7943913813528857e-17,0.020076712328767125,0.0006917320764387014,0.7164027397260274,0.012720582747639637,0.015284931506849312,0.00027133451726102847,0.24823561643835618,0.012749113293986274,0.0,0.0,0.24823561643835618,0.012749113293986274,0.18620821917808217,0.0064633855114512116,0.3959788979208051,0.00192386864012332,0.8699152125777154,0.003947534123225258,0.0,0.0
hiro_additive_effort,7400,1.12,0.0,4442.74,76.27541294813265,1.04,1.7943913813528857e-17,0.01991621621621622,0.0006851067128138773,0.7143027027027027,0.012597315089356652,0.0152,0.000263433664907434,0.2505810810810811,0.012631650607470696,0.0,0.0,0.2505810810810811,0.012631650607470696,0.1850702702702703,0.006376453709448317,0.3959900906829865,0.001914472388628965,0.8703957344021837,0.003928062792007054,0.0,0.0
hiro_additive_effort,7500,1.12,0.0,4487.62,77.0035561861017,1.04,1.7943913813528857e-17,0.019794666666666665,0.0006771873001288361,0.7120426666666667,0.01258089019991122,0.015141333333333333,0.00025507201419658695,0.2530213333333333,0.012614768933562183,0.0,0.0,0.2530213333333333,0.012614768933562183,0.1839306666666667,0.006302218148903756,0.3960210531896829,0.0019176554915831404,0.8708283489806986,0.00393080225543131,0.0,0.0
hiro_additive_effort,7600,1.12,0.0,4534.1,77.585861588097,1.04,1.7943913813528857e-17,0.019647368421052632,0.0006705068229532691,0.7102552631578948,0.012528600560886526,0.015078947368421051,0.00025010597561623903,0.25501842105263156,0.012560332667748815,0.0,0.0,0.25501842105263156,0.012560332667748815,0.18279736842105265,0.006215965970094752,0.39599171510054754,0.001919116583934394,0.8713827077433851,0.003920417216294156,0.0,0.0
hiro_additive_effort,7700,1.12,0.0,4580.0,78.9854029397269,1.04,1.7943913813528857e-17,0.01953766233766234,0.000664577991853683,0.7082259740259741,0.012611343482004276,0.015005194805194806,0.0002469473478772285,0.2572311688311688,0.012648906787550184,0.0,0.0,0.2572311688311688,0.012648906787550184,0.18168051948051947,0.006136291104428038,0.395997269706592,0.0019179641256235754,0.8718590471121295,0.003892273979822757,0.0,0.0
hiro_additive_effort,7800,1.12,0.0,4624.08,80.02580114550302,1.04,1.7943913813528857e-17,0.019402564102564104,0.0006557043602722771,0.7060589743589745,0.012616383185751695,0.01491025641025641,0.0002461922719876864,0.2596282051282051,0.012659787000551303,0.0,0.0,0.2596282051282051,0.012659787000551303,0.18052820512820517,0.006049697173362096,0.39601628160462937,0.0019085966518031456,0.8723748468515019,0.0038623801425935757,0.0,0.0
hiro_additive_effort,7900,1.12,0.0,4665.82,80.2174223531247,1.04,1.7943913813528857e-17,0.019248101265822784,0.000646725099418469,0.7037417721518987,0.012485546600167482,0.014825316455696203,0.0002467712493280897,0.2621848101265823,0.0125242440534297,0.0,0.0,0.2621848101265823,0.0125242440534297,0.17938481012658225,0.0059796357695030885,0.39606146279586485,0.0018781100754098532,0.8728891820052209,0.00380553339069714,0.0,0.0
hiro_additive_effort,8000,1.12,0.0,4704.04,79.35712079207615,1.04,1.7943913813528857e-17,0.0191375,0.0006363685437459866,0.700805,0.012197347884198566,0.014765000000000002,0.00024221659222898085,0.2652925,0.012233542990775111,0.0,0.0,0.2652925,0.012233542990775111,0.17827749999999998,0.005910039117675024,0.3961910052861255,0.0018311638983734388,0.8733368231133444,0.0037178301537831473,0.0,0.0
hiro_additive_effort,8100,1.12,0.0,4750.52,78.79092582167527,1.04,1.7943913813528857e-17,0.018977777777777774,0.0006290344436878692,0.6992098765432097,0.011938644056510732,0.014679012345679011,0.00024131341335362986,0.26713333333333333,0.01197330339347544,0.0,0.0,0.26713333333333333,0.01197330339347544,0.17715802469135802,0.005836949055452448,0.396146888544881,0.001785711150234598,0.8740148528411104,0.00362616782171369,0.0,0.0
hiro_additive_effort,8200,1.12,0.0,4798.84,78.88961215598952,1.04,1.7943913813528857e-17,0.018839024390243903,0.0006193103146371963,0.6978414634146342,0.01179636948136124,0.014617073170731708,0.0002365237792711672,0.2687024390243902,0.011822823756521874,0.0,0.0,0.2687024390243902,0.011822823756521874,0.17606585365853658,0.005756877694305252,0.39607721129768614,0.0017566639657937428,0.8746655116364523,0.00355844289928311,0.0,0.0
hiro_additive_effort,8300,1.12,0.0,4851.2,78.66955949944511,1.04,1.7943913813528857e-17,0.01871325301204819,0.0006119378265632127,0.6972072289156627,0.011619691932975306,0.014580722891566264,0.00023363555209013996,0.2694987951807229,0.01163961220241044,0.0,0.0,0.2694987951807229,0.01163961220241044,0.17493975903614456,0.005682500821462653,0.39590302557775986,0.001719960351982548,0.8755069510125256,0.003480366825715113,0.0,0.0
hiro_additive_effort,8400,1.12,0.0,4901.22,78.13332033734888,1.04,1.7943913813528857e-17,0.018590476190476192,0.000601496352442759,0.6963047619047619,0.011409220923797507,0.014521428571428569,0.0002319540858659926,0.27058333333333334,0.011421275535008851,0.0,0.0,0.27058333333333334,0.011421275535008851,0.1738642857142857,0.005620233656598237,0.3957744480729188,0.0016879155119239441,0.8762493184538296,0.0034243710584095644,0.0,0.0
hiro_additive_effort,8500,1.12,0.0,4946.82,78.58012777816445,1.04,1.7943913813528857e-17,0.01848235294117647,0.0005933630047378825,0.6947364705882353,0.011324609105227498,0.014440000000000001,0.00022952864323458281,0.27234117647058825,0.011332191850420475,0.0,0.0,0.27234117647058825,0.011332191850420475,0.1728470588235294,0.005554249342319411,0.39574534787114446,0.0016735563907313645,0.8767672845445544,0.003409633648941022,0.0,0.0
hiro_additive_effort,8600,1.12,0.0,4995.18,78.51431009565019,1.04,1.7943913813528857e-17,0.01834186046511628,0.000585884990661405,0.6935697674418604,0.011202070214113579,0.014376744186046514,0.00022615191653447173,0.27371162790697673,0.0111991940432839,0.0,0.0,0.27371162790697673,0.0111991940432839,0.17174418604651162,0.005486365701169492,0.39564892014801495,0.0016575548809078654,0.8774336135552158,0.0033699239939630225,0.0,0.0
hiro_additive_effort,8700,1.12,0.0,5040.98,78.20365610744442,1.04,1.7943913813528857e-17,0.018227586206896552,0.000579758194385532,0.6921977011494252,0.011036937544603841,0.014308045977011494,0.00022572448937756856,0.27526666666666666,0.011032340910472182,0.0,0.0,0.27526666666666666,0.011032340910472182,0.1707241379310345,0.005427348704080961,0.39559485799618527,0.0016377758753552065,0.8780525034616037,0.003332950177719509,0.0,0.0
hiro_additive_effort,8800,1.12,0.0,5080.8,78.01569700766531,1.04,1.7943913813528857e-17,0.018127272727272728,0.0005733277177595945,0.6898613636363637,0.01091446184748964,0.014229545454545453,0.00022431493692118938,0.2777818181818182,0.010917602701301434,0.0,0.0,0.2777818181818182,0.010917602701301434,0.16973181818181818,0.005353368170359142,0.39567355280469974,0.0016253582875701354,0.8784286553950408,0.003303616021909409,0.0,0.0
hiro_additive_effort,8900,1.12,0.0,5123.1,77.36006589913407,1.04,1.7943913813528857e-17,0.018004494382022472,0.0005660154450839606,0.6879460674157304,0.010697714523549024,0.014164044943820224,0.0002227478317378927,0.279885393258427,0.010709412320708647,0.0,0.0,0.279885393258427,0.010709412320708647,0.1687370786516854,0.005292435996534751,0.39570212148421297,0.001601924576084072,0.8788429637298539,0.0032747228239803808,0.0,0.0
hiro_additive_effort,9000,1.12,0.0,5171.4,76.7970875298095,1.04,1.7943913813528857e-17,0.017888888888888888,0.0005583692918329056,0.6868422222222221,0.010500479342140245,0.014117777777777778,0.00022125435485875918,0.28115111111111113,0.010510322828830633,0.0,0.0,0.28115111111111113,0.010510322828830633,0.16775111111111113,0.005232739503454221,0.39562459218218443,0.001582058094840297,0.8794203434383746,0.0032431907618002257,0.0,0.0
hiro_additive_effort,9100,1.12,0.0,5220.46,76.47599175091301,1.04,1.7943913813528857e-17,0.017784615384615385,0.0005495165692563562,0.6859274725274724,0.01031983251284815,0.014037362637362636,0.00022091677419536085,0.28225054945054945,0.010331348482065338,0.0,0.0,0.28225054945054945,0.010331348482065338,0.16676923076923078,0.005174897271479588,0.39552190292515294,0.001556049326505259,0.8800760603562127,0.0031965361407156542,0.0,0.0
hiro_additive_effort,9200,1.12,0.0,5266.02,76.24814746494982,1.04,1.7943913813528857e-17,0.017669565217391305,0.0005439231541953725,0.6846217391304347,0.010181602653759916,0.013971739130434783,0.00021790555856253795,0.28373695652173914,0.010192661500444154,0.0,0.0,0.28373695652173914,0.010192661500444154,0.16568913043478262,0.005125231982468454,0.3954524155678556,0.0015493093795358476,0.8806668885532702,0.0031818315618925117,0.0,0.0
hiro_additive_effort,9300,1.12,0.0,5307.96,76.22991517342085,1.04,1.7943913813528857e-17,0.017580645161290324,0.0005376717125526552,0.6827784946236558,0.010096419484854149,0.013892473118279569,0.00021560167200642395,0.2857483870967742,0.010105318305340323,0.0,0.0,0.2857483870967742,0.010105318305340323,0.1647268817204301,0.005056819735198682,0.3954735545070662,0.001551397342304558,0.8810880930491463,0.0031876020752448888,0.0,0.0
hiro_additive_effort,9400,1.12,0.0,5348.86,76.84302584104925,1.04,1.7943913813528857e-17,0.017482978723404253,0.0005341560255399739,0.6808489361702127,0.010091049221807787,0.013831914893617021,0.00021085748496207772,0.2878361702127659,0.010102299885935638,0.0,0.0,0.2878361702127659,0.010102299885935638,0.16383191489361704,0.004998149610026681,0.39552297740572634,0.0015622316116088682,0.8814118730760611,0.0031993509201353747,0.0,0.0
hiro_additive_effort,9500,1.12,0.0,5383.96,77.73718129120736,1.04,1.7943913813528857e-17,0.01738105263157895,0.000526347066739819,0.6782315789473684,0.01011514330817655,0.013778947368421052,0.0002087410881430245,0.29060842105263157,0.010126493670991466,0.0,0.0,0.29060842105263157,0.010126493670991466,0.16286105263157893,0.004946194243277027,0.3956486163115152,0.0015660004894502743,0.8816934390571217,0.003202161106228697,0.0,0.0
hiro_additive_effort,9600,1.12,0.0,5418.16,78.28813009828319,1.04,1.7943913813528857e-17,0.017260416666666667,0.0005188930696351798,0.6755375000000001,0.010083817066881072,0.013699999999999999,0.00020908114087451253,0.29350208333333333,0.010086975122588757,0.0,0.0,0.29350208333333333,0.010086975122588757,0.16190416666666668,0.004898789670445218,0.39579006802050515,0.0015580566674646698,0.8819736811191775,0.003169004120554588,0.0,0.0
hiro_additive_effort,9700,1.12,0.0,5454.56,79.01222927819595,1.04,1.7943913813528857e-17,0.017150515463917528,0.0005138519714809026,0.6731670103092785,0.010074303882062567,0.013614432989690723,0.00020734807980536367,0.29606804123711344,0.010071973615664177,0.0,0.0,0.29606804123711344,0.010071973615664177,0.1609319587628866,0.004851781145089395,0.3958841844371459,0.00155521813811766,0.8823418477731892,0.0031311377671588616,0.0,0.0
hiro_additive_effort,9800,1.12,0.0,5492.96,80.17292005536582,1.04,1.7943913813528857e-17,0.01703265306122449,0.0005102777123046129,0.6711142857142857,0.010116707488199329,0.013565306122448979,0.00020206016760574807,0.2982877551020408,0.010112251218902357,0.0,0.0,0.2982877551020408,0.010112251218902357,0.15993673469387754,0.004801004764195584,0.3959320456783007,0.0015485640110827303,0.8827714994467106,0.0030753311477976462,0.0,0.0
hiro_additive_effort,9900,1.12,0.0,5527.62,81.48813806253006,1.04,1.7943913813528857e-17,0.016917171717171716,0.0005058022852525359,0.6686545454545454,0.010187699102958256,0.013507070707070707,0.0002001155316817063,0.30092121212121214,0.010181261351273289,0.0,0.0,0.30092121212121214,0.010181261351273289,0.1589656565656566,0.004752565558690375,0.3960397164368031,0.001545035537111953,0.883099155901668,0.0030256681465981807,0.0,0.0
hiro_additive_effort,10000,1.12,0.0,5562.38,83.14338679261832,1.04,1.7943913813528857e-17,0.016818,0.0005011797510446156,0.6661839999999998,0.01030214733312766,0.013424,0.00019513595469909314,0.303574,0.010291055283941626,0.0,0.0,0.303574,0.010291055283941626,0.15808,0.004712746935012465,0.39616657243142606,0.0015514839206318238,0.8833498457931899,0.0029853667978362464,0.0,0.0
hiro_additive_effort,10100,1.12,0.0,5594.56,84.57335017121926,1.04,1.7943913813528857e-17,0.0166970297029703,0.0004982379439552317,0.6635425742574257,0.010382152889829042,0.013362376237623761,0.0001949234581487566,0.30639801980198017,0.010371295163890557,0.0,0.0,0.30639801980198017,0.010371295163890557,0.15715049504950496,0.004666858016723025,0.39630970786525743,0.001551320439573305,0.8835905975240206,0.0029450626928899663,0.0,0.0
hiro_additive_effort,10200,1.12,0.0,5625.0,85.50182716749153,1.04,1.7943913813528857e-17,0.016592156862745098,0.0004934629834262089,0.6607411764705883,0.010397539946859703,0.013296078431372552,0.0001931735604294627,0.3093705882352942,0.010388041983587455,0.0,0.0,0.3093705882352942,0.010388041983587455,0.15621764705882354,0.004615382192142184,0.3964703522376462,0.0015420115435537713,0.8838688655031928,0.002903678110072313,0.0,0.0
hiro_additive_effort,10300,1.12,0.0,5660.96,86.63699054452574,1.04,1.7943913813528857e-17,0.016493203883495147,0.0004884207088854185,0.6585980582524273,0.010446093017950908,0.013217475728155341,0.0001890346006115746,0.31169126213592235,0.01042989866672191,0.0,0.0,0.31169126213592235,0.01042989866672191,0.15527766990291264,0.004569049378856697,0.3965431377890926,0.0015394980359401558,0.8842264943829623,0.0028709171181844247,0.0,0.0
hiro_additive_effort,10400,1.12,0.0,5698.98,87.69504903065962,1.04,1.7943913813528857e-17,0.016384615384615383,0.00048350087387390655,0.6569019230769232,0.010478591470057086,0.013159615384615384,0.00018836239502853635,0.3135538461538461,0.010452388359257997,0.0,0.0,0.3135538461538461,0.010452388359257997,0.1543153846153846,0.0045213776589965934,0.3965550312284117,0.0015399014780043908,0.8846589327981174,0.0028471094824668334,0.0,0.0
hiro_additive_effort,10500,1.12,0.0,5735.96,88.65177443347696,1.04,1.7943913813528857e-17,0.016306666666666667,0.0004787669076519908,0.654992380952381,0.01048894006055297,0.01308761904761905,0.00018617276640129667,0.31561333333333336,0.0104650002643848,0.0,0.0,0.31561333333333336,0.0104650002643848,0.15346095238095236,0.0044824343772358905,0.3966112952365428,0.0015332018781922744,0.8850288062057463,0.0028189431381502755,0.0,0.0
hiro_additive_effort,10600,1.12,0.0,5773.24,88.95730028204198,1.04,1.7943913813528857e-17,0.016218867924528303,0.0004727354016387087,0.6531811320754717,0.010420872482668337,0.013037735849056603,0.0001846311998872637,0.3175622641509434,0.010396829271096832,0.0,0.0,0.3175622641509434,0.010396829271096832,0.15256037735849057,0.0044492824817581956,0.3966454148724805,0.0015182713013549363,0.8854834940138638,0.00278554008303285,0.0,0.0
hiro_additive_effort,10700,1.12,0.0,5811.36,89.22178630256407,1.04,1.7943913813528857e-17,0.016106542056074768,0.00046761468769009013,0.6515364485981309,0.010351437549269963,0.012953271028037384,0.00018292516484329986,0.319403738317757,0.01032404328880449,0.0,0.0,0.319403738317757,0.01032404328880449,0.1516485981308411,0.004404015273045936,0.3966622721681823,0.0015013912795268478,0.8859137819308169,0.002752783045149141,0.0,0.0
hiro_additive_effort,10800,1.12,0.0,5847.76,89.84294032660891,1.04,1.7943913813528857e-17,0.01601296296296296,0.0004632003170850117,0.6496185185185185,0.010306880561259163,0.01288148148148148,0.00018010103264609975,0.321487037037037,0.010279964225087547,0.0,0.0,0.321487037037037,0.010279964225087547,0.1507462962962963,0.004360046328796292,0.3967141659960044,0.0014827117350854717,0.8863315249709299,0.00271506007553066,0.0,0.0
hiro_additive_effort,10900,1.12,0.0,5882.76,90.41449928873496,1.04,1.7943913813528857e-17,0.015921100917431194,0.0004545416543209757,0.647554128440367,0.01027704086059223,0.012823853211009175,0.0001812499938917487,0.32370091743119267,0.010250009039153154,0.0,0.0,0.32370091743119267,0.010250009039153154,0.14980183486238535,0.004319086710569186,0.39677652097640226,0.001476123841567158,0.8867218515858846,0.002708648557143393,0.0,0.0
hiro_additive_effort,11000,1.12,0.0,5915.74,90.86868664311649,1.04,1.7943913813528857e-17,0.01583090909090909,0.0004510515814120181,0.6453945454545454,0.010228525789243421,0.012743636363636363,0.00017891353298556527,0.3260309090909091,0.0101976082208298,0.0,0.0,0.3260309090909091,0.0101976082208298,0.14896363636363638,0.004281791987125874,0.39687414125450204,0.001461801607136655,0.8870216529818211,0.002693021795644361,0.0,0.0
hiro_additive_effort,11100,1.12,0.0,5946.64,91.67577633893774,1.04,1.7943913813528857e-17,0.015722522522522524,0.00044843261965836923,0.6430414414414415,0.010221925728718698,0.012677477477477474,0.00017846285845797674,0.3285585585585586,0.010188537864764887,0.0,0.0,0.3285585585585586,0.010188537864764887,0.1481027027027027,0.00423824700225913,0.3969953879898639,0.0014556915850412017,0.8872783853565808,0.0026794163870828415,0.0,0.0
hiro_additive_effort,11200,1.12,0.0,5980.1,92.84612352199322,1.04,1.7943913813528857e-17,0.01563214285714286,0.00044583663380209497,0.6409428571428571,0.010270669902481091,0.012614285714285713,0.00017574364518048568,0.3308107142857143,0.010236871055079965,0.0,0.0,0.3308107142857143,0.010236871055079965,0.14718035714285713,0.004198646434882559,0.3970687060805045,0.0014595870807246447,0.8876179911491426,0.0026784280248723156,0.0,0.0
hiro_additive_effort,11300,1.12,0.0,6013.76,93.40133530488038,1.04,1.7943913813528857e-17,0.015522123893805312,0.0004428244985122757,0.639058407079646,0.010263451860622417,0.01256283185840708,0.00017451693032249671,0.3328566371681416,0.010226857137454838,0.0,0.0,0.3328566371681416,0.010226857137454838,0.14627433628318584,0.004168884645648518,0.3971186995035887,0.001459469141272236,0.8879915366061859,0.002679261756701303,0.0,0.0
hiro_additive_effort,11400,1.12,0.0,6050.3,93.86965887411574,1.04,1.7943913813528857e-17,0.015440350877192982,0.0004390437390256331,0.6374140350877193,0.010221330405274972,0.012507017543859649,0.00017466873691643293,0.3346385964912281,0.010186175194198396,0.0,0.0,0.3346385964912281,0.010186175194198396,0.14543333333333333,0.004132971457530542,0.39714747859589616,0.0014582486435596555,0.8883764895767938,0.002688983510054905,0.0,0.0
hiro_additive_effort,11500,1.12,0.0,6086.98,94.19953849707132,1.04,1.7943913813528857e-17,0.015344347826086957,0.0004364349083067127,0.6358278260869564,0.010177740197355404,0.01244,0.00017381381374976287,0.3363878260869565,0.010143323586053918,0.0,0.0,0.3363878260869565,0.010143323586053918,0.14455478260869564,0.004101547245081314,0.39716388601148706,0.0014561777889957725,0.8887820774119766,0.0026990655919259,0.0,0.0
hiro_additive_effort,11600,1.12,0.0,6118.38,93.83933246974505,1.04,1.7943913813528857e-17,0.015253448275862067,0.0004339759591290654,0.6337258620689655,0.010056010269207058,0.012370689655172414,0.00017469028416622584,0.33865,0.01002453056981656,0.0,0.0,0.33865,0.01002453056981656,0.14369310344827588,0.004065659745651975,0.39725159729487075,0.0014448238867868402,0.8891048375369048,0.0026974051879466035,0.0,0.0
hiro_additive_effort,11700,1.12,0.0,6147.22,93.43127252539314,1.04,1.7943913813528857e-17,0.015160683760683762,0.0004298055414805424,0.6313863247863248,0.009933139121490572,0.012290598290598288,0.0001727964793195066,0.34116239316239316,0.009900242326193952,0.0,0.0,0.34116239316239316,0.009900242326193952,0.1428871794871795,0.004033763240871613,0.3973830250708781,0.0014362263295620568,0.8893495547283693,0.0026907318947420335,0.0,0.0
hiro_additive_effort,11800,1.12,0.0,6182.2,93.52520123103783,1.04,1.7943913813528857e-17,0.01506949152542373,0.0004257350636668182,0.6296559322033899,0.00987127290665849,0.01221864406779661,0.00017144652509917376,0.34305593220338987,0.00983900603938799,0.0,0.0,0.34305593220338987,0.00983900603938799,0.1420881355932203,0.003994421944195322,0.39743532543182264,0.001435681807580905,0.889675988992689,0.0026890375253899768,0.0,0.0
hiro_additive_effort,11900,1.12,0.0,6219.7,94.94663270082036,1.04,1.7943913813528857e-17,0.014981512605042015,0.0004240060690040396,0.6282487394957983,0.00994196770645859,0.012142857142857144,0.00017150068595264608,0.34462689075630243,0.009910734461785989,0.0,0.0,0.34462689075630243,0.009910734461785989,0.14126722689075627,0.003962765904861301,0.39744058365587187,0.0014477385680685083,0.8900540293492746,0.002695871821067902,0.0,0.0
hiro_additive_effort,12000,1.12,0.0,6258.06,96.57921105581296,1.04,1.7943913813528857e-17,0.0149,0.0004192572527588875,0.6270033333333334,0.01004873215454727,0.012081666666666666,0.00016922341630474884,0.3460150000000001,0.010018236401727951,0.0,0.0,0.3460150000000001,0.010018236401727951,0.14047833333333334,0.003927195870290673,0.3974307539602053,0.0014655044215843975,0.8904401222901625,0.002708782838103033,0.0,0.0
hiro_additive_effort,12100,1.12,0.0,6289.88,98.43491433014849,1.04,1.7943913813528857e-17,0.014816528925619833,0.0004180926775463374,0.6251074380165289,0.010162647905007819,0.0120099173553719,0.0001666404545448848,0.34806611570247936,0.010135912146413704,0.0,0.0,0.34806611570247936,0.010135912146413704,0.1396595041322314,0.003896149432670101,0.3975007619420116,0.0014792252947326357,0.8907262658697355,0.0027192901234965997,0.0,0.0
hiro_additive_effort,12200,1.12,0.0,6316.04,99.78317293010882,1.04,1.7943913813528857e-17,0.014721311475409832,0.0004140764242726258,0.6226377049180328,0.01022657895336643,0.011955737704918035,0.00016525082039549614,0.3506852459016393,0.01020404962036124,0.0,0.0,0.3506852459016393,0.01020404962036124,0.13885081967213114,0.0038629673031512625,0.3976506041268983,0.0014903268752200491,0.8909016996598018,0.002736204688455161,0.0,0.0
hiro_additive_effort,12300,1.12,0.0,6349.7,101.1076098793271,1.04,1.7943913813528857e-17,0.014635772357723578,0.00041059491283658146,0.6209691056910569,0.010303515458125738,0.01188780487804878,0.00016397775073074018,0.3525073170731708,0.010279435493297889,0.0,0.0,0.3525073170731708,0.010279435493297889,0.13799349593495935,0.0038320996452196198,0.397682333086735,0.0015099571619774932,0.891248212935485,0.0027644919994740088,0.0,0.0
hiro_additive_effort,12400,1.12,0.0,6380.34,101.58095840365004,1.04,1.7943913813528857e-17,0.014548387096774194,0.00040813990461722636,0.6190741935483871,0.010296119815086562,0.01182741935483871,0.00016187533799327312,0.35455,0.010269570026013117,0.0,0.0,0.35455,0.010269570026013117,0.13719354838709677,0.003802478651005771,0.3977584140806726,0.0015146364398149414,0.8915355992695453,0.0027737646450209834,0.0,0.0
hiro_additive_effort,12500,1.12,0.0,6411.84,102.15630824518726,1.04,1.7943913813528857e-17,0.014454400000000001,0.0004049227852823502,0.617224,0.010279518451359321,0.0117552,0.00016117786853697515,0.3565664,0.010248277735885028,0.0,0.0,0.3565664,0.010248277735885028,0.13636320000000002,0.0037728289763648117,0.39782258344546073,0.001514585544293703,0.8918526255921628,0.00277167092977925,0.0,0.0
hiro_additive_effort,12600,1.12,0.0,6440.8,102.75470692828803,1.04,1.7943913813528857e-17,0.01436031746031746,0.0004014848571847898,0.6152444444444444,0.010267968270424557,0.011687301587301586,0.00015832163171729358,0.35870793650793653,0.010233522667880501,0.0,0.0,0.35870793650793653,0.010233522667880501,0.13554285714285713,0.0037409766422188905,0.397906366257617,0.0015135059839570895,0.8921558900200162,0.0027659870343692138,0.0,0.0
hiro_additive_effort,12700,1.12,0.0,6472.2,103.0363122042567,1.04,1.7943913813528857e-17,0.014267716535433073,0.0003984289442468961,0.6135417322834646,0.010229098621386934,0.01160472440944882,0.00015652756952744205,0.3605858267716535,0.01019151690723026,0.0,0.0,0.3605858267716535,0.01019151690723026,0.13473543307086613,0.0037114687571508384,0.397957168083811,0.0015083627392466813,0.8924894082751674,0.002761446040294981,0.0,0.0
hiro_additive_effort,12800,1.12,0.0,6502.36,103.2480301141333,1.04,1.7943913813528857e-17,0.01419375,0.0003960304568689852,0.61169375,0.01017225520661571,0.01155,0.00015662200613618266,0.36256249999999995,0.010134381627301852,0.0,0.0,0.36256249999999995,0.010134381627301852,0.1339671875,0.0036822396934686704,0.39803292964909043,0.001498821489548042,0.8927812167578979,0.002755978466811776,0.0,0.0
hiro_additive_effort,12900,1.12,0.0,6526.9,103.84078177278748,1.04,1.7943913813528857e-17,0.014108527131782945,0.0003927516740918684,0.6093116279069768,0.010155107750375208,0.011479069767441862,0.00015524175920728642,0.36510077519379847,0.010120684695319513,0.0,0.0,0.36510077519379847,0.010120684695319513,0.13315348837209304,0.0036557918667520046,0.39816969307360295,0.0014944260863613903,0.8930197683413074,0.0027533091790850864,0.0,0.0
hiro_additive_effort,13000,1.12,0.0,6550.78,104.29162523365694,1.04,1.7943913813528857e-17,0.014030769230769229,0.00039089998924790256,0.6069692307692307,0.01011871974673105,0.01141230769230769,0.00015366960042073046,0.36758769230769234,0.010088671895540444,0.0,0.0,0.36758769230769234,0.010088671895540444,0.13236153846153845,0.0036269112155639907,0.39830555558486014,0.0014860650985707977,0.8932637919529413,0.002749300381760676,0.0,0.0
hiro_additive_effort,13100,1.12,0.0,6577.6,105.20334440249219,1.04,1.7943913813528857e-17,0.01393893129770992,0.0003878485695382963,0.604879389312977,0.010107817344426603,0.011338931297709923,0.0001521600710290121,0.36984274809160306,0.010084889562940038,0.0,0.0,0.36984274809160306,0.010084889562940038,0.13154045801526718,0.0036015808696532297,0.3984044674070939,0.0014795667032424002,0.8935561714920728,0.0027450445122411855,0.0,0.0
hiro_additive_effort,13200,1.12,0.0,6602.56,106.0731790524151,1.04,1.7943913813528857e-17,0.013854545454545453,0.00038428076689001484,0.6027136363636364,0.010113684642689795,0.011274242424242424,0.00015194265601351336,0.3721575757575757,0.010094754096496633,0.0,0.0,0.3721575757575757,0.010094754096496633,0.13072272727272727,0.0035770808021464914,0.3985138966667332,0.0014761865380085492,0.8938344289802947,0.002739768783985672,0.0,0.0
hiro_additive_effort,13300,1.12,0.0,6626.6,106.81570625165953,1.04,1.7943913813528857e-17,0.013765413533834587,0.00038089016341248184,0.6004451127819549,0.010111093941339584,0.011209022556390976,0.0001505421821610953,0.3745804511278196,0.010097150807861104,0.0,0.0,0.3745804511278196,0.010097150807861104,0.12990827067669172,0.003550416884233203,0.3986370741968313,0.0014763555103634142,0.8940808514852125,0.0027431395719547742,0.0,0.0
hiro_additive_effort,13400,1.12,0.0,6649.44,106.97394365175177,1.04,1.7943913813528857e-17,0.01368358208955224,0.0003774815901693133,0.5981238805970149,0.0100511534868958,0.011137313432835822,0.0001499460034381155,0.37705522388059703,0.010042318477381705,0.0,0.0,0.37705522388059703,0.010042318477381705,0.1291,0.00352291100910567,0.3987685341077603,0.001469652087111339,0.8943322396542481,0.0027356742215210944,0.0,0.0
hiro_additive_effort,13500,1.12,0.0,6666.9,107.39474866498979,1.04,1.7943913813528857e-17,0.01360888888888889,0.0003732318186138475,0.5952918518518518,0.010000402480072713,0.011072592592592592,0.0001490109418766615,0.3800266666666667,0.01000239824773575,0.0,0.0,0.3800266666666667,0.01000239824773575,0.12832148148148148,0.0035014807187477032,0.3989715914249557,0.0014588526036358764,0.8944965107056732,0.0027297030129907595,0.0,0.0
hiro_additive_effort,13600,1.12,0.0,6685.56,107.63485195373309,1.04,1.7943913813528857e-17,0.013519117647058826,0.0003712489227701602,0.592610294117647,0.00993688867951746,0.01100294117647059,0.00014769908640779514,0.3828676470588235,0.009947017328429716,0.0,0.0,0.3828676470588235,0.009947017328429716,0.12751764705882354,0.003475001111320356,0.3991522523158324,0.0014456016515984225,0.8946991053284025,0.0027165619172711685,0.0,0.0
hiro_additive_effort,13700,1.12,0.0,6700.74,107.80252850012567,1.04,1.7943913813528857e-17,0.01343211678832117,0.0003685891118150786,0.5896802919708029,0.009866677485384591,0.010934306569343064,0.00014717229417624485,0.3859532846715328,0.009882983533577364,0.0,0.0,0.3859532846715328,0.009882983533577364,0.12671532846715328,0.0034540004701605993,0.3993662506625051,0.0014302520508884618,0.8948535832675389,0.002702821558153111,0.0,0.0
hiro_additive_effort,13800,1.12,0.0,6714.34,107.87076398380137,1.04,1.7943913813528857e-17,0.013343478260869563,0.0003660442019592438,0.5866101449275363,0.009800109946658073,0.010869565217391304,0.00014634034821591963,0.3891768115942029,0.009822437518041455,0.0,0.0,0.3891768115942029,0.009822437518041455,0.12592028985507248,0.0034267326174454923,0.3996004466405993,0.0014186263777946622,0.8949734089036976,0.0026962385029098636,0.0,0.0
hiro_additive_effort,13900,1.12,0.0,6730.28,107.9562384506248,1.04,1.7943913813528857e-17,0.013258992805755394,0.00036366787028002396,0.5838431654676259,0.009736258544511116,0.01080431654676259,0.00014499192396517693,0.3920935251798561,0.009763556066230663,0.0,0.0,0.3920935251798561,0.009763556066230663,0.1251410071942446,0.0034054933774721047,0.3997972643041027,0.0014114090979069488,0.8951319410094908,0.0026979070222671406,0.0,0.0
hiro_additive_effort,14000,1.12,0.0,6742.28,107.80886351808566,1.04,1.7943913813528857e-17,0.013179999999999999,0.00036028495363172057,0.5807557142857143,0.009655271803234526,0.010738571428571429,0.00014464781512576696,0.3953257142857144,0.009682413018761861,0.0,0.0,0.3953257142857144,0.009682413018761861,0.12436285714285715,0.003384576108648662,0.40003645380185726,0.0014027404955291108,0.8952376819245447,0.002703694983080991,0.0,0.0
hiro_additive_effort,14100,1.12,0.0,6755.88,107.7604283130133,1.04,1.7943913813528857e-17,0.013095035460992905,0.00035687658846189385,0.577886524822695,0.009589233988949793,0.01067659574468085,0.0001436162261047374,0.3983418439716313,0.00961538949485264,0.0,0.0,0.3983418439716313,0.00961538949485264,0.1236099290780142,0.0033612039024167087,0.40025267250677515,0.0013965529168179598,0.8953524004231338,0.0027081429768696114,0.0,0.0
hiro_additive_effort,14200,1.12,0.0,6771.02,107.30367165675369,1.04,1.7943913813528857e-17,0.013014084507042254,0.00035509515840931126,0.5752014084507042,0.00949128542326417,0.010608450704225352,0.00014271197316963053,0.4011760563380281,0.009517509966567403,0.0,0.0,0.4011760563380281,0.009517509966567403,0.12283380281690141,0.0033357840327232803,0.4004400142577152,0.001386006932438671,0.895528208113275,0.002710464712795569,0.0,0.0
hiro_additive_effort,14300,1.12,0.0,6785.7,106.22713535492844,1.04,1.7943913813528857e-17,0.012935664335664336,0.00035187810358451653,0.5724853146853147,0.009338153961039646,0.010542657342657342,0.00014159844529675942,0.4040363636363636,0.009364057737956505,0.0,0.0,0.4040363636363636,0.009364057737956505,0.12208531468531468,0.003310312291446041,0.40063625705683625,0.0013671938968986693,0.8957123252129623,0.002698252972273687,0.0,0.0
hiro_additive_effort,14400,1.12,0.0,6795.82,105.50648568902757,1.04,1.7943913813528857e-17,0.012854166666666668,0.0003503389034259773,0.5694041666666666,0.009209248630476402,0.010477777777777779,0.00013997084244475304,0.4072638888888889,0.009234651564897793,0.0,0.0,0.4072638888888889,0.009234651564897793,0.12134027777777778,0.003289537287131592,0.4008826824016392,0.0013501897239188724,0.8958095364185751,0.0026898067907323727,0.0,0.0
hiro_additive_effort,14500,1.12,0.0,6806.26,104.52788636804739,1.04,1.7943913813528857e-17,0.012773793103448276,0.0003480289953593137,0.5663848275862069,0.009063034660525169,0.01041655172413793,0.00013917747860240373,0.4104248275862069,0.009088558688894051,0.0,0.0,0.4104248275862069,0.009088558688894051,0.12060689655172414,0.003267220870815148,0.4011226885218139,0.0013299236901142845,0.8959391577191456,0.002671960608128133,0.0,0.0
hiro_additive_effort,14600,1.12,0.0,6818.32,103.78832634605052,1.04,1.7943913813528857e-17,0.012694520547945206,0.00034571347927298836,0.5635205479452056,0.00893921189952102,0.01035205479452055,0.00013815561879245225,0.4134328767123287,0.008965025416309245,0.0,0.0,0.4134328767123287,0.008965025416309245,0.119872602739726,0.003245835068460257,0.40134247911549104,0.0013114646966427767,0.8960856072390148,0.002654643097479076,0.0,0.0
hiro_additive_effort,14700,1.12,0.0,6828.72,103.30016117102231,1.04,1.7943913813528857e-17,0.01262312925170068,0.0003447098287783171,0.5605768707482994,0.008825643905998727,0.010289795918367348,0.00013755674792767983,0.41651020408163264,0.008852657596089077,0.0,0.0,0.41651020408163264,0.008852657596089077,0.11915102040816328,0.00322580241350066,0.4015744757365339,0.0012925091367024992,0.8962117864999688,0.0026372712882082733,0.0,0.0
hiro_additive_effort,14800,1.12,0.0,6836.8,102.60338539189411,1.04,1.7943913813528857e-17,0.012545945945945944,0.0003426596878285596,0.5574581081081081,0.008707061061995805,0.010233783783783782,0.00013619564562456366,0.4197621621621621,0.008736011471130664,0.0,0.0,0.4197621621621621,0.008736011471130664,0.1184554054054054,0.0032062400086267724,0.401835901822563,0.001274915318416064,0.8962588026278966,0.0026283952116955894,0.0,0.0
hiro_additive_effort,14900,1.12,0.0,6848.22,102.09865693014171,1.04,1.7943913813528857e-17,0.012468456375838927,0.00034041316004287497,0.5546523489932887,0.008600878674450614,0.010173154362416108,0.00013489888592848175,0.4227060402684565,0.008633680700183863,0.0,0.0,0.4227060402684565,0.008633680700183863,0.11777315436241607,0.0031886122647741943,0.4020594894072928,0.001261218589295037,0.8963452030335562,0.0026252547272480283,0.0,0.0
hiro_additive_effort,15000,1.12,0.0,6863.28,101.56164726863368,1.04,1.7943913813528857e-17,0.012391999999999999,0.00033831188229977295,0.5522146666666666,0.008495348342227193,0.010118666666666666,0.00013328284758481662,0.42527466666666663,0.008532239649301146,0.0,0.0,0.42527466666666663,0.008532239649301146,0.11707600000000003,0.0031667484472075067,0.40223135693054135,0.0012501199104546932,0.8965058444122349,0.0026294650586631027,0.0,0.0
hiro_additive_effort,15100,1.12,0.0,6881.0,101.18468465219064,1.04,1.7943913813528857e-17,0.012320529801324505,0.00033565204929885583,0.5500105960264902,0.008413822351518116,0.010068874172185431,0.00013223336737206264,0.4276,0.008452761325964451,0.0,0.0,0.4276,0.008452761325964451,0.11641721854304635,0.0031452986995694787,0.40237937658419215,0.0012422837158651398,0.8966839290997102,0.0026401642696664987,0.0,0.0
hiro_additive_effort,15200,1.12,0.0,6899.14,100.62428809736763,1.04,1.7943913813528857e-17,0.012248684210526314,0.0003328696873947091,0.5478907894736842,0.008312776567496731,0.01001578947368421,0.00013212240079526474,0.4298447368421053,0.008353458274063832,0.0,0.0,0.4298447368421053,0.008353458274063832,0.11573947368421054,0.003122683187763592,0.40251324615354134,0.0012318296009249242,0.8968896704698764,0.00264702876618471,0.0,0.0
hiro_additive_effort,15300,1.12,0.0,6914.7,100.05018842601764,1.04,1.7943913813528857e-17,0.012179084967320262,0.000331441510917276,0.5455882352941177,0.008205065139501314,0.00996078431372549,0.00013114509703887535,0.43227189542483657,0.008248116265441972,0.0,0.0,0.43227189542483657,0.008248116265441972,0.11506928104575163,0.0031022372978265,0.40267272765184736,0.0012189008018221037,0.8970627020311963,0.002648386402692591,0.0,0.0
hiro_additive_effort,15400,1.12,0.0,6931.72,99.86846058895753,1.04,1.7943913813528857e-17,0.012109090909090911,0.00032959558331860963,0.5434090909090908,0.008136738027362068,0.009909090909090909,0.00013038593566466866,0.4345727272727272,0.00818311995373985,0.0,0.0,0.4345727272727272,0.00818311995373985,0.11441688311688314,0.003082357196743733,0.40281993815220607,0.0012121018190931806,0.8972286483633423,0.0026538700505144464,0.0,0.0
hiro_additive_effort,15500,1.12,0.0,6950.06,99.53387859294492,1.04,1.7943913813528857e-17,0.012036129032258066,0.000327136544126852,0.5414154838709676,0.008065085622551626,0.009860645161290323,0.00012933946313181536,0.4366877419354839,0.008117049092180915,0.0,0.0,0.4366877419354839,0.008117049092180915,0.11377290322580645,0.003061922738972423,0.4029450414970158,0.0012066472402915264,0.89741798301489,0.0026641567358970685,0.0,0.0
hiro_additive_effort,15600,1.12,0.0,6967.72,98.57586341990412,1.04,1.7943913813528857e-17,0.011971794871794872,0.0003259587567228037,0.5393589743589744,0.007951749687691866,0.009803846153846156,0.0001285762550882266,0.43886538461538466,0.008004353506647046,0.0,0.0,0.43886538461538466,0.008004353506647046,0.11313076923076922,0.003039803327875426,0.403077823530075,0.001200595403128366,0.8976128924315053,0.0026706801813023632,0.0,0.0
hiro_additive_effort,15700,1.12,0.0,6986.96,97.31561092965632,1.04,1.7943913813528857e-17,0.01189936305732484,0.00032381677966318134,0.537487898089172,0.007804441212652136,0.009752866242038217,0.00012591951626791118,0.4408598726114651,0.007856368308474842,0.0,0.0,0.4408598726114651,0.007856368308474842,0.11250318471337581,0.003021398523950296,0.4031901497902341,0.0011905739579700816,0.8978461591973295,0.0026668257330943316,0.0,0.0
hiro_additive_effort,15800,1.12,0.0,7005.54,96.24334892471738,1.04,1.7943913813528857e-17,0.011835443037974685,0.0003211687272953826,0.5355645569620253,0.007678870543712234,0.00970126582278481,0.00012534972120577454,0.44289873417721526,0.007729775665237864,0.0,0.0,0.44289873417721526,0.007729775665237864,0.11187848101265825,0.0030045138246748314,0.4033095482174945,0.0011804496281098155,0.8980692576557572,0.0026611209608471314,0.0,0.0
hiro_additive_effort,15900,1.12,0.0,7021.5,95.56433563258815,1.04,1.7943913813528857e-17,0.0117685534591195,0.000318990115161575,0.5334553459119497,0.007579083130289967,0.009654088050314466,0.00012408358714590195,0.44512201257861633,0.007629487575185714,0.0,0.0,0.44512201257861633,0.007629487575185714,0.11126666666666665,0.002985323631006773,0.40345624383832474,0.00117029157653188,0.8982392062863264,0.002655392423436146,0.0,0.0
hiro_additive_effort,16000,1.12,0.0,7035.28,95.29660267623738,1.04,1.7943913813528857e-17,0.011711249999999998,0.00031724906723781755,0.53119875,0.007511756663367289,0.0096,0.00012345990012459717,0.44749,0.007564014302766025,0.0,0.0,0.44749,0.007564014302766025,0.11066375,0.002967548704318094,0.4036235781457179,0.0011637224367020773,0.8983695482460691,0.002654063936897963,0.0,0.0
hiro_additive_effort,16100,1.12,0.0,7052.24,95.17437298700416,1.04,1.7943913813528857e-17,0.01165341614906832,0.00031459859761137686,0.5291975155279504,0.007451727497051232,0.009554037267080746,0.00012259921598944831,0.44959503105590065,0.0075046226049626,0.0,0.0,0.44959503105590065,0.0075046226049626,0.1100832298136646,0.0029480458367147056,0.4037619760012201,0.0011569180241425988,0.8985299062642054,0.0026514180237262987,0.0,0.0
hiro_additive_effort,16200,1.12,0.0,7067.32,95.9932499327586,1.04,1.7943913813528857e-17,0.011592592592592592,0.0003125228420929338,0.5271061728395062,0.0074680193481451345,0.009504938271604937,0.00012158431349615061,0.4517962962962963,0.00751852084566686,0.0,0.0,0.4517962962962963,0.00751852084566686,0.1094888888888889,0.002928551136489466,0.4039095261304732,0.001157225154889182,0.8986728754305443,0.002654803878237856,0.0,0.0
hiro_additive_effort,16300,1.12,0.0,7081.64,97.21778102250006,1.04,1.7943913813528857e-17,0.011532515337423312,0.0003099543999659905,0.5250036809815951,0.007516743027207203,0.009453987730061349,0.00012105128261673437,0.45400981595092027,0.007567195414735763,0.0,0.0,0.45400981595092027,0.007567195414735763,0.10891288343558282,0.0029096021429200996,0.404062315219852,0.0011592303690923403,0.8987952519622415,0.0026560136479518294,0.0,0.0
hiro_additive_effort,16400,1.12,0.0,7093.18,98.27616934549539,1.04,1.7943913813528857e-17,0.011464634146341463,0.0003078623970951449,0.5227121951219512,0.007554552225843799,0.0094109756097561,0.00012195881011717877,0.4564121951219512,0.0076041421328454555,0.0,0.0,0.4564121951219512,0.0076041421328454555,0.1083390243902439,0.0028908269580103577,0.4042418313701897,0.0011597043973135184,0.8988635537193689,0.0026632006169016228,0.0,0.0
hiro_additive_effort,16500,1.12,0.0,7104.6,99.21691346926363,1.04,1.7943913813528857e-17,0.011403636363636364,0.00030565277112917067,0.520390303030303,0.0075762875579615365,0.009364848484848483,0.00012133870940884645,0.4588412121212121,0.007626995783412835,0.0,0.0,0.4588412121212121,0.007626995783412835,0.10776,0.002874434339852525,0.40442362037357166,0.0011590794435224815,0.8989382365490531,0.0026717673042586827,0.0,0.0
hiro_additive_effort,16600,1.12,0.0,7116.54,99.55125112222348,1.04,1.7943913813528857e-17,0.0113433734939759,0.000304307842188931,0.5181518072289157,0.00756096940213233,0.00932289156626506,0.0001201441046970401,0.4611819277108434,0.007611983225374944,0.0,0.0,0.4611819277108434,0.007611983225374944,0.10720240963855421,0.002857303647260062,0.40459834243105375,0.0011550692753160732,0.8990293985846405,0.0026757402564692367,0.0,0.0
hiro_additive_effort,16700,1.12,0.0,7127.1,99.60309908300431,1.04,1.7943913813528857e-17,0.011286227544910179,0.0003027177423373994,0.5158407185628742,0.007517555670219978,0.00927185628742515,0.00011982596278877225,0.46360119760479046,0.0075703846540067805,0.0,0.0,0.46360119760479046,0.0075703846540067805,0.10664670658682633,0.0028394564842615325,0.40478325945439203,0.001147012114806021,0.8991107083141364,0.0026743129240649715,0.0,0.0
hiro_additive_effort,16800,1.12,0.0,7135.34,99.54358950854092,1.04,1.7943913813528857e-17,0.01122857142857143,0.0003001436171884396,0.513375,0.007463752174107722,0.009226190476190476,0.00011939938311883062,0.466170238095238,0.007517763530799637,0.0,0.0,0.466170238095238,0.007517763530799637,0.10611309523809524,0.002821911491518339,0.4049932691720457,0.0011380683450557102,0.8991437185093523,0.002673196319586777,0.0,0.0
hiro_additive_effort,16900,1.12,0.0,7142.06,99.70804077865719,1.04,1.7943913813528857e-17,0.01116923076923077,0.0002984768047627385,0.5108118343195265,0.007430399763306736,0.009178698224852072,0.00011904921628656692,0.4688402366863905,0.007485743143520026,0.0,0.0,0.4688402366863905,0.007485743143520026,0.10558579881656804,0.002807702710197943,0.4052168273035607,0.001133357075603136,0.899147683776959,0.0026783223358701636,0.0,0.0
hiro_additive_effort,17000,1.12,0.0,7149.5,100.1968032811182,1.04,1.7943913813528857e-17,0.011109411764705883,0.0002963707696058437,0.5083341176470588,0.007422212845775809,0.009132941176470588,0.00011836288827623778,0.4714235294117647,0.007479035784970018,0.0,0.0,0.4714235294117647,0.007479035784970018,0.1050435294117647,0.0027927270489161485,0.40542691915680584,0.001130927785609121,0.8991674817294022,0.002683138559919878,0.0,0.0
hiro_additive_effort,17100,1.12,0.0,7155.92,100.37410772724617,1.04,1.7943913813528857e-17,0.011046783625730996,0.00029470032565519433,0.505829239766082,0.007393430551706539,0.009090058479532164,0.00011801835614699327,0.4740339181286551,0.0074494515867984034,0.0,0.0,0.4740339181286551,0.0074494515867984034,0.10451228070175438,0.0027773124703715573,0.4056436788528696,0.001126425573875458,0.899178935733657,0.0026809820975201787,0.0,0.0
hiro_additive_effort,17200,1.12,0.0,7162.12,100.04085141091316,1.04,1.7943913813528857e-17,0.010996511627906977,0.00029240132014926476,0.5033313953488372,0.007325095329321454,0.009040697674418605,0.00011761512920025343,0.47663139534883725,0.007379878668375453,0.0,0.0,0.47663139534883725,0.007379878668375453,0.10400000000000001,0.0027601686000214088,0.40586139720018066,0.0011164968248606269,0.8992056804985846,0.0026670546577096292,0.0,0.0
hiro_additive_effort,17300,1.12,0.0,7168.4,99.48961180516716,1.04,1.7943913813528857e-17,0.010935260115606938,0.00029055478768719775,0.5008809248554913,0.0072403616104358345,0.008997687861271676,0.00011700942372371901,0.47918612716763,0.007293882660965513,0.0,0.0,0.47918612716763,0.007293882660965513,0.10347745664739882,0.002739875612775863,0.40607269133344764,0.001104740460328602,0.8992447686479026,0.0026518070580475415,0.0,0.0
hiro_additive_effort,17400,1.12,0.0,7173.66,99.36865029386527,1.04,1.7943913813528857e-17,0.010881609195402297,0.0002886651404109858,0.49837011494252875,0.007189109214519354,0.008960919540229885,0.00011620048206231397,0.481787356321839,0.007240968463857928,0.0,0.0,0.481787356321839,0.007240968463857928,0.10297931034482759,0.002724632456738904,0.40629614197128106,0.0010967605025085077,0.8992451881067063,0.002644205681622404,0.0,0.0
hiro_additive_effort,17500,1.12,0.0,7181.2,99.89478546583553,1.04,1.7943913813528857e-17,0.010829714285714285,0.00028670261713237635,0.4960525714285714,0.007190427222250704,0.008918857142857143,0.00011487707063538658,0.4841988571428572,0.007241205840937025,0.0,0.0,0.4841988571428572,0.007241205840937025,0.10248228571428573,0.0027081778311897784,0.40649412188567347,0.0010943216933046538,0.8992678859411187,0.002643046592612384,0.0,0.0
hiro_additive_effort,17600,1.12,0.0,7191.32,99.99477716973266,1.04,1.7943913813528857e-17,0.010781818181818184,0.00028508434836124063,0.49390795454545455,0.007158704065659368,0.008878409090909091,0.00011518895302050098,0.48643181818181813,0.0072095817218112215,0.0,0.0,0.48643181818181813,0.0072095817218112215,0.10200795454545455,0.0026942396967681677,0.4066740215123511,0.0010894939624800863,0.8993060140121949,0.0026386313791958043,0.0,0.0
hiro_additive_effort,17700,1.12,0.0,7203.62,100.02165026857423,1.04,1.7943913813528857e-17,0.01072542372881356,0.0002835417141187173,0.49199322033898296,0.007120138613497239,0.00883276836158192,0.0001139771624475519,0.4884485875706215,0.007171633477014999,0.0,0.0,0.4884485875706215,0.007171633477014999,0.10152881355932201,0.0026772997140715364,0.40682444870505663,0.0010845003195901516,0.8993862557640014,0.0026325170082734696,0.0,0.0
hiro_additive_effort,17800,1.12,0.0,7212.82,100.64579511072176,1.04,1.7943913813528857e-17,0.010667415730337077,0.00028171237397226786,0.48989662921348315,0.0071277408464995315,0.008796629213483146,0.00011263541004337662,0.49063932584269665,0.007181238502713946,0.0,0.0,0.49063932584269665,0.007181238502713946,0.101038202247191,0.0026608399723364474,0.4069957082081532,0.0010837828603308991,0.8994434668314298,0.002632488952379106,0.0,0.0
hiro_additive_effort,17900,1.12,0.0,7219.56,100.68783912140917,1.04,1.7943913813528857e-17,0.010620111731843575,0.0002804004102195059,0.4876178770949721,0.0070943899100163335,0.008755307262569834,0.00011174370020319438,0.4930067039106145,0.007148563743427015,0.0,0.0,0.4930067039106145,0.007148563743427015,0.10056424581005587,0.0026468062655743527,0.4071930761105363,0.0010780592357928353,0.8994603255311729,0.0026338327507304717,0.0,0.0
hiro_additive_effort,18000,1.12,0.0,7226.66,100.50986999965195,1.04,1.7943913813528857e-17,0.01056888888888889,0.00027906982955110723,0.4853944444444444,0.007040367399266467,0.00870888888888889,0.00011131002602948127,0.49532777777777776,0.0070948448543418224,0.0,0.0,0.49532777777777776,0.0070948448543418224,0.1000811111111111,0.002630950446502676,0.40738179105157285,0.001071301989094582,0.8994939927552771,0.002636722151189336,0.0,0.0
hiro_additive_effort,18100,1.12,0.0,7234.42,100.82433740047537,1.04,1.7943913813528857e-17,0.010519337016574586,0.00027735035727152784,0.48322651933701655,0.007022719646394776,0.008662983425414366,0.00011085745771794436,0.4975911602209945,0.0070776298533777445,0.0,0.0,0.4975911602209945,0.0070776298533777445,0.09962099447513811,0.0026150210426855365,0.4075681372963207,0.0010687538233311593,0.8995074952008048,0.0026417599181651013,0.0,0.0
hiro_additive_effort,18200,1.12,0.0,7244.04,101.43118290400699,1.04,1.7943913813528857e-17,0.01046923076923077,0.0002768129246209281,0.4812186813186813,0.007027377391952756,0.00861978021978022,0.00011019960900994753,0.49969230769230755,0.0070828857147166024,0.0,0.0,0.49969230769230755,0.0070828857147166024,0.09916813186813186,0.002602577666831911,0.4077353661141458,0.0010685476047736769,0.8995327771723493,0.0026467537107617203,0.0,0.0
hiro_additive_effort,18300,1.12,0.0,7252.3,102.00584316996908,1.04,1.7943913813528857e-17,0.010417486338797816,0.0002752584458610414,0.47919016393442626,0.0070322268262263425,0.00858142076502732,0.0001094451887052489,0.5018109289617486,0.007087848658251842,0.0,0.0,0.5018109289617486,0.007087848658251842,0.09869617486338798,0.002586380788895219,0.40790112693116837,0.0010683099486154808,0.8995865514324486,0.0026502673551740247,0.0,0.0
hiro_additive_effort,18400,1.12,0.0,7261.08,102.49529143988487,1.04,1.7943913813528857e-17,0.010371739130434782,0.0002734610924764516,0.47716413043478256,0.007028101383952486,0.008544565217391305,0.0001082097613690095,0.5039195652173912,0.007082488554896639,0.0,0.0,0.5039195652173912,0.007082488554896639,0.09823152173913044,0.0025710301257974764,0.4080674659695762,0.001066625351744016,0.8996386156445046,0.00265107203391272,0.0,0.0
hiro_additive_effort,18500,1.12,0.0,7271.22,103.319699170752,1.04,1.7943913813528857e-17,0.01032108108108108,0.0002726356940540006,0.4752745945945946,0.007046668140712506,0.008504864864864865,0.00010733990715027385,0.5058994594594595,0.007101965893608055,0.0,0.0,0.5058994594594595,0.007101965893608055,0.09776972972972973,0.0025575960159451416,0.4082173244142929,0.0010689239833068418,0.8997006312643524,0.002660037277745335,0.0,0.0
hiro_additive_effort,18600,1.12,0.0,7279.56,104.05613932206137,1.04,1.7943913813528857e-17,0.010274193548387095,0.00027203798000589055,0.47329247311827966,0.007064904829034976,0.008467741935483872,0.00010590448188461387,0.5079655913978495,0.00711973502838453,0.0,0.0,0.5079655913978495,0.00711973502838453,0.09732043010752686,0.0025430910637058808,0.4083819726980898,0.0010699097420100914,0.8997327633828465,0.0026655525557986804,0.0,0.0
hiro_additive_effort,18700,1.12,0.0,7288.36,104.71194212929964,1.04,1.7943913813528857e-17,0.010225668449197861,0.000270466909125302,0.4713497326203209,0.007071712882265285,0.00842566844919786,0.0001050597665397948,0.5099989304812833,0.007126678792037688,0.0,0.0,0.5099989304812833,0.007126678792037688,0.09688770053475937,0.0025272404854934836,0.40854493260482533,0.0010681139296699164,0.8997649364249987,0.002660869816434655,0.0,0.0
hiro_additive_effort,18800,1.12,0.0,7298.32,104.91343541516618,1.04,1.7943913813528857e-17,0.010179787234042554,0.00026928397272228514,0.4694882978723405,0.0070512960232293346,0.008387234042553192,0.00010448192870081537,0.5119446808510638,0.007106202295668968,0.0,0.0,0.5119446808510638,0.007106202295668968,0.09646170212765957,0.002512837045103355,0.4086984910729837,0.0010652384560936733,0.8998168577435094,0.0026594052178208908,0.0,0.0
hiro_additive_effort,18900,1.12,0.0,7307.64,104.42803111058187,1.04,1.7943913813528857e-17,0.010139682539682539,0.00026835301655058684,0.4676190476190476,0.006984170830291701,0.00835026455026455,0.00010421731868390616,0.5138910052910053,0.007038794566323187,0.0,0.0,0.5138910052910053,0.007038794566323187,0.09603809523809524,0.0024992542358070525,0.40885311653349765,0.0010562717619745296,0.8998718772872474,0.0026612601433909726,0.0,0.0
hiro_additive_effort,19000,1.12,0.0,7314.84,104.02819617776711,1.04,1.7943913813528857e-17,0.010094736842105262,0.0002669585904725281,0.46563157894736845,0.006919409614129427,0.008314736842105264,0.00010397156036044378,0.5159589473684211,0.0069733964296254175,0.0,0.0,0.5159589473684211,0.0069733964296254175,0.09561789473684211,0.0024855490804736218,0.40902441788364,0.0010468555321874555,0.8998945083442744,0.002660067278927826,0.0,0.0
hiro_additive_effort,19100,1.12,0.0,7321.58,104.04851729371451,1.04,1.7943913813528857e-17,0.010049214659685864,0.00026643331016374153,0.46361465968586385,0.006884672560676774,0.008280628272251308,0.00010304648233027635,0.5180554973821989,0.006937614956060334,0.0,0.0,0.5180554973821989,0.006937614956060334,0.09520523560209422,0.0024731213349742107,0.40920127363695824,0.0010419116241918082,0.899899425391173,0.0026640380118456994,0.0,0.0
hiro_additive_effort,19200,1.12,0.0,7330.26,105.09100355678133,1.04,1.7943913813528857e-17,0.009999999999999998,0.00026527358540453795,0.4617520833333333,0.006912924247251854,0.008245833333333334,0.00010286646025369358,0.5200020833333333,0.006968488944501732,0.0,0.0,0.5200020833333333,0.006968488944501732,0.09478229166666667,0.0024586079175098726,0.40935647830797917,0.0010433045791803288,0.8999170523827744,0.002672996379924537,0.0,0.0
hiro_additive_effort,19300,1.12,0.0,7338.04,106.2557483102895,1.04,1.7943913813528857e-17,0.009958549222797928,0.00026430571613882234,0.45984145077720207,0.006949346383517759,0.008213471502590674,0.00010206327932498398,0.5219865284974093,0.007006688257257139,0.0,0.0,0.5219865284974093,0.007006688257257139,0.09436994818652851,0.0024484114505101333,0.4095190778665905,0.0010460596717715867,0.8999195541113066,0.0026830891279018784,0.0,0.0
hiro_additive_effort,19400,1.12,0.0,7342.64,106.96792103529097,1.04,1.7943913813528857e-17,0.009917525773195877,0.00026258424133304714,0.45775979381443305,0.006962343206249291,0.008177319587628868,0.00010189457268258043,0.5241453608247422,0.00701988122801696,0.0,0.0,0.5241453608247422,0.00701988122801696,0.09395773195876289,0.002436050634538149,0.40970448309562807,0.0010459072304527216,0.8998987475698027,0.0026872263709671724,0.0,0.0
hiro_additive_effort,19500,1.12,0.0,7348.42,107.08977385962733,1.04,1.7943913813528857e-17,0.009871794871794872,0.00026146046999989575,0.4557661538461539,0.006936364040247168,0.00814153846153846,0.00010133814660497813,0.5262205128205129,0.0069931958888589385,0.0,0.0,0.5262205128205129,0.0069931958888589385,0.09357743589743589,0.0024242419366713383,0.40988566753283784,0.0010429374502402594,0.8998606476514837,0.00268608488404598,0.0,0.0
hiro_additive_effort,19600,1.12,0.0,7355.14,107.00316993206418,1.04,1.7943913813528857e-17,0.00982857142857143,0.0002597402583880093,0.4538438775510204,0.00689999292447906,0.008108163265306122,0.00010035932349364509,0.528219387755102,0.00695583370822488,0.0,0.0,0.528219387755102,0.00695583370822488,0.09318367346938777,0.0024113162249365066,0.41005439833474355,0.0010393951695357602,0.8998585528761694,0.0026840078501753485,0.0,0.0
hiro_additive_effort,19700,1.12,0.0,7363.18,106.57903722360322,1.04,1.7943913813528857e-17,0.009784771573604061,0.00025872602136345715,0.4520426395939087,0.0068436091596633004,0.008078172588832488,9.934481240432376e-05,0.5300944162436548,0.0068983644539030945,0.0,0.0,0.5300944162436548,0.0068983644539030945,0.09277868020304571,0.0023996225638251278,0.41020474565320414,0.001033321403476366,0.8999118589055699,0.002677048140091171,0.0,0.0
hiro_additive_effort,19800,1.12,0.0,7372.5,106.22141007905927,1.04,1.7943913813528857e-17,0.009744444444444443,0.0002573904046495606,0.45033535353535364,0.0067858917257759286,0.008044444444444444,9.88117825893602e-05,0.5318757575757576,0.006838942869735925,0.0,0.0,0.5318757575757576,0.006838942869735925,0.09237979797979799,0.0023882801401562403,0.41034411053956477,0.0010260004948787387,0.8999838413942794,0.0026698152531275557,0.0,0.0
hiro_additive_effort,19900,1.12,0.0,7384.66,106.30932383706462,1.04,1.7943913813528857e-17,0.009705527638190957,0.00025577320258436453,0.4488180904522613,0.00675735867572979,0.008009045226130652,9.831366842850397e-05,0.5334673366834171,0.006808582886766618,0.0,0.0,0.5334673366834171,0.006808582886766618,0.09198793969849246,0.002374682255142065,0.41045918343159493,0.0010211754520996804,0.9000890579948754,0.0026622411797012835,0.0,0.0
hiro_additive_effort,20000,1.12,0.0,7397.6,106.06461642387085,1.04,1.7943913813528857e-17,0.009668999999999999,0.00025507857932929813,0.447391,0.00670666508111178,0.007973000000000001,9.792969156387617e-05,0.534967,0.006756936361991283,0.0,0.0,0.534967,0.006756936361991283,0.091606,0.002362515798457056,0.4105645109359206,0.0010142429303733513,0.9002060434127748,0.0026517682818404955,0.0,0.0
hiro_no_challenge,100,0.4706060296338921,0.014030268997381155,43.6,1.995914193894055,0.39060602963389207,0.014030268997381155,0.2376,0.02659685419483335,0.6426000000000001,0.02625278993920144,0.046000000000000006,0.006839262402049041,0.0738,0.01760540269580996,0.0,0.0,0.0738,0.01760540269580996,0.2376,0.02659685419483335,0.4275230987897768,0.0033759906750703405,0.524732836560522,0.012674622485431723,0.0,0.0
hiro_no_challenge,200,0.746620683819075,0.01359964529107134,112.36,2.9016195337030917,0.6666206838190749,0.013599645291071341,0.1956,0.020383386592506943,0.6820000000000002,0.020462509272185698,0.0394,0.004222485968609255,0.083,0.014111075401243942,0.0,0.0,0.083,0.014111075401243942,0.1956,0.020383386592506943,0.4415621758530024,0.0020607367211069004,0.4689989763896984,0.011987415274698486,0.0,0.0
hiro_no_challenge,300,0.9555307013031838,0.013420000891893559,195.46,3.100784627497119,0.8755307013031838,0.013420000891893559,0.16513333333333333,0.012654204395729068,0.7258,0.01511252127607197,0.04,0.0035405010086554485,0.06906666666666667,0.009496169415089998,0.0,0.0,0.06906666666666667,0.009496169415089998,0.16699999999999998,0.012635568699978726,0.4550086974318645,0.0015651386446329594,0.45677780411301305,0.010665277044934899,0.0,0.0
hiro_no_challenge,400,1.0733343376147457,0.008364211787180482,283.94,3.4721527757227477,0.9933343376147457,0.008364211787180484,0.1461,0.012100168661330844,0.7552,0.014842341528236583,0.0349,0.0027048331647219186,0.0638,0.008020776592254465,0.0,0.0,0.0638,0.008020776592254465,0.17875,0.014355588046585389,0.46506827078627155,0.0020342857524265606,0.48144423293073113,0.013440531292499015,0.0,0.0
hiro_no_challenge,500,1.1114572343636766,0.0038037352396365944,375.32,3.785195651805727,1.0314572343636765,0.0038037352396365965,0.13255999999999998,0.013443643820916762,0.7789999999999999,0.015197771050320476,0.03232,0.0020990649035672417,0.05612,0.006824543940806595,0.0,0.0,0.05612,0.006824543940806595,0.2534,0.016456870037421193,0.47290164198257423,0.0028628155700118215,0.5036125739471613,0.016231001615525126,0.0,0.0
hiro_no_challenge,600,1.1195881686641216,0.00041183133587834763,467.04,4.1869534976921745,1.0395881686641217,0.000411831335878349,0.11546666666666666,0.01176316168337049,0.8048666666666665,0.013121172587388184,0.029966666666666666,0.0017362939132785046,0.049699999999999994,0.0056993236659653845,0.0,0.0,0.049699999999999994,0.0056993236659653845,0.3410999999999999,0.015491612096598401,0.47683076362336224,0.0036867869118387365,0.525729372636671,0.01845234247709797,0.0,0.0
hiro_no_challenge,700,1.12,0.0,558.02,4.783516766256937,1.04,1.7943913813528857e-17,0.10137142857142857,0.010068979914475818,0.8250285714285713,0.011258297139323562,0.028314285714285715,0.0015362833714035783,0.045285714285714276,0.004881477371088402,0.0,0.0,0.045285714285714276,0.004881477371088402,0.40682857142857143,0.015735119505082686,0.47946415558803424,0.004276028639478289,0.5407010192478596,0.01991241968805453,0.0,0.0
hiro_no_challenge,800,1.12,0.0,647.38,5.473117232884561,1.04,1.7943913813528857e-17,0.0912,0.00885742799080212,0.8403750000000001,0.009908075581801637,0.027000000000000003,0.0013420210162897097,0.041425000000000003,0.0042723019293479485,0.0,0.0,0.041425000000000003,0.0042723019293479485,0.44660000000000005,0.017243641241492646,0.4792942224815089,0.004712418872918669,0.5552349324886167,0.020726107976309385,0.0,0.0
hiro_no_challenge,900,1.12,0.0,735.82,6.25255474316911,1.04,1.7943913813528857e-17,0.08311111111111112,0.007872247786393697,0.8524666666666667,0.008764911492387572,0.025888888888888892,0.0011811273125260722,0.038533333333333336,0.0037895561351810165,0.0,0.0,0.038533333333333336,0.0037895561351810165,0.46773333333333333,0.01924278218352953,0.4773473911876532,0.005085667847935501,0.5686861222433548,0.02153651430872488,0.0,0.0
hiro_no_challenge,1000,1.12,0.0,823.26,6.948076227655114,1.04,1.7943913813528857e-17,0.07614000000000001,0.007090033821628549,0.86222,0.007938965644856015,0.025140000000000003,0.0010454995876398527,0.0365,0.003436924348831647,0.0,0.0,0.0365,0.003436924348831647,0.48357999999999995,0.02059389824433342,0.47587365148627875,0.0053714569973064485,0.5784913767564268,0.021863836021153715,0.0,0.0
hiro_no_challenge,1100,1.12,0.0,911.14,7.475948373392679,1.04,1.7943913813528857e-17,0.07107272727272726,0.006485745491917914,0.8700363636363636,0.007262049675652955,0.024272727272727272,0.0009547883779591065,0.03461818181818182,0.0030943819843500244,0.0,0.0,0.03461818181818182,0.0030943819843500244,0.4912909090909091,0.02103456888577683,0.4734969148418247,0.00549553836582485,0.5890994537811618,0.02168597171501552,0.0,0.0
hiro_no_challenge,1200,1.12,0.0,997.76,8.053624358394327,1.04,1.7943913813528857e-17,0.06671666666666667,0.005934229944484255,0.8762333333333333,0.006621755184492704,0.0236,0.0008664965819497572,0.03345,0.002856945429686856,0.0,0.0,0.03345,0.002856945429686856,0.49725,0.021455171981643605,0.4713350372152053,0.005627309638797247,0.5991115056298508,0.021415065151406208,0.0,0.0
hiro_no_challenge,1300,1.12,0.0,1085.0,8.658368607236325,1.04,1.7943913813528857e-17,0.06304615384615384,0.005461481415670414,0.8817692307692309,0.006093314935051172,0.02289230769230769,0.0008245596175992891,0.0322923076923077,0.0026214252892339663,0.0,0.0,0.0322923076923077,0.0026214252892339663,0.5021538461538462,0.02187983562230473,0.46939067684822644,0.005720413510230157,0.6089978373585861,0.02103948788556657,0.0,0.0
hiro_no_challenge,1400,1.12,0.0,1170.4,9.11446484373905,1.04,1.7943913813528857e-17,0.05994285714285714,0.005062945724435505,0.8862142857142855,0.005655648490673946,0.02274285714285714,0.00075602811386522,0.031100000000000006,0.002445593747881102,0.0,0.0,0.031100000000000006,0.002445593747881102,0.5041142857142857,0.021588581985313667,0.4672192678486713,0.0056424406636138525,0.6187214775694,0.02025133518596193,0.0,0.0
hiro_no_challenge,1500,1.12,0.0,1257.86,9.322696027678356,1.04,1.7943913813528857e-17,0.05716,0.004719191675279487,0.8903066666666666,0.005277091551043551,0.02234666666666667,0.0006973197797879009,0.030186666666666667,0.0022691495005358977,0.0,0.0,0.030186666666666667,0.0022691495005358977,0.5114533333333333,0.020522575943482557,0.46660311550697237,0.005392237034326111,0.6231974177845552,0.01931427505091551,0.0,0.0
hiro_no_challenge,1600,1.12,0.0,1346.68,9.545997772333061,1.04,1.7943913813528857e-17,0.054675,0.004447942943493253,0.8938624999999999,0.00494161350219764,0.022250000000000002,0.0006573272256894986,0.029212500000000002,0.002141577743065107,0.0,0.0,0.029212500000000002,0.002141577743065107,0.520275,0.020124826973524162,0.4665832000737254,0.005272385311016364,0.626120028880523,0.01888582908487387,0.0,0.0
hiro_no_challenge,1700,1.12,0.0,1435.6,9.980675205166252,1.04,1.7943913813528857e-17,0.05262352941176471,0.0041853872318615756,0.8971529411764706,0.004645481519967775,0.021741176470588233,0.0006295144142210136,0.028482352941176466,0.0019854061148436852,0.0,0.0,0.028482352941176466,0.0019854061148436852,0.5271058823529412,0.01999059054130113,0.46635920963204114,0.005243318190549691,0.6298958378244915,0.01854099811380377,0.0,0.0
hiro_no_challenge,1800,1.12,0.0,1524.58,10.339071525045178,1.04,1.7943913813528857e-17,0.05073333333333333,0.003947387679027252,0.8996333333333334,0.0043848789052097535,0.021544444444444442,0.0006299987802281361,0.028088888888888892,0.0018735646223319645,0.0,0.0,0.028088888888888892,0.0018735646223319645,0.5359111111111111,0.019812059514144102,0.46691679715332735,0.005183732750525325,0.6308199652173649,0.018016627524244738,0.0,0.0
hiro_no_challenge,1900,1.12,0.0,1614.56,10.468345287638561,1.04,1.7943913813528857e-17,0.048989473684210534,0.0037377675439894155,0.902221052631579,0.0041279849864816354,0.021294736842105266,0.00059568805048521,0.02749473684210526,0.0017971378177613535,0.0,0.0,0.02749473684210526,0.0017971378177613535,0.5437894736842105,0.019251644414229413,0.46734425758345727,0.004995411271607375,0.6318339904974463,0.017130252843979003,0.0,0.0
hiro_no_challenge,2000,1.12,0.0,1702.4,10.618774286467284,1.04,1.7943913813528857e-17,0.04732,0.0035695926709828807,0.90468,0.00395009067320367,0.02108,0.0005796480283195085,0.026920000000000003,0.001719715211354271,0.0,0.0,0.026920000000000003,0.001719715211354271,0.5462899999999999,0.018778260824470316,0.4665604513998424,0.004853135555928013,0.6367234629717019,0.016330279017342977,0.0,0.0
hiro_no_challenge,2100,1.12,0.0,1791.68,10.866666499728725,1.04,1.7943913813528857e-17,0.04588571428571429,0.003403040673478727,0.9067238095238095,0.003748555863660433,0.021047619047619048,0.0005655676106347355,0.026342857142857144,0.0016610590099598898,0.0,0.0,0.026342857142857144,0.0016610590099598898,0.5517619047619047,0.018645260777373027,0.46656313894416074,0.004794949091397197,0.6396877798689687,0.015743435170873944,0.0,0.0
hiro_no_challenge,2200,1.12,0.0,1881.82,11.005590045285985,1.04,1.7943913813528857e-17,0.04452727272727272,0.0032510610383154016,0.9089727272727274,0.0035885025166531004,0.020736363636363636,0.0005443541776610658,0.025763636363636367,0.0015891158724895887,0.0,0.0,0.025763636363636367,0.0015891158724895887,0.5584818181818183,0.018277455382904827,0.46700330541847807,0.0046861465423219525,0.6413021039122796,0.015205681045802954,0.0,0.0
hiro_no_challenge,2300,1.12,0.0,1971.96,11.118543437126345,1.04,1.7943913813528857e-17,0.04335652173913043,0.0031256258043966152,0.910695652173913,0.003429718954602195,0.02059130434782609,0.0005329699262131011,0.025356521739130437,0.0015045647657867618,0.0,0.0,0.025356521739130437,0.0015045647657867618,0.5651999999999999,0.017752104620903673,0.4675797277494012,0.004544829186402075,0.6421179424159079,0.014636961962240302,0.0,0.0
hiro_no_challenge,2400,1.12,0.0,2060.5,11.232760033009859,1.04,1.7943913813528857e-17,0.04220833333333334,0.0030043489358502736,0.9123833333333333,0.0032880219639433903,0.020375,0.0005067920203865069,0.025033333333333335,0.0014455263696179226,0.0,0.0,0.025033333333333335,0.0014455263696179226,0.5699,0.01740586342680687,0.46781926018542824,0.004423076310859665,0.6427015955356198,0.01405988994541536,0.0,0.0
hiro_no_challenge,2500,1.12,0.0,2151.68,11.117643268100244,1.04,1.7943913813528857e-17,0.041272,0.0028804691227900603,0.9140559999999998,0.0031458273756757565,0.020135999999999998,0.0005037148529289408,0.024536000000000002,0.0013782027930517012,0.0,0.0,0.024536000000000002,0.0013782027930517012,0.576776,0.01663398403809478,0.46863087464528713,0.004186789383251823,0.6420197246043358,0.013217817404984709,0.0,0.0
hiro_no_challenge,2600,1.12,0.0,2243.32,11.185830687225035,1.04,1.7943913813528857e-17,0.04032307692307693,0.0027759459832496845,0.9155076923076924,0.003049988864474931,0.019923076923076925,0.0004722718449877868,0.024246153846153848,0.0013495454024007214,0.0,0.0,0.024246153846153848,0.0013495454024007214,0.5848846153846154,0.016206422810762938,0.4697416367833485,0.004053268077466615,0.6409441271531879,0.01274459965090861,0.0,0.0
hiro_no_challenge,2700,1.12,0.0,2334.2,11.173766653393553,1.04,1.7943913813528857e-17,0.03933333333333334,0.002678983899262981,0.9169629629629631,0.0029451657487750836,0.019688888888888888,0.00046505017033406787,0.02401481481481481,0.0012996225546167317,0.0,0.0,0.02401481481481481,0.0012996225546167317,0.5907185185185186,0.01566119837594495,0.4704191428435183,0.0039086048648754226,0.6405217601441238,0.012244815145990033,0.0,0.0
hiro_no_challenge,2800,1.12,0.0,2424.54,11.059106876143263,1.04,1.7943913813528857e-17,0.03851428571428571,0.0025814180761030976,0.9181214285714286,0.0028404726876958388,0.019707142857142857,0.0004685762728185915,0.023657142857142863,0.0012598450285822124,0.0,0.0,0.023657142857142863,0.0012598450285822124,0.5960428571428572,0.014961754797557696,0.47101638439101584,0.003721609960207124,0.6406680282598216,0.011699281650208946,0.0,0.0
hiro_no_challenge,2900,1.12,0.0,2515.08,10.99342437968428,1.04,1.7943913813528857e-17,0.03777931034482759,0.0024866682798816812,0.9191103448275862,0.002763104905706589,0.019668965517241378,0.0004575673245940902,0.023441379310344828,0.0012198655758327427,0.0,0.0,0.023441379310344828,0.0012198655758327427,0.6011310344827586,0.014273220424168667,0.4716473061311295,0.003551309833691386,0.6402735891256514,0.011131435882054511,0.0,0.0
hiro_no_challenge,3000,1.12,0.0,2606.24,10.983087555186744,1.04,1.7943913813528857e-17,0.03716666666666667,0.002410469417310948,0.92008,0.0026900431172732367,0.019533333333333333,0.0004487321519767522,0.023220000000000005,0.0011805148959251356,0.0,0.0,0.023220000000000005,0.0011805148959251356,0.6059333333333333,0.013971672020471247,0.47225344861755725,0.0034688969733917643,0.6397053982980868,0.010822606787221155,0.0,0.0
hiro_no_challenge,3100,1.12,0.0,2696.92,11.220274651955098,1.04,1.7943913813528857e-17,0.03647741935483871,0.002339831335300251,0.9212193548387098,0.0026339989918602092,0.019316129032258062,0.0004360762070138658,0.022987096774193548,0.0011584637534082236,0.0,0.0,0.022987096774193548,0.0011584637534082236,0.6098129032258064,0.01402991161815236,0.47264318616556955,0.0034724867962673323,0.6396262701989733,0.010734779308045082,0.0,0.0
hiro_no_challenge,3200,1.12,0.0,2786.62,11.254165305996437,1.04,1.7943913813528857e-17,0.035925,0.002275121240321769,0.9220124999999999,0.0025424357596283012,0.019275,0.0004313932400386223,0.022787500000000006,0.0011169582191224996,0.0,0.0,0.022787500000000006,0.0011169582191224996,0.61216875,0.01377894220345573,0.4727698790128572,0.0034016509636591082,0.6401390813251484,0.01046207165346826,0.0,0.0
hiro_no_challenge,3300,1.12,0.0,2875.2,11.421426337889534,1.04,1.7943913813528857e-17,0.03530303030303031,0.0022076436585285165,0.9229757575757577,0.0024685452467018577,0.019139393939393942,0.0004256853278548081,0.022581818181818182,0.0010796588869438433,0.0,0.0,0.022581818181818182,0.0010796588869438433,0.6132363636363636,0.013666719294752267,0.4725739938049913,0.0033857963134788713,0.6414920609015808,0.010309605022691551,0.0,0.0
hiro_no_challenge,3400,1.12,0.0,2963.84,11.710569445364042,1.04,1.7943913813528857e-17,0.03470588235294118,0.0021475315633419103,0.9238529411764707,0.0024176172657008827,0.01898235294117647,0.0004195129346316776,0.022458823529411764,0.0010622447063246214,0.0,0.0,0.022458823529411764,0.0010622447063246214,0.6135176470588236,0.0136800630632637,0.47225325164985554,0.0033842175128027743,0.6428508419755423,0.01023806890017453,0.0,0.0
hiro_no_challenge,3500,1.12,0.0,3052.1,12.01703722526769,1.04,1.7943913813528857e-17,0.03414285714285714,0.0020905650689160404,0.9248457142857143,0.0023482546089499774,0.018845714285714285,0.00041407635204486406,0.022165714285714292,0.0010419950108640423,0.0,0.0,0.022165714285714292,0.0010419950108640423,0.6132914285714286,0.013697222718641966,0.4718074208945531,0.003380140807846611,0.6446897282064009,0.01017133535721209,0.0,0.0
hiro_no_challenge,3600,1.12,0.0,3141.72,12.246916813164505,1.04,1.7943913813528857e-17,0.03361666666666667,0.0020177077327588775,0.9257166666666667,0.0022575576438919748,0.01875,0.0004033003490944968,0.021916666666666664,0.0010256612391897314,0.0,0.0,0.021916666666666664,0.0010256612391897314,0.6147055555555556,0.013476971975208649,0.4717366469526389,0.0033434881491385274,0.6456701784011919,0.010045478586326817,0.0,0.0
hiro_no_challenge,3700,1.12,0.0,3231.72,12.459044415809023,1.04,1.7943913813528857e-17,0.033167567567567564,0.0019706563706563705,0.9263945945945946,0.0021977573334426618,0.018659459459459456,0.0003949533311022348,0.02177837837837838,0.0009963811025411762,0.0,0.0,0.02177837837837838,0.0009963811025411762,0.6167459459459459,0.013375424545905722,0.4718573428972055,0.0033185652458430767,0.6461862165378678,0.009970948220493225,0.0,0.0
hiro_no_challenge,3800,1.12,0.0,3322.8,12.47266398724729,1.04,1.7943913813528857e-17,0.032626315789473684,0.0019097076833991357,0.9272578947368422,0.002130117651631336,0.01851578947368421,0.00039670187586423954,0.0216,0.0009795477640979833,0.0,0.0,0.0216,0.0009795477640979833,0.6207526315789473,0.013096000527024764,0.47242625447995445,0.0032527571795573215,0.6459498066115669,0.009726983366625957,0.0,0.0
hiro_no_challenge,3900,1.12,0.0,3415.04,12.567205784281951,1.04,1.7943913813528857e-17,0.03217948717948718,0.0018482058774161266,0.9280461538461537,0.002069371960917124,0.01837948717948718,0.00040182599226224115,0.021394871794871796,0.0009461946162221429,0.0,0.0,0.021394871794871796,0.0009461946162221429,0.6249076923076923,0.012992809813289641,0.4730031307874677,0.0032117562394200156,0.6454794419980325,0.009479500145104059,0.0,0.0
hiro_no_challenge,4000,1.12,0.0,3505.4,12.64100874300846,1.04,1.7943913813528857e-17,0.031744999999999995,0.0018042536192145995,0.9288200000000001,0.0020322029868081173,0.01823,0.0003959514503324974,0.021204999999999998,0.0009276008664004895,0.0,0.0,0.021204999999999998,0.0009276008664004895,0.6270100000000001,0.012765718522188834,0.47320556818633747,0.0031538094743961817,0.6452883422652426,0.009349135688854994,0.0,0.0
hiro_no_challenge,4100,1.12,0.0,3596.04,12.66977634581847,1.04,1.7943913813528857e-17,0.03134634146341463,0.001758436029431795,0.9295560975609756,0.001990821244791876,0.018102439024390248,0.00038995073607315904,0.02099512195121951,0.0009099572477953336,0.0,0.0,0.02099512195121951,0.0009099572477953336,0.6288975609756097,0.0125150008740255,0.4733509247699218,0.0030876961607928105,0.6454394181240177,0.009188380968786075,0.0,0.0
hiro_no_challenge,4200,1.12,0.0,3685.32,12.646317202075481,1.04,1.7943913813528857e-17,0.030933333333333337,0.0017138515809215168,0.9301809523809523,0.0019441215230689185,0.018047619047619045,0.0003872774238772866,0.02083809523809524,0.0008916299308268018,0.0,0.0,0.02083809523809524,0.0008916299308268018,0.6302809523809524,0.012214159623655588,0.4733878819945446,0.003008085806896165,0.6459273253088844,0.008955852755866914,0.0,0.0
hiro_no_challenge,4300,1.12,0.0,3778.3,12.787150757295226,1.04,1.7943913813528857e-17,0.030516279069767442,0.001670581613294757,0.9309906976744187,0.0019010965402998928,0.017874418604651162,0.00038435020527785195,0.02061860465116279,0.0008690006238799286,0.0,0.0,0.02061860465116279,0.0008690006238799286,0.6342651162790698,0.012139934221065627,0.47398428094765194,0.0029861062911263397,0.6447774510852409,0.008826148593004223,0.0,0.0
hiro_no_challenge,4400,1.12,0.0,3870.28,12.818037036511782,1.04,1.7943913813528857e-17,0.03005909090909091,0.001630798747205697,0.9316727272727273,0.001856254441937588,0.017759090909090905,0.00036663938576913206,0.020509090909090907,0.0008498201569786905,0.0,0.0,0.020509090909090907,0.0008498201569786905,0.6374590909090909,0.012012903983567047,0.47449461546645216,0.0029431724814573262,0.6434062387216285,0.008604137003059906,0.0,0.0
hiro_no_challenge,4500,1.12,0.0,3960.94,12.836790558263955,1.04,1.7943913813528857e-17,0.029675555555555552,0.0015900827698316828,0.9323022222222221,0.0018117920620729288,0.017666666666666667,0.000358561556108251,0.020355555555555554,0.000829537841807216,0.0,0.0,0.020355555555555554,0.000829537841807216,0.639071111111111,0.011730485963174105,0.4746493049630486,0.002872903078707921,0.6429385898651767,0.008410649332101037,0.0,0.0
hiro_no_challenge,4600,1.12,0.0,4050.3,12.966117540791947,1.04,1.7943913813528857e-17,0.02930869565217391,0.0015561292154261522,0.9328782608695652,0.0017797557623635153,0.017682608695652174,0.00034719385753173386,0.020130434782608696,0.0008088616482467184,0.0,0.0,0.020130434782608696,0.0008088616482467184,0.6393304347826088,0.011569391071622638,0.47451498479716514,0.002830125600264594,0.643237611113127,0.008303966876426622,0.0,0.0
hiro_no_challenge,4700,1.12,0.0,4141.08,13.262001572699564,1.04,1.7943913813528857e-17,0.02899574468085107,0.0015360589483427046,0.9334255319148936,0.0017579560188721866,0.01761276595744681,0.000350917876474825,0.01996595744680851,0.0007850743162194374,0.0,0.0,0.01996595744680851,0.0007850743162194374,0.6415744680851064,0.011423864063189716,0.4748240592370942,0.0027932599485467956,0.6428006336082979,0.008210756544994313,0.0,0.0
hiro_no_challenge,4800,1.12,0.0,4233.2,13.191277266374447,1.04,1.7943913813528857e-17,0.028679166666666665,0.0014989202699355233,0.9339791666666666,0.0017154246588539177,0.0175,0.00034799799957722536,0.019841666666666667,0.0007697825619899193,0.0,0.0,0.019841666666666667,0.0007697825619899193,0.6440416666666667,0.011096576022949896,0.4752007431767339,0.0027100206475994594,0.6419879305104891,0.007937986978645258,0.0,0.0
hiro_no_challenge,4900,1.12,0.0,4324.58,13.30711302810858,1.04,1.7943913813528857e-17,0.028404081632653056,0.001464656295484352,0.9345061224489793,0.0016877403711131804,0.01740408163265306,0.0003405487431163618,0.019685714285714286,0.0007582240131318103,0.0,0.0,0.019685714285714286,0.0007582240131318103,0.6464326530612244,0.010966530708973984,0.47556448753537955,0.002686475230090255,0.6412955849877464,0.007814916814951419,0.0,0.0
hiro_no_challenge,5000,1.12,0.0,4414.82,13.384812898450638,1.04,1.7943913813528857e-17,0.028140000000000002,0.0014288371181503095,0.9350160000000001,0.001651041378237703,0.017315999999999998,0.00033222023676212996,0.019528,0.0007410694974157282,0.0,0.0,0.019528,0.0007410694974157282,0.647392,0.010810748936656912,0.47560346078221494,0.0026633117377551758,0.6413715294730334,0.007701885886352224,0.0,0.0
hiro_no_challenge,5100,1.12,0.0,4505.78,13.231449548059999,1.04,1.7943913813528857e-17,0.027874509803921567,0.0014021543868539407,0.9355176470588235,0.0016183884946410914,0.01723137254901961,0.0003279412288084101,0.019376470588235294,0.0007252617444189362,0.0,0.0,0.019376470588235294,0.0007252617444189362,0.6487882352941178,0.010450608664624921,0.47575347049963235,0.0025886832854391723,0.6411559164712927,0.007461250840075408,0.0,0.0
hiro_no_challenge,5200,1.12,0.0,4597.68,13.464009167300164,1.04,1.7943913813528857e-17,0.027580769230769228,0.001380248761682149,0.9359961538461538,0.0015800184996142587,0.017169230769230766,0.00032301150567428906,0.019253846153846156,0.0007092093493600176,0.0,0.0,0.019253846153846156,0.0007092093493600176,0.650946153846154,0.010403664196634693,0.4760605704963368,0.00256215163257787,0.6408157992344722,0.007290097859832316,0.0,0.0
hiro_no_challenge,5300,1.12,0.0,4688.44,13.592139384998394,1.04,1.7943913813528857e-17,0.027316981132075476,0.0013595307915728572,0.9364679245283019,0.0015563748446026178,0.017060377358490565,0.00031888467076713955,0.019154716981132077,0.0007005232676344002,0.0,0.0,0.019154716981132077,0.0007005232676344002,0.6518301886792451,0.010327099563965594,0.4760914558684548,0.002547870317277732,0.6410261989456523,0.00721489771269539,0.0,0.0
hiro_no_challenge,5400,1.12,0.0,4779.78,13.665517157563906,1.04,1.7943913813528857e-17,0.027051851851851848,0.0013288624967991776,0.936940740740741,0.0015159652593890395,0.016974074074074075,0.00031255513776890724,0.019033333333333333,0.0006824841042135189,0.0,0.0,0.019033333333333333,0.0006824841042135189,0.6529148148148147,0.010236965621342835,0.4761800710429532,0.002528056186764217,0.6410356132085576,0.007127550634239337,0.0,0.0
hiro_no_challenge,5500,1.12,0.0,4870.28,13.71583443636275,1.04,1.7943913813528857e-17,0.026840000000000003,0.0012960689165828713,0.9373345454545455,0.0014738295881534303,0.016901818181818185,0.00029909448994365777,0.018923636363636365,0.0006713135624578287,0.0,0.0,0.018923636363636365,0.0006713135624578287,0.6539418181818182,0.010122575382101878,0.4762534738058895,0.002506034783018998,0.6411933519981767,0.007030428627772585,0.0,0.0
hiro_no_challenge,5600,1.12,0.0,4961.0,13.993584535895915,1.04,1.7943913813528857e-17,0.026525,0.001272876975792191,0.9378607142857143,0.0014577423486686657,0.01682142857142857,0.00029224496921672824,0.018792857142857146,0.0006680666093927981,0.0,0.0,0.018792857142857146,0.0006680666093927981,0.6553142857142856,0.010140285983807494,0.47640613133250137,0.002516479900623448,0.6410333584215061,0.007072388034506208,0.0,0.0
hiro_no_challenge,5700,1.12,0.0,5052.44,14.099563171696245,1.04,1.7943913813528857e-17,0.026308771929824566,0.001250261974670811,0.9382701754385966,0.0014210151476051567,0.016747368421052632,0.0002859432754264001,0.018673684210526315,0.000655591576612034,0.0,0.0,0.018673684210526315,0.000655591576612034,0.6567649122807019,0.009986126342564088,0.47659904166276656,0.0024778382883475654,0.6405815056412771,0.006989326485498363,0.0,0.0
hiro_no_challenge,5800,1.12,0.0,5142.8,14.042646416090768,1.04,1.7943913813528857e-17,0.026058620689655178,0.0012303049107866666,0.9387068965517241,0.0014042800558248557,0.01667931034482759,0.00028224537618339816,0.018555172413793102,0.0006470643522549632,0.0,0.0,0.018555172413793102,0.0006470643522549632,0.6569620689655171,0.009787685076165129,0.47651152414986186,0.002423559529906112,0.6408537039465595,0.00680971154301173,0.0,0.0
hiro_no_challenge,5900,1.12,0.0,5233.62,14.181934182009769,1.04,1.7943913813528857e-17,0.025793220338983056,0.0012102051469090164,0.9392915254237288,0.0013858485447942061,0.016528813559322036,0.0002802548123075472,0.018386440677966104,0.0006348858510419181,0.0,0.0,0.018386440677966104,0.0006348858510419181,0.6572644067796611,0.009821990859044578,0.4764487217805556,0.0024264124288812215,0.6409006944513962,0.006713716065156348,0.0,0.0
hiro_no_challenge,6000,1.12,0.0,5324.2,14.322837479682152,1.04,1.7943913813528857e-17,0.02556,0.001189197027056912,0.9397066666666666,0.0013580578369257223,0.016439999999999996,0.0002813862670645407,0.018293333333333335,0.0006285634920133872,0.0,0.0,0.018293333333333335,0.0006285634920133872,0.65793,0.009799809209582483,0.4764744274766686,0.0024149881741151636,0.6409527890646552,0.006642687143868357,0.0,0.0
hiro_no_challenge,6100,1.12,0.0,5415.24,14.223796100556422,1.04,1.7943913813528857e-17,0.02531803278688525,0.0011678850487351516,0.9401049180327868,0.0013334785208353925,0.016340983606557377,0.00028209945003467333,0.01823606557377049,0.0006185961794782938,0.0,0.0,0.01823606557377049,0.0006185961794782938,0.6582262295081968,0.009720686837928033,0.4764388456674746,0.002384967315972513,0.6410211972848063,0.006552514987349108,0.0,0.0
hiro_no_challenge,6200,1.12,0.0,5506.5,14.423938435808715,1.04,1.7943913813528857e-17,0.025125806451612904,0.0011500931362307745,0.9404483870967743,0.001307402509951167,0.016300000000000002,0.0002755902929284193,0.018125806451612908,0.0006134381436210039,0.0,0.0,0.018125806451612908,0.0006134381436210039,0.6594193548387096,0.009805029824861481,0.476589483006765,0.00240164468069757,0.6406034817545075,0.006571920333856947,0.0,0.0
hiro_no_challenge,6300,1.12,0.0,5598.52,14.744912370588255,1.04,1.7943913813528857e-17,0.024920634920634916,0.001136015949308057,0.9408349206349207,0.0012942885579863847,0.016225396825396823,0.00028140909329952516,0.018019047619047622,0.0006059683310836758,0.0,0.0,0.018019047619047622,0.0006059683310836758,0.6609079365079364,0.009826851345590257,0.47682538483149656,0.0024025784967076696,0.6397427076963074,0.006571435225379331,0.0,0.0
hiro_no_challenge,6400,1.12,0.0,5691.18,14.750847502459521,1.04,1.7943913813528857e-17,0.024674999999999992,0.0011224890487398155,0.9412625,0.001278219724173158,0.016156249999999997,0.0002784726816741195,0.01790625,0.0005954259376227051,0.0,0.0,0.01790625,0.0005954259376227051,0.662825,0.009646962832959927,0.4771373038392585,0.002355555717466424,0.6390222278886492,0.006483794024493099,0.0,0.0
hiro_no_challenge,6500,1.12,0.0,5783.28,14.693189870529427,1.04,1.7943913813528857e-17,0.024455384615384615,0.001108276141272277,0.9416953846153845,0.001264257818796226,0.016055384615384617,0.00027611114182039565,0.017793846153846157,0.000588873364272711,0.0,0.0,0.017793846153846157,0.000588873364272711,0.66428,0.009507240838122462,0.4773503167647955,0.002317779732550288,0.6383926523093958,0.006378401783502222,0.0,0.0
hiro_no_challenge,6600,1.12,0.0,5875.52,14.710602590357356,1.04,1.7943913813528857e-17,0.02425151515151515,0.0010892966335153778,0.942130303030303,0.0012427063498596166,0.015957575757575757,0.0002730514118588521,0.01766060606060606,0.0005803152615086292,0.0,0.0,0.01766060606060606,0.0005803152615086292,0.6657060606060605,0.009409038486863466,0.47756193646076694,0.002291897483002018,0.6378735727556039,0.00633925833347467,0.0,0.0
hiro_no_challenge,6700,1.12,0.0,5966.9,14.690584239781698,1.04,1.7943913813528857e-17,0.02402686567164179,0.0010675256114158023,0.9424865671641791,0.0012224801984929,0.01589850746268657,0.00027432474873142343,0.017588059701492537,0.0005746553074360482,0.0,0.0,0.017588059701492537,0.0005746553074360482,0.6666716417910448,0.009245117240890683,0.47768630192569156,0.0022478275701447547,0.6375513945787395,0.00626149308991488,0.0,0.0
hiro_no_challenge,6800,1.12,0.0,6058.94,14.735640814164876,1.04,1.7943913813528857e-17,0.023808823529411764,0.0010515141362215832,0.942885294117647,0.0012061669941928006,0.015805882352941177,0.0002737303860934785,0.0175,0.0005715830241090223,0.0,0.0,0.0175,0.0005715830241090223,0.6679676470588234,0.009092147366813238,0.4778982266028055,0.0022064501054076114,0.636855417218805,0.006156804995502245,0.0,0.0
hiro_no_challenge,6900,1.12,0.0,6150.28,14.70735037666679,1.04,1.7943913813528857e-17,0.02359710144927536,0.001040472601115253,0.9432840579710144,0.0011895710664832431,0.01573913043478261,0.0002689280808468657,0.017379710144927535,0.0005624895687546944,0.0,0.0,0.017379710144927535,0.0005624895687546944,0.6685101449275364,0.008910537291059265,0.4779194489786096,0.002161983632371817,0.6367665500883664,0.006070952931209058,0.0,0.0
hiro_no_challenge,7000,1.12,0.0,6242.24,14.69220423578853,1.04,1.7943913813528857e-17,0.023408571428571428,0.0010239124318294887,0.9436257142857144,0.0011800217421528098,0.01565714285714286,0.00027052942987437604,0.01730857142857143,0.0005608103852580162,0.0,0.0,0.01730857142857143,0.0005608103852580162,0.6697114285714285,0.00872800381791646,0.4780904435308802,0.0021132030233402214,0.6365332123452938,0.00593530176224509,0.0,0.0
hiro_no_challenge,7100,1.12,0.0,6335.74,14.704068852407026,1.04,1.7943913813528857e-17,0.023233802816901412,0.0010068806114330502,0.944025352112676,0.0011624213855943328,0.01552112676056338,0.00026501369538876386,0.017219718309859154,0.0005533134808478503,0.0,0.0,0.017219718309859154,0.0005533134808478503,0.6714366197183099,0.008665461290936495,0.4783870760697431,0.002092097633918433,0.6358360761417103,0.005859979751067168,0.0,0.0
hiro_no_challenge,7200,1.12,0.0,6427.98,15.037951716797561,1.04,1.7943913813528857e-17,0.023075000000000002,0.0009932771148112496,0.9443583333333333,0.001143710343448137,0.015450000000000002,0.00026410690361702177,0.017116666666666665,0.000549392687904382,0.0,0.0,0.017116666666666665,0.000549392687904382,0.6723194444444445,0.008689475235897935,0.4785080089504327,0.002089850862269791,0.6354458080892114,0.005845372948229273,0.0,0.0
hiro_no_challenge,7300,1.12,0.0,6519.72,15.34349666131936,1.04,1.7943913813528857e-17,0.02287397260273973,0.0009769733312758157,0.9447315068493148,0.0011239503149229853,0.015386301369863013,0.00026209769668430967,0.01700821917808219,0.00054227369575067,0.0,0.0,0.01700821917808219,0.00054227369575067,0.6728410958904111,0.00874231429174399,0.47854663854415547,0.002097742689774462,0.6350906265986673,0.005847818508231142,0.0,0.0
hiro_no_challenge,7400,1.12,0.0,6611.36,15.580227134128064,1.04,1.7943913813528857e-17,0.022675675675675678,0.0009665242567066505,0.9450864864864866,0.001112999308281295,0.015313513513513512,0.0002555109556396195,0.016924324324324322,0.0005394301888737099,0.0,0.0,0.016924324324324322,0.0005394301888737099,0.6735675675675674,0.008799873252724955,0.47863591628104823,0.0021104548094315902,0.6347023755069683,0.005871429918840715,0.0,0.0
hiro_no_challenge,7500,1.12,0.0,6703.9,15.869216767576352,1.04,1.7943913813528857e-17,0.022528000000000003,0.0009533249416880084,0.945384,0.0010917253149328847,0.015248,0.0002500905232936063,0.01684,0.0005308821221932409,0.0,0.0,0.01684,0.0005308821221932409,0.6747920000000001,0.008824903463656537,0.4788383329769674,0.002123453386383358,0.6340901429883439,0.005916934730552651,0.0,0.0
hiro_no_challenge,7600,1.12,0.0,6795.24,16.179012860581363,1.04,1.7943913813528857e-17,0.022342105263157896,0.0009423050631523276,0.9457315789473685,0.001074689405413164,0.015171052631578948,0.00024320867734994972,0.016755263157894735,0.0005246564874960297,0.0,0.0,0.016755263157894735,0.0005246564874960297,0.6751078947368421,0.008912981791602324,0.4788393826646186,0.00215285434707832,0.6339709798943062,0.005980918224727352,0.0,0.0
hiro_no_challenge,7700,1.12,0.0,6888.98,16.294771666809858,1.04,1.7943913813528857e-17,0.022199999999999998,0.000927075224649348,0.9460207792207792,0.0010544548405486778,0.015106493506493507,0.000243444271580374,0.016672727272727273,0.0005178331951355012,0.0,0.0,0.016672727272727273,0.0005178331951355012,0.6771896103896105,0.008856017923374497,0.47922617723761823,0.0021416987150362525,0.6331717740663012,0.005927468311665541,0.0,0.0
hiro_no_challenge,7800,1.12,0.0,6984.46,16.3333941134507,1.04,1.7943913813528857e-17,0.022023076923076923,0.0009143527054681438,0.9464,0.0010400533696983535,0.015002564102564103,0.0002429620931357572,0.016574358974358973,0.0005111044022691634,0.0,0.0,0.016574358974358973,0.0005111044022691634,0.6798487179487179,0.008738029547931445,0.47975086694290536,0.0021135635837085946,0.6319234450451892,0.005827689012428471,0.0,0.0
hiro_no_challenge,7900,1.12,0.0,7077.32,16.19091304732758,1.04,1.7943913813528857e-17,0.021832911392405063,0.0009020970336778054,0.9467544303797468,0.0010283068866767328,0.014918987341772154,0.00023935495110593031,0.01649367088607595,0.0005056343722435818,0.0,0.0,0.01649367088607595,0.0005056343722435818,0.6806683544303798,0.008538518887079473,0.4798662955315392,0.0020653888914349446,0.6314674659823855,0.005705584559302928,0.0,0.0
hiro_no_challenge,8000,1.12,0.0,7169.66,16.101352712852215,1.04,1.7943913813528857e-17,0.021679999999999998,0.0008908417253316308,0.9470675,0.0010145825144222767,0.0148525,0.0002368665020553104,0.016399999999999998,0.0004986844939335851,0.0,0.0,0.016399999999999998,0.0004986844939335851,0.6812025000000002,0.008376118483034772,0.4799180759817936,0.0020278841454807297,0.6312474768155202,0.005614459743024282,0.0,0.0
hiro_no_challenge,8100,1.12,0.0,7259.62,16.281851421576285,1.04,1.7943913813528857e-17,0.021496296296296295,0.0008788212372332874,0.947422222222222,0.00100541253635891,0.014762962962962962,0.00023722723745584176,0.016318518518518517,0.0004899785784795462,0.0,0.0,0.016318518518518517,0.0004899785784795462,0.6803061728395062,0.008395553199492077,0.4796503754718806,0.0020278641742157463,0.6317946412879902,0.0055964128361366315,0.0,0.0
hiro_no_challenge,8200,1.12,0.0,7349.46,16.47043634726742,1.04,1.7943913813528857e-17,0.02132439024390244,0.0008698458851597741,0.9477243902439024,0.0009985640238004852,0.014704878048780488,0.00023251385655279844,0.016246341463414634,0.00048643773077137336,0.0,0.0,0.016246341463414634,0.00048643773077137336,0.6797999999999998,0.008395807680999137,0.47947048094730316,0.002018393289929026,0.6322038874494393,0.005527740681250985,0.0,0.0
hiro_no_challenge,8300,1.12,0.0,7440.36,16.47111906536123,1.04,1.7943913813528857e-17,0.021166265060240965,0.0008594997629881005,0.9479951807228916,0.0009927543738045184,0.014669879518072288,0.00023231490643864662,0.01616867469879518,0.00047961085577263423,0.0,0.0,0.01616867469879518,0.00047961085577263423,0.6800216867469879,0.008273939957520769,0.47946024353791666,0.0019871683896724502,0.6321881375818765,0.005422690605480346,0.0,0.0
hiro_no_challenge,8400,1.12,0.0,7534.52,16.448937438544252,1.04,1.7943913813528857e-17,0.021011904761904766,0.0008510830088396679,0.9483190476190475,0.0009845727957702069,0.01458809523809524,0.00022974195142894308,0.01608095238095238,0.00047595766903839326,0.0,0.0,0.01608095238095238,0.00047595766903839326,0.6818285714285715,0.008199950703544614,0.4798123405575893,0.001964021895202883,0.6313334593494896,0.00532751802579755,0.0,0.0
hiro_no_challenge,8500,1.12,0.0,7627.96,16.590431468968205,1.04,1.7943913813528857e-17,0.020865882352941175,0.0008397023492334894,0.94864,0.00097408934547215,0.014512941176470588,0.00022759951546368713,0.015981176470588235,0.00047014817359404705,0.0,0.0,0.015981176470588235,0.00047014817359404705,0.6831670588235293,0.008249435185335824,0.48004255710013594,0.001966145606132208,0.6307761390141217,0.005267966998590889,0.0,0.0
hiro_no_challenge,8600,1.12,0.0,7721.38,16.88684767769864,1.04,1.7943913813528857e-17,0.02073953488372093,0.0008266736759830222,0.948918604651163,0.0009573022108378441,0.014462790697674416,0.0002228611941142572,0.01587906976744186,0.0004630132808242831,0.0,0.0,0.01587906976744186,0.0004630132808242831,0.6844651162790697,0.008320063237726992,0.4802638441699032,0.0019754927145399894,0.6304095029499868,0.005255331466382861,0.0,0.0
hiro_no_challenge,8700,1.12,0.0,7816.28,16.88324951796052,1.04,1.7943913813528857e-17,0.02059540229885058,0.0008146597139611138,0.9492275862068966,0.0009457731245095932,0.014386206896551724,0.00022211499215350224,0.015790804597701148,0.0004590880467389194,0.0,0.0,0.015790804597701148,0.0004590880467389194,0.6864574712643678,0.008220618448799248,0.48066036648563526,0.0019478491436694713,0.6294788095415423,0.005165610359299549,0.0,0.0
hiro_no_challenge,8800,1.12,0.0,7910.48,16.675540929940546,1.04,1.7943913813528857e-17,0.02046363636363636,0.00080720084212527,0.9494931818181818,0.0009279650753899789,0.014338636363636366,0.00021962287898314543,0.015704545454545457,0.0004514505023590996,0.0,0.0,0.015704545454545457,0.0004514505023590996,0.6881545454545455,0.008061125739428585,0.480996947776376,0.0019097778265172848,0.6285039046409018,0.005080764643596888,0.0,0.0
hiro_no_challenge,8900,1.12,0.0,8003.5,16.850077211716755,1.04,1.7943913813528857e-17,0.020321348314606743,0.0008007041594899645,0.9498157303370786,0.0009224425133311111,0.01426741573033708,0.00021703177910968873,0.015595505617977528,0.00044721993271605885,0.0,0.0,0.015595505617977528,0.00044721993271605885,0.6890337078651685,0.008043638980598898,0.4811449586899088,0.0019057814317564763,0.6279457633811251,0.005089674907790872,0.0,0.0
hiro_no_challenge,9000,1.12,0.0,8096.86,17.14585711845665,1.04,1.7943913813528857e-17,0.020182222222222223,0.0007908124484011576,0.9501244444444445,0.0009083173804308943,0.01419111111111111,0.0002169682766124703,0.015502222222222221,0.00044211680736315105,0.0,0.0,0.015502222222222221,0.00044211680736315105,0.6899422222222222,0.008061072152819404,0.4813031943328848,0.001912722737667995,0.6272891643866108,0.0051340665349077245,0.0,0.0
hiro_no_challenge,9100,1.12,0.0,8189.26,17.198073219084154,1.04,1.7943913813528857e-17,0.020052747252747253,0.0007756896683772332,0.9503956043956043,0.0008940038696788242,0.014114285714285716,0.00021552645095799814,0.015437362637362635,0.00043799046831303443,0.0,0.0,0.015437362637362635,0.00043799046831303443,0.6904395604395605,0.007980760883532346,0.48137474788116486,0.001891004304299942,0.6268545356551192,0.005085419045113319,0.0,0.0
hiro_no_challenge,9200,1.12,0.0,8281.98,17.236707152742017,1.04,1.7943913813528857e-17,0.019923913043478264,0.0007665603510530944,0.9506913043478261,0.0008808811185848398,0.014041304347826087,0.00021165205762198794,0.015343478260869564,0.0004332310380890553,0.0,0.0,0.015343478260869564,0.0004332310380890553,0.6910217391304349,0.007897966149279578,0.4814566224646796,0.0018668039948557076,0.6262926367945341,0.005025658215439025,0.0,0.0
hiro_no_challenge,9300,1.12,0.0,8373.14,17.371945715986556,1.04,1.7943913813528857e-17,0.019793548387096776,0.0007562088262703881,0.9509763440860215,0.0008682466834498174,0.013980645161290321,0.00020925899180317722,0.015249462365591398,0.0004273743529319886,0.0,0.0,0.015249462365591398,0.0004273743529319886,0.6905010752688173,0.00791534608237783,0.4812816122045813,0.0018714000277631638,0.626530407646714,0.005061203910087066,0.0,0.0
hiro_no_challenge,9400,1.12,0.0,8463.44,17.48856559385624,1.04,1.7943913813528857e-17,0.019670212765957443,0.0007481912792918938,0.9512170212765958,0.0008597266452569757,0.013944680851063828,0.00020917154908855676,0.01516808510638298,0.00042572824389754924,0.0,0.0,0.01516808510638298,0.00042572824389754924,0.6900468085106384,0.007965240980988528,0.48112357592655486,0.0018830150335802053,0.6267586839240686,0.005097090303027305,0.0,0.0
hiro_no_challenge,9500,1.12,0.0,8555.04,17.675786735947394,1.04,1.7943913813528857e-17,0.019545263157894736,0.0007383776542472739,0.9514947368421052,0.0008472613364764514,0.013873684210526314,0.00020662332676472383,0.015086315789473684,0.00042161552063271665,0.0,0.0,0.015086315789473684,0.00042161552063271665,0.6902147368421052,0.008036057561502207,0.48110907031557887,0.001894547667168918,0.626581162825583,0.0051272978901888665,0.0,0.0
hiro_no_challenge,9600,1.12,0.0,8648.14,17.897486085013874,1.04,1.7943913813528857e-17,0.019416666666666665,0.0007321307587076266,0.9518145833333332,0.0008395552695297906,0.013775000000000003,0.00020580007442885106,0.014993750000000002,0.00041809290340627026,0.0,0.0,0.014993750000000002,0.00041809290340627026,0.6910729166666667,0.008098666690124868,0.481246212341485,0.001908113486349072,0.6260250165159735,0.005153775403506247,0.0,0.0
hiro_no_challenge,9700,1.12,0.0,8740.92,18.132164228018578,1.04,1.7943913813528857e-17,0.019290721649484536,0.0007254843255813776,0.9520989690721648,0.0008263384511879944,0.013703092783505155,0.00020406738613429763,0.014907216494845362,0.00041449066069453684,0.0,0.0,0.014907216494845362,0.00041449066069453684,0.6917010309278351,0.008152851033979312,0.4813449271036107,0.0019212831802130016,0.6254831813670714,0.005196502978683771,0.0,0.0
hiro_no_challenge,9800,1.12,0.0,8834.48,18.482451467402747,1.04,1.7943913813528857e-17,0.019148979591836736,0.0007191103201357446,0.9523959183673469,0.0008189215313839108,0.013638775510204083,0.00019920474451742124,0.014816326530612245,0.0004111717530102563,0.0,0.0,0.014816326530612245,0.0004111717530102563,0.6927693877551022,0.008193850455582087,0.4815416509455528,0.0019337811826937925,0.6246897251911872,0.005259947502508203,0.0,0.0
hiro_no_challenge,9900,1.12,0.0,8928.18,18.83216289181021,1.04,1.7943913813528857e-17,0.019024242424242426,0.0007125190448274563,0.952670707070707,0.0008140582876947377,0.013567676767676768,0.00019538559255293463,0.014737373737373738,0.00040964216125080773,0.0,0.0,0.014737373737373738,0.00040964216125080773,0.6934888888888888,0.008240504164982567,0.48165498624226133,0.0019489222857063393,0.6241650044259082,0.0053614692438145916,0.0,0.0
hiro_no_challenge,10000,1.12,0.0,9021.52,19.20472390866797,1.04,1.7943913813528857e-17,0.018908,0.0007030652421318221,0.9529660000000001,0.0008041505088081011,0.013482000000000001,0.0001929299333532085,0.014643999999999999,0.00040807322272116904,0.0,0.0,0.014643999999999999,0.00040807322272116904,0.694118,0.008304278557908985,0.48175777328330865,0.0019625468395781625,0.6235601796905703,0.0054303949095823,0.0,0.0
hiro_no_challenge,10100,1.12,0.0,9113.74,19.647356575584492,1.04,1.7943913813528857e-17,0.01877623762376238,0.0006981183750039721,0.9532673267326733,0.0007983135135701498,0.013413861386138613,0.00019046489339622714,0.014542574257425743,0.0004037206250411431,0.0,0.0,0.014542574257425743,0.0004037206250411431,0.6942910891089109,0.008395794463189875,0.481752554030334,0.0019862087774931898,0.6232006771220657,0.005494013544970024,0.0,0.0
hiro_no_challenge,10200,1.12,0.0,9205.62,20.02516559589101,1.04,1.7943913813528857e-17,0.018672549019607843,0.0006904816449691093,0.9534980392156863,0.000793777635824314,0.013343137254901962,0.000186442922120452,0.01448627450980392,0.0004008789940389175,0.0,0.0,0.01448627450980392,0.0004008789940389175,0.6943960784313725,0.00843932238255391,0.48172606377826327,0.001998437395632249,0.6231638698761595,0.005520954360628808,0.0,0.0
hiro_no_challenge,10300,1.12,0.0,9298.96,20.09081341492846,1.04,1.7943913813528857e-17,0.018539805825242717,0.0006838890555748246,0.9537864077669903,0.0007832692191121715,0.01327378640776699,0.0001887296774780033,0.0144,0.0003944580019112111,0.0,0.0,0.0144,0.0003944580019112111,0.6951339805825243,0.00839082524429746,0.4818561414058193,0.0019917568490018787,0.6223449798883031,0.0055223004066541565,0.0,0.0
hiro_no_challenge,10400,1.12,0.0,9394.26,20.246437025928735,1.04,1.7943913813528857e-17,0.018434615384615383,0.0006756345217674902,0.9540153846153845,0.0007714770968739707,0.013221153846153846,0.00018572424220660968,0.014328846153846154,0.00038933999637054954,0.0,0.0,0.014328846153846154,0.00038933999637054954,0.6967615384615385,0.008346056832662194,0.48220165352563904,0.0019817883009816367,0.6209508211364192,0.005501588764846278,0.0,0.0
hiro_no_challenge,10500,1.12,0.0,9490.64,20.426628479032175,1.04,1.7943913813528857e-17,0.018354285714285715,0.0006719548144856501,0.9542590476190475,0.0007669176200471136,0.01314095238095238,0.00018502380924243143,0.014245714285714283,0.00038381904894772763,0.0,0.0,0.014245714285714283,0.00038381904894772763,0.6987314285714287,0.008317289986064921,0.48260842513039875,0.001977175008750124,0.6195319235506446,0.0055116821734205014,0.0,0.0
hiro_no_challenge,10600,1.12,0.0,9587.26,20.491806426282793,1.04,1.7943913813528857e-17,0.018233962264150944,0.0006661993213252812,0.9545283018867924,0.0007584763895785703,0.013077358490566038,0.00018401808933480538,0.014160377358490565,0.00037975987938021954,0.0,0.0,0.014160377358490565,0.00037975987938021954,0.7008150943396225,0.008246901414803538,0.4830442273141049,0.001966243221646855,0.6180663524722554,0.00552391545335841,0.0,0.0
hiro_no_challenge,10700,1.12,0.0,9682.74,20.552467650640207,1.04,1.7943913813528857e-17,0.018100934579439253,0.0006585585272922066,0.9548168224299064,0.0007513413738418745,0.013001869158878505,0.00018235206563854868,0.0140803738317757,0.00037945052687817437,0.0,0.0,0.0140803738317757,0.00037945052687817437,0.7022205607476637,0.008190193601572894,0.48333136884975275,0.0019576126015148523,0.6168368365689828,0.005568203028735171,0.0,0.0
hiro_no_challenge,10800,1.12,0.0,9777.54,20.909215037140626,1.04,1.7943913813528857e-17,0.017992592592592595,0.000653264762625525,0.9550629629629629,0.0007442962665073101,0.012938888888888889,0.00018024029107345857,0.014005555555555556,0.0003759482658896812,0.0,0.0,0.014005555555555556,0.0003759482658896812,0.7034537037037036,0.008245182226025766,0.4835798340286857,0.0019724541715521807,0.6156516857412866,0.005634359401915657,0.0,0.0
hiro_no_challenge,10900,1.12,0.0,9872.28,21.216898155643268,1.04,1.7943913813528857e-17,0.017880733944954128,0.0006460326538217644,0.9553522935779816,0.000734920761162523,0.012855045871559636,0.0001790061561772909,0.013911926605504587,0.0003713256132211744,0.0,0.0,0.013911926605504587,0.0003713256132211744,0.7043871559633028,0.008276296500716483,0.48374601424948976,0.001982054932548415,0.6148233895687565,0.005672118986502658,0.0,0.0
hiro_no_challenge,11000,1.12,0.0,9967.06,21.331387432511704,1.04,1.7943913813528857e-17,0.017778181818181818,0.000640148616578318,0.9556181818181818,0.0007312599421907298,0.01278181818181818,0.00017660427704217739,0.01382181818181818,0.00036810757628901033,0.0,0.0,0.01382181818181818,0.00036810757628901033,0.7054727272727273,0.00824634746930932,0.48395661250556543,0.001975848767188759,0.6138523246845523,0.00564178949975213,0.0,0.0
hiro_no_challenge,11100,1.12,0.0,10062.88,21.406229114394698,1.04,1.7943913813528857e-17,0.017664864864864866,0.0006321251431859309,0.955872072072072,0.0007229405509251744,0.012724324324324323,0.00017700006625020112,0.013738738738738739,0.0003662621154811678,0.0,0.0,0.013738738738738739,0.0003662621154811678,0.7070180180180179,0.008208572199029544,0.4842720915999099,0.0019670457574351235,0.612727018833333,0.005607016616510749,0.0,0.0
hiro_no_challenge,11200,1.12,0.0,10159.58,21.62519486758962,1.04,1.7943913813528857e-17,0.01754821428571428,0.0006263220606998317,0.9561410714285715,0.0007131016516144055,0.012664285714285715,0.00017502602888476904,0.01364642857142857,0.0003630377210733284,0.0,0.0,0.01364642857142857,0.0003630377210733284,0.7088839285714286,0.008214505261516528,0.4846673101255666,0.0019665888389548175,0.6113465769019616,0.005609936852093031,0.0,0.0
hiro_no_challenge,11300,1.12,0.0,10256.32,21.80116903811746,1.04,1.7943913813528857e-17,0.017431858407079646,0.0006207859785370003,0.9563823008849558,0.0007076061942698683,0.012610619469026547,0.0001745039252135627,0.013575221238938052,0.0003607445123036522,0.0,0.0,0.013575221238938052,0.0003607445123036522,0.7108176991150442,0.00820061314311718,0.48507840848399425,0.0019629779000888722,0.6097247065076313,0.005616878576878276,0.0,0.0
hiro_no_challenge,11400,1.12,0.0,10352.0,21.94821363192579,1.04,1.7943913813528857e-17,0.017326315789473683,0.0006162776296816231,0.9566192982456141,0.0007033914399836144,0.012552631578947366,0.00017324533077698272,0.013501754385964912,0.00035772796462573645,0.0,0.0,0.013501754385964912,0.00035772796462573645,0.7120491228070176,0.008193996997746453,0.4853331832421472,0.0019611261086677485,0.6083842796213679,0.00564545622070068,0.0,0.0
hiro_no_challenge,11500,1.12,0.0,10447.86,22.08724832964736,1.04,1.7943913813528857e-17,0.01721391304347826,0.0006112051704204996,0.9568800000000002,0.0006958812400147502,0.01247478260869565,0.0001726879655445792,0.013431304347826087,0.00035592357898052033,0.0,0.0,0.013431304347826087,0.00035592357898052033,0.7133113043478261,0.008179778084236103,0.4855909595085657,0.001958049417977765,0.6070818704943837,0.005668260250796407,0.0,0.0
hiro_no_challenge,11600,1.12,0.0,10543.92,22.273528536569764,1.04,1.7943913813528857e-17,0.017105172413793102,0.0006091172843925419,0.9571396551724137,0.0006915337275632995,0.012398275862068965,0.00017207373219794127,0.013356896551724139,0.00035410984925324273,0.0,0.0,0.013356896551724139,0.00035410984925324273,0.7145775862068966,0.00816620155498489,0.4858545165519002,0.0019539171773192677,0.6058592376664748,0.00567196675826808,0.0,0.0
hiro_no_challenge,11700,1.12,0.0,10639.42,22.34548924941941,1.04,1.7943913813528857e-17,0.017003418803418803,0.000603606544534266,0.957382905982906,0.0006868189499147715,0.012333333333333333,0.00017254177311682283,0.013280341880341882,0.0003527818017129495,0.0,0.0,0.013280341880341882,0.0003527818017129495,0.7157111111111111,0.0081036634773899,0.4860823746502171,0.0019385224304337644,0.6048542923376014,0.005617859067771944,0.0,0.0
hiro_no_challenge,11800,1.12,0.0,10735.36,22.363541028802636,1.04,1.7943913813528857e-17,0.016886440677966102,0.0005997359724878939,0.9576355932203389,0.0006812151910000097,0.012259322033898307,0.000171701435348577,0.01321864406779661,0.0003487312459961071,0.0,0.0,0.01321864406779661,0.0003487312459961071,0.7169559322033898,0.008034677216107672,0.48634508987997654,0.0019231820425579162,0.6035792199445508,0.00558927553307621,0.0,0.0
hiro_no_challenge,11900,1.12,0.0,10831.64,22.445867034685374,1.04,1.7943913813528857e-17,0.016776470588235295,0.0005932790113188056,0.9578773109243697,0.0006765675038241263,0.012193277310924368,0.00017016780257055796,0.01315294117647059,0.0003469386924319802,0.0,0.0,0.01315294117647059,0.0003469386924319802,0.7182252100840336,0.007987230072713097,0.48660998101213304,0.0019142484292877801,0.602337802733879,0.005576286252229891,0.0,0.0
hiro_no_challenge,12000,1.12,0.0,10927.98,22.504539043291256,1.04,1.7943913813528857e-17,0.016681666666666664,0.0005875681559346802,0.9581083333333333,0.0006685061781345637,0.012126666666666666,0.0001692694721295347,0.013083333333333334,0.00034488487677961836,0.0,0.0,0.013083333333333334,0.00034488487677961836,0.7194633333333332,0.007929500217299013,0.48687042523618573,0.0019015797352768392,0.6011100211064925,0.005548176873299078,0.0,0.0
hiro_no_challenge,12100,1.12,0.0,11022.72,22.73540868696372,1.04,1.7943913813528857e-17,0.0165900826446281,0.000582191084365455,0.9583090909090908,0.00066469457555383,0.012071074380165287,0.00016487399345477703,0.0130297520661157,0.00034163995010100734,0.0,0.0,0.0130297520661157,0.00034163995010100734,0.7203586776859505,0.007930723920079383,0.4870540852727664,0.0019009858776188474,0.6001500501724145,0.005559295527744731,0.0,0.0
hiro_no_challenge,12200,1.12,0.0,11117.82,22.842275343256475,1.04,1.7943913813528857e-17,0.01648032786885246,0.0005759001246318657,0.9585524590163934,0.0006600253350003586,0.012006557377049178,0.0001639551676406983,0.012960655737704918,0.00034018068217084405,0.0,0.0,0.012960655737704918,0.00034018068217084405,0.7211295081967215,0.007905629905256962,0.487207833670972,0.0018951171255566742,0.5992806249684697,0.005535634863535439,0.0,0.0
hiro_no_challenge,12300,1.12,0.0,11213.48,22.7133735665909,1.04,1.7943913813528857e-17,0.016383739837398374,0.0005713636026256629,0.9587837398373984,0.0006535801119677082,0.011946341463414636,0.00016040342572705272,0.01288617886178862,0.0003377315488121061,0.0,0.0,0.01288617886178862,0.0003377315488121061,0.7223235772357723,0.007822934870614062,0.48746005714792773,0.0018750987293403732,0.5981900329846135,0.005489042444172369,0.0,0.0
hiro_no_challenge,12400,1.12,0.0,11309.4,22.82612180670851,1.04,1.7943913813528857e-17,0.016277419354838712,0.0005654199479644463,0.9590435483870968,0.0006507371379097501,0.011872580645161293,0.00015855632132263326,0.012806451612903225,0.00033533856426802523,0.0,0.0,0.012806451612903225,0.00033533856426802523,0.7233629032258064,0.0078063751873309415,0.48767112235518384,0.0018681170674601619,0.5971912520890234,0.005470328580330652,0.0,0.0
hiro_no_challenge,12500,1.12,0.0,11405.12,22.820964940517445,1.04,1.7943913813528857e-17,0.0161712,0.000560582833726995,0.9592751999999999,0.0006448688675432633,0.011816,0.0001569380483515969,0.012737599999999998,0.0003329799356583222,0.0,0.0,0.012737599999999998,0.0003329799356583222,0.7244303999999999,0.007749236849641179,0.48789298090857647,0.0018537066446577476,0.5961243431069216,0.005435026364398582,0.0,0.0
hiro_no_challenge,12600,1.12,0.0,11501.64,22.76950628201083,1.04,1.7943913813528857e-17,0.016076190476190477,0.0005549821651126756,0.959511111111111,0.0006389061821738495,0.011747619047619048,0.00015498480538357476,0.012665079365079365,0.0003290177545077946,0.0,0.0,0.012665079365079365,0.0003290177545077946,0.7256777777777776,0.007660794685072336,0.4881623835202253,0.0018324673074799846,0.5948029994910706,0.005392015555350394,0.0,0.0
hiro_no_challenge,12700,1.12,0.0,11597.9,22.774211158183963,1.04,1.7943913813528857e-17,0.015981102362204725,0.0005493229162964854,0.9597496062992127,0.0006355194356398765,0.011678740157480313,0.00015338463228445603,0.01259055118110236,0.0003281448333961606,0.0,0.0,0.01259055118110236,0.0003281448333961606,0.7268204724409449,0.007600259600274548,0.4883973024669225,0.0018191460001953596,0.5937033284817598,0.005345856252250797,0.0,0.0
hiro_no_challenge,12800,1.12,0.0,11693.24,22.869149703547468,1.04,1.7943913813528857e-17,0.0158734375,0.00054535452808628,0.9599859374999999,0.0006320539829196682,0.0116140625,0.0001534930564660526,0.012526562499999998,0.00032710307640325626,0.0,0.0,0.012526562499999998,0.00032710307640325626,0.7275937499999999,0.007587191806730428,0.4885596401822939,0.0018174267407204975,0.5926693492686426,0.0053509140470391564,0.0,0.0
hiro_no_challenge,12900,1.12,0.0,11788.98,22.937777235159377,1.04,1.7943913813528857e-17,0.015765891472868217,0.0005406971045479455,0.9602418604651162,0.0006279280310375783,0.01154418604651163,0.00015277319523460115,0.012448062015503875,0.00032379929781623933,0.0,0.0,0.012448062015503875,0.00032379929781623933,0.7284542635658915,0.007567819294902874,0.48873907933427546,0.0018126909802763768,0.5916141362409213,0.005362152596937184,0.0,0.0
hiro_no_challenge,13000,1.12,0.0,11885.76,23.029361205882815,1.04,1.7943913813528857e-17,0.015676923076923078,0.0005350463573526715,0.9604815384615385,0.0006228232132646342,0.011473846153846154,0.00015195636819032948,0.012367692307692309,0.0003225778458144836,0.0,0.0,0.012367692307692309,0.0003225778458144836,0.7296815384615385,0.007549592272771182,0.4889920445015846,0.0018070984619695516,0.5906599851266923,0.005361313909105031,0.0,0.0
hiro_no_challenge,13100,1.12,0.0,11982.42,23.024247910338673,1.04,1.7943913813528857e-17,0.015578625954198472,0.0005291530040460401,0.9607175572519082,0.0006158413113057764,0.011401526717557254,0.00015024967655398284,0.01230229007633588,0.00031873844098881566,0.0,0.0,0.01230229007633588,0.00031873844098881566,0.7309923664122138,0.007503345375284225,0.48927373839339094,0.001795563213568046,0.5894886952950295,0.0053459359682653486,0.0,0.0
hiro_no_challenge,13200,1.12,0.0,12080.0,23.039433808235863,1.04,1.7943913813528857e-17,0.015472727272727273,0.0005250314894164388,0.9609636363636365,0.0006123094673072207,0.011336363636363636,0.00014923704820657248,0.012227272727272727,0.0003167429254862077,0.0,0.0,0.012227272727272727,0.0003167429254862077,0.7323378787878788,0.007464200903732136,0.4895673052832627,0.001785474019644814,0.5880985480055663,0.005305310806448332,0.0,0.0
hiro_no_challenge,13300,1.12,0.0,12177.38,23.252384385086977,1.04,1.7943913813528857e-17,0.015365413533834589,0.0005214521767284387,0.9612090225563911,0.0006074884111164306,0.011267669172932331,0.00014765077090594,0.012157894736842107,0.0003151988895027514,0.0,0.0,0.012157894736842107,0.0003151988895027514,0.7337142857142857,0.007490505927424425,0.48986498196477596,0.0017892932760152007,0.5867414859063106,0.005321079996600517,0.0,0.0
hiro_no_challenge,13400,1.12,0.0,12274.4,23.602438476581533,1.04,1.7943913813528857e-17,0.015280597014925372,0.0005191429601105173,0.9614328358208956,0.0006036789209104094,0.011198507462686566,0.00014834340112819416,0.012088059701492538,0.00031255035827942965,0.0,0.0,0.012088059701492538,0.00031255035827942965,0.7349343283582089,0.007538434830311548,0.4901229804869031,0.0017990584489781336,0.5855864249769208,0.005358007202240046,0.0,0.0
hiro_no_challenge,13500,1.12,0.0,12371.88,23.81873109593389,1.04,1.7943913813528857e-17,0.01517777777777778,0.0005165506335135862,0.9616770370370369,0.0006007293235431498,0.011127407407407409,0.00014721231254411656,0.012017777777777778,0.00031000458297548517,0.0,0.0,0.012017777777777778,0.00031000458297548517,0.7362355555555555,0.007564836737252568,0.49040565652943185,0.0018039117115423646,0.5841745883140917,0.005387502488963091,0.0,0.0
hiro_no_challenge,13600,1.12,0.0,12469.62,24.066046706545563,1.04,1.7943913813528857e-17,0.01508235294117647,0.0005139663697924148,0.9619102941176471,0.000597501632080581,0.01105441176470588,0.00014634596128887872,0.011952941176470588,0.0003090389690422485,0.0,0.0,0.011952941176470588,0.0003090389690422485,0.7374794117647059,0.007601858182611879,0.4906766774115942,0.0018115559333889758,0.5827712259813836,0.005427596169932104,0.0,0.0
hiro_no_challenge,13700,1.12,0.0,12567.74,24.165886058234896,1.04,1.7943913813528857e-17,0.01498832116788321,0.0005095237087506753,0.9621459854014599,0.0005929368249681179,0.010986861313868612,0.00014465714824490945,0.011878832116788323,0.00030748877894405826,0.0,0.0,0.011878832116788323,0.00030748877894405826,0.7389386861313869,0.007579715784016109,0.4909977734969986,0.0018061165100060977,0.5812797050971019,0.005408001124541159,0.0,0.0
hiro_no_challenge,13800,1.12,0.0,12665.56,24.276706901043717,1.04,1.7943913813528857e-17,0.014888405797101448,0.000505469529145457,0.9623826086956523,0.0005878956268258228,0.0109231884057971,0.00014401978359062195,0.011805797101449276,0.00030519059101879407,0.0,0.0,0.011805797101449276,0.00030519059101879407,0.7403405797101449,0.007575185782490469,0.49130165455004066,0.0018040824690215864,0.5797926395000027,0.00539488029332824,0.0,0.0
hiro_no_challenge,13900,1.12,0.0,12764.32,24.341908767575717,1.04,1.7943913813528857e-17,0.01479568345323741,0.0005011438872432424,0.9626172661870505,0.0005820251595208771,0.010854676258992805,0.00014315834772160403,0.011732374100719424,0.0003026950228401405,0.0,0.0,0.011732374100719424,0.0003026950228401405,0.7418935251798561,0.007566287714501524,0.4916457299210732,0.0018025999712965894,0.5781241089686837,0.005404821461728104,0.0,0.0
hiro_no_challenge,14000,1.12,0.0,12862.36,24.520241700709732,1.04,1.7943913813528857e-17,0.014708571428571428,0.0004967484444628068,0.9628385714285714,0.000576594036605244,0.010794285714285711,0.00014242851148195515,0.01165857142857143,0.00030081307283705435,0.0,0.0,0.01165857142857143,0.00030081307283705435,0.7432500000000001,0.007560796002621206,0.4919414602836568,0.0018031624962091743,0.5766694091182614,0.005430459780625815,0.0,0.0
hiro_no_challenge,14100,1.12,0.0,12960.82,24.598634274350786,1.04,1.7943913813528857e-17,0.014614184397163124,0.0004936313701679174,0.963072340425532,0.0005731019495798091,0.010724822695035463,0.00014075847493730714,0.011588652482269502,0.0002982511771910694,0.0,0.0,0.011588652482269502,0.0002982511771910694,0.7447134751773049,0.007533085853536857,0.4922641921055087,0.0017984819319606677,0.5751503318548735,0.00544120600427,0.0,0.0
hiro_no_challenge,14200,1.12,0.0,13058.9,24.70652644504265,1.04,1.7943913813528857e-17,0.014515492957746479,0.0004902592754206439,0.9633028169014084,0.0005697940817492902,0.010656338028169015,0.00013960999148513597,0.011525352112676055,0.00029609346482266624,0.0,0.0,0.011525352112676055,0.00029609346482266624,0.7460112676056339,0.0075183045282326555,0.4925502068796731,0.001795904238770653,0.5736422777396377,0.00543599677354804,0.0,0.0
hiro_no_challenge,14300,1.12,0.0,13157.18,24.7678311772446,1.04,1.7943913813528857e-17,0.014423776223776224,0.00048622851340428204,0.9635258741258741,0.000565208915625255,0.010590209790209793,0.00013771959794450588,0.011460139860139862,0.0002940027182963965,0.0,0.0,0.011460139860139862,0.0002940027182963965,0.747434965034965,0.007469282001811234,0.49286378555251303,0.0017856682134353176,0.5721187064088553,0.005413557887804726,0.0,0.0
hiro_no_challenge,14400,1.12,0.0,13255.8,24.787785010248204,1.04,1.7943913813528857e-17,0.014334722222222223,0.00048358222180218147,0.9637486111111112,0.0005605623663819038,0.010530555555555557,0.00013681501544235305,0.01138611111111111,0.00029206430080978434,0.0,0.0,0.01138611111111111,0.00029206430080978434,0.7488791666666667,0.007418233422736003,0.4931808515770655,0.0017746256888442004,0.5706453221309825,0.005400770650444537,0.0,0.0
hiro_no_challenge,14500,1.12,0.0,13353.8,24.827502853875245,1.04,1.7943913813528857e-17,0.01424689655172414,0.0004796687687254123,0.963968275862069,0.0005565803522099137,0.01046896551724138,0.0001362173630163891,0.011315862068965519,0.0002898216069540189,0.0,0.0,0.011315862068965519,0.0002898216069540189,0.7501310344827588,0.007380714316578802,0.4934549854648899,0.0017652928184460747,0.5691454276745782,0.005394333279816701,0.0,0.0
hiro_no_challenge,14600,1.12,0.0,13451.68,24.922777713962617,1.04,1.7943913813528857e-17,0.014163013698630138,0.00047786105286862007,0.9641849315068493,0.0005536025049367286,0.010406849315068493,0.000135417491448794,0.011245205479452056,0.0002875759656942411,0.0,0.0,0.011245205479452056,0.0002875759656942411,0.7512082191780823,0.007374141686831923,0.49368901973739726,0.0017613466472083043,0.5677713508608232,0.005398000162205752,0.0,0.0
hiro_no_challenge,14700,1.12,0.0,13549.38,25.05389928509642,1.04,1.7943913813528857e-17,0.014076190476190475,0.00047563022118262153,0.9643959183673471,0.0005513755640588189,0.010351020408163264,0.00013415810210268104,0.011176870748299319,0.00028570271622649113,0.0,0.0,0.011176870748299319,0.00028570271622649113,0.7523292517006803,0.007362764296789725,0.4939339486548156,0.0017573601114412145,0.5663621110191748,0.0054045288989646,0.0,0.0
hiro_no_challenge,14800,1.12,0.0,13647.4,25.110449893969466,1.04,1.7943913813528857e-17,0.013997297297297297,0.00047347448000164936,0.9645986486486485,0.0005497200771353328,0.010293243243243242,0.000132905068559101,0.01111081081081081,0.00028437518813357183,0.0,0.0,0.01111081081081081,0.00028437518813357183,0.753489189189189,0.007332435105919427,0.49418817653951536,0.0017496212391265582,0.5649511439146094,0.005395047430905784,0.0,0.0
hiro_no_challenge,14900,1.12,0.0,13744.88,25.26330952514467,1.04,1.7943913813528857e-17,0.013914093959731547,0.0004702971116647644,0.964793288590604,0.0005460834728003293,0.010240268456375838,0.00013225630076135465,0.011052348993288592,0.00028271567305886266,0.0,0.0,0.011052348993288592,0.00028271567305886266,0.7545785234899328,0.007339440389738963,0.49442409977426094,0.0017497095352503392,0.5636945830970355,0.0054149664729830765,0.0,0.0
hiro_no_challenge,15000,1.12,0.0,13842.56,25.40509606599528,1.04,1.7943913813528857e-17,0.013825333333333332,0.00046771850363167775,0.965,0.0005428838756993346,0.010185333333333334,0.00013183223035908648,0.010989333333333334,0.0002810886513752784,0.0,0.0,0.010989333333333334,0.0002810886513752784,0.7557560000000001,0.007332309046586111,0.4946836764850269,0.001747053167763493,0.5622762209443117,0.005426328005668066,0.0,0.0
hiro_no_challenge,15100,1.12,0.0,13941.02,25.44154548636332,1.04,1.7943913813528857e-17,0.013748344370860928,0.000465199020643267,0.9651907284768213,0.0005401274074088076,0.010133774834437089,0.00013176590293859675,0.010927152317880795,0.00027921841809947726,0.0,0.0,0.010927152317880795,0.00027921841809947726,0.757030463576159,0.00729631255710824,0.49495847539940563,0.0017372417609707073,0.560948452453291,0.00541323738608721,0.0,0.0
hiro_no_challenge,15200,1.12,0.0,14039.12,25.366660427113572,1.04,1.7943913813528857e-17,0.013672368421052634,0.00046197290829951655,0.9653881578947368,0.000535688727790287,0.010077631578947368,0.0001313597798753329,0.01086184210526316,0.0002770197798872013,0.0,0.0,0.01086184210526316,0.0002770197798872013,0.758225,0.0072380141346604955,0.4952214831830261,0.0017234345222965088,0.5595919942938817,0.005375961943570966,0.0,0.0
hiro_no_challenge,15300,1.12,0.0,14136.8,25.342615556909397,1.04,1.7943913813528857e-17,0.013592156862745097,0.00045838428314633303,0.9655816993464054,0.0005316294080749682,0.010023529411764707,0.00013126151242582584,0.010802614379084969,0.0002750240677939887,0.0,0.0,0.010802614379084969,0.0002750240677939887,0.75921568627451,0.0071981671866794715,0.4954378349247679,0.001714563411136775,0.5583970489399213,0.0053406547992184234,0.0,0.0
hiro_no_challenge,15400,1.12,0.0,14233.78,25.382306065928876,1.04,1.7943913813528857e-17,0.01351038961038961,0.00045581364867036103,0.9657675324675326,0.0005276513846264897,0.009977922077922079,0.00013090772888533727,0.010744155844155844,0.0002729241524297716,0.0,0.0,0.010744155844155844,0.0002729241524297716,0.7600324675324676,0.007160538376881482,0.495615086016782,0.0017072719361810986,0.5573152267561321,0.00531277220546598,0.0,0.0
hiro_no_challenge,15500,1.12,0.0,14331.36,25.400108629046194,1.04,1.7943913813528857e-17,0.013434838709677422,0.0004527609221098668,0.9659535483870968,0.0005244653956566299,0.00992516129032258,0.00013019045701507287,0.010686451612903224,0.00027144858430441896,0.0,0.0,0.010686451612903224,0.00027144858430441896,0.7610916129032259,0.007121548436335383,0.49584470840232875,0.0016998439731437031,0.5561384732866089,0.005271474707154877,0.0,0.0
hiro_no_challenge,15600,1.12,0.0,14429.18,25.38060789545548,1.04,1.7943913813528857e-17,0.013356410256410258,0.00044970273934124,0.9661435897435898,0.0005206697827178793,0.009873076923076924,0.0001290980157972275,0.010626923076923075,0.00026935091137122004,0.0,0.0,0.010626923076923075,0.00026935091137122004,0.7621384615384617,0.00707436087101054,0.49607355214295923,0.001688895515138165,0.5549484142054966,0.005228359733091487,0.0,0.0
hiro_no_challenge,15700,1.12,0.0,14527.36,25.372196899563193,1.04,1.7943913813528857e-17,0.0132828025477707,0.0004465027027350532,0.9663388535031848,0.0005164079551325797,0.00981656050955414,0.00012788982351330958,0.010561783439490446,0.00026753257393108724,0.0,0.0,0.010561783439490446,0.00026753257393108724,0.7632662420382165,0.00703105068424319,0.4963185396682598,0.0016788666884503985,0.5537008727472128,0.005193892579596974,0.0,0.0
hiro_no_challenge,15800,1.12,0.0,14626.14,25.342019796120013,1.04,1.7943913813528857e-17,0.013205063291139242,0.0004432695265293795,0.9665202531645569,0.0005144355272749698,0.009765822784810127,0.00012720397574954604,0.010508860759493673,0.000267251820584178,0.0,0.0,0.010508860759493673,0.000267251820584178,0.7645177215189872,0.006985942546414707,0.49660059580096527,0.0016680300731272473,0.5521852400729425,0.005176687363021158,0.0,0.0
hiro_no_challenge,15900,1.12,0.0,14724.64,25.310879487053846,1.04,1.7943913813528857e-17,0.013132075471698111,0.000441350371637561,0.9667031446540882,0.0005111419683032793,0.009711949685534592,0.0001254660282466428,0.010452830188679247,0.00026555907567886667,0.0,0.0,0.010452830188679247,0.00026555907567886667,0.7657132075471698,0.006944534421637865,0.4968658146757757,0.00165804247614276,0.5508064901967962,0.005161399155541992,0.0,0.0
hiro_no_challenge,16000,1.12,0.0,14822.1,25.265128827969143,1.04,1.7943913813528857e-17,0.013065,0.0004385154396555799,0.9668712500000001,0.000508334270797618,0.00966375,0.0001249092783027844,0.0104,0.00026360917267494193,0.0,0.0,0.0104,0.00026360917267494193,0.7665750000000001,0.0068971431437892,0.49705348886552025,0.0016477720418743016,0.5497393704973443,0.0051402260853019065,0.0,0.0
hiro_no_challenge,16100,1.12,0.0,14919.7,25.25488435280331,1.04,1.7943913813528857e-17,0.012991304347826088,0.00043671720689391724,0.9670434782608696,0.0005055090483529083,0.009616149068322982,0.0001242196729002001,0.010349068322981365,0.0002620853667991419,0.0,0.0,0.010349068322981365,0.0002620853667991419,0.7675813664596274,0.006846498433979591,0.49727738061188936,0.00163664150921523,0.548541785773573,0.005116225212989328,0.0,0.0
hiro_no_challenge,16200,1.12,0.0,15016.86,25.337960712362477,1.04,1.7943913813528857e-17,0.012922222222222224,0.0004333624755924247,0.9672172839506173,0.0005015701855256922,0.009566666666666666,0.0001250401115776144,0.010293827160493827,0.00026035808365631975,0.0,0.0,0.010293827160493827,0.00026035808365631975,0.7682481481481481,0.0068313958774939955,0.4974151241325447,0.0016338714925405475,0.5476490378842622,0.005122029460384952,0.0,0.0
hiro_no_challenge,16300,1.12,0.0,15113.98,25.484360790452623,1.04,1.7943913813528857e-17,0.012846625766871168,0.00043031981448195017,0.9673914110429449,0.0004986267985061507,0.009515337423312883,0.00012413396985920639,0.010246625766871164,0.00025906298500794013,0.0,0.0,0.010246625766871164,0.00025906298500794013,0.7689300613496934,0.006838416914067161,0.4975583570164177,0.0016375345154883258,0.5467671663036797,0.005147366490936459,0.0,0.0
hiro_no_challenge,16400,1.12,0.0,15211.28,25.685857936989056,1.04,1.7943913813528857e-17,0.01277439024390244,0.000427277905442018,0.9675524390243901,0.0004966135058588926,0.00948048780487805,0.00012381894789513897,0.010192682926829268,0.00025737645546570624,0.0,0.0,0.010192682926829268,0.00025737645546570624,0.7696743902439025,0.006857156492100691,0.4977191082701151,0.0016427611303358467,0.5458040042479144,0.00515918810569017,0.0,0.0
hiro_no_challenge,16500,1.12,0.0,15308.62,25.862191930085345,1.04,1.7943913813528857e-17,0.012700606060606062,0.0004246315381356826,0.9677321212121213,0.0004940532856011844,0.00942909090909091,0.00012254174880788906,0.010138181818181817,0.00025560952023023466,0.0,0.0,0.010138181818181817,0.00025560952023023466,0.7704727272727273,0.006858128400032165,0.4978912091080956,0.0016425442365967525,0.5447791234731155,0.005163293530096,0.0,0.0
hiro_no_challenge,16600,1.12,0.0,15405.8,26.054683467895842,1.04,1.7943913813528857e-17,0.012638554216867468,0.00042383100197440746,0.9678975903614457,0.0004938027067177426,0.009377108433734939,0.00012189495950141283,0.01008674698795181,0.000254524732098464,0.0,0.0,0.01008674698795181,0.000254524732098464,0.7712843373493976,0.006862817571864477,0.49806705012909835,0.0016431847066711099,0.5437286726163877,0.005175196506559582,0.0,0.0
hiro_no_challenge,16700,1.12,0.0,15503.76,26.178657142716816,1.04,1.7943913813528857e-17,0.012573652694610778,0.0004208951081321863,0.9680658682634732,0.0004909084148277741,0.009324550898203592,0.00012101312386380962,0.010035928143712576,0.00025323098870252714,0.0,0.0,0.010035928143712576,0.00025323098870252714,0.7721149700598802,0.006872362482792271,0.4982466400444641,0.001643921380920651,0.5426392898523094,0.005174039717720994,0.0,0.0
hiro_no_challenge,16800,1.12,0.0,15600.42,26.444259282112476,1.04,1.7943913813528857e-17,0.012508333333333333,0.0004181806798320253,0.9682202380952382,0.00048783517805858957,0.009282142857142857,0.00012118358353779402,0.009989285714285714,0.0002514517177444025,0.0,0.0,0.009989285714285714,0.0002514517177444025,0.7728047619047618,0.00689749660493273,0.49839650505990735,0.0016502216013410907,0.5415905379873238,0.005188872874845121,0.0,0.0
hiro_no_challenge,16900,1.12,0.0,15697.8,26.624677826928814,1.04,1.7943913813528857e-17,0.012441420118343198,0.0004160800967469832,0.9683846153846154,0.00048512241508137573,0.009233136094674556,0.00012012854476165226,0.009940828402366864,0.0002501199257333143,0.0,0.0,0.009940828402366864,0.0002501199257333143,0.7735100591715975,0.006905790702737011,0.49855070908534105,0.001653085346541444,0.5405442829745958,0.005203320992970985,0.0,0.0
hiro_no_challenge,17000,1.12,0.0,15794.08,26.8720602948452,1.04,1.7943913813528857e-17,0.012376470588235293,0.00041411778347700466,0.9685376470588234,0.00048400446340796045,0.009188235294117648,0.00011971767272946639,0.00989764705882353,0.00024921491019575784,0.0,0.0,0.00989764705882353,0.00024921491019575784,0.7740541176470589,0.0069286455428663905,0.49866663729590177,0.001659200724920526,0.5397783050802624,0.0052199186812463315,0.0,0.0
hiro_no_challenge,17100,1.12,0.0,15891.76,27.03943544876178,1.04,1.7943913813528857e-17,0.012309941520467835,0.0004113746658147238,0.9687029239766082,0.0004799909605616513,0.009141520467836258,0.00011906963111216532,0.009845614035087718,0.000247706520345079,0.0,0.0,0.009845614035087718,0.000247706520345079,0.7748959064327485,0.006932589370118506,0.49885023793777217,0.0016596634469347663,0.5388016276936368,0.005223042844924714,0.0,0.0
hiro_no_challenge,17200,1.12,0.0,15990.26,27.118738306693746,1.04,1.7943913813528857e-17,0.012248837209302324,0.0004094454920689643,0.9688581395348836,0.00047651191860166706,0.009099999999999999,0.00011830508340032594,0.009793023255813951,0.000246246196792956,0.0,0.0,0.009793023255813951,0.000246246196792956,0.7759197674418605,0.00692069055791971,0.49907454238144533,0.0016569337465105116,0.5377062907484021,0.005229007232504421,0.0,0.0
hiro_no_challenge,17300,1.12,0.0,16088.62,27.167370735002333,1.04,1.7943913813528857e-17,0.012189595375722544,0.00040824360810634856,0.9690080924855491,0.0004765175636245902,0.00905664739884393,0.00011708900188785754,0.009745664739884393,0.00024565606574142887,0.0,0.0,0.009745664739884393,0.00024565606574142887,0.776863583815029,0.006895318422782133,0.4992834718693595,0.0016503154474661217,0.536480428322664,0.005227177453991343,0.0,0.0
hiro_no_challenge,17400,1.12,0.0,16186.14,27.10879080253323,1.04,1.7943913813528857e-17,0.012131034482758618,0.0004062930966253306,0.9691528735632184,0.0004743006779310087,0.0090183908045977,0.00011597983730565699,0.009697701149425288,0.0002449817194846975,0.0,0.0,0.009697701149425288,0.0002449817194846975,0.7776701149425287,0.0068467614295026095,0.4994585368534971,0.0016376479647422163,0.5354375895656731,0.005177992048504455,0.0,0.0
hiro_no_challenge,17500,1.12,0.0,16284.06,26.937939408793625,1.04,1.7943913813528857e-17,0.01207085714285714,0.00040424753551610617,0.9693017142857143,0.00047096392686506514,0.008974857142857142,0.00011469791553644222,0.009652571428571429,0.00024363122732341534,0.0,0.0,0.009652571428571429,0.00024363122732341534,0.7784548571428571,0.0067710220610901935,0.499628404673997,0.0016195689617361706,0.5344316483886093,0.005109126669540187,0.0,0.0
hiro_no_challenge,17600,1.12,0.0,16381.52,26.844712016807073,1.04,1.7943913813528857e-17,0.012009090909090908,0.0004024198393519692,0.969452272727273,0.00046974460877168353,0.008928409090909091,0.00011346241324373722,0.009610227272727274,0.00024219348387457447,0.0,0.0,0.009610227272727274,0.00024219348387457447,0.7792056818181818,0.006705089536821041,0.49979023794403254,0.0016034312134656158,0.5334938122324073,0.005045999157100848,0.0,0.0
hiro_no_challenge,17700,1.12,0.0,16478.48,26.616524558849466,1.04,1.7943913813528857e-17,0.011944632768361583,0.00040043376968131804,0.9696056497175141,0.00046785634530886885,0.008885875706214689,0.00011260210946976575,0.009563841807909604,0.00024093890147152251,0.0,0.0,0.009563841807909604,0.00024093890147152251,0.7797966101694915,0.006612079259687178,0.4999084911837302,0.0015819879387655022,0.532688644665476,0.004970180600158474,0.0,0.0
hiro_no_challenge,17800,1.12,0.0,16575.36,26.380059878318576,1.04,1.7943913813528857e-17,0.011885393258426968,0.00039788985030001666,0.9697516853932585,0.00046514098311359954,0.008844943820224719,0.0001120169047381834,0.009517977528089886,0.00023970384394225415,0.0,0.0,0.009517977528089886,0.00023970384394225415,0.7803325842696629,0.0065194650850585855,0.5000192917441404,0.0015596013168201826,0.531841339163359,0.004903461944109607,0.0,0.0
hiro_no_challenge,17900,1.12,0.0,16672.42,26.285249840617332,1.04,1.7943913813528857e-17,0.011831284916201118,0.00039508102466484827,0.969890502793296,0.0004624787239181787,0.008804469273743015,0.0001119710129755504,0.009473743016759776,0.00023832730371239379,0.0,0.0,0.009473743016759776,0.00023832730371239379,0.7809608938547487,0.00647014639842887,0.5001567145843144,0.0015475238884105702,0.5308315120740562,0.0048789524089795115,0.0,0.0
hiro_no_challenge,18000,1.12,0.0,16770.72,26.19367488691941,1.04,1.7943913813528857e-17,0.011774444444444443,0.0003920680225944776,0.9700333333333333,0.000459660176602395,0.00876111111111111,0.00011141963967278073,0.00943111111111111,0.00023745713434756454,0.0,0.0,0.00943111111111111,0.00023745713434756454,0.7817933333333332,0.006418893173216157,0.5003417045635754,0.0015351743241485726,0.5296466013894849,0.004856673673700972,0.0,0.0
hiro_no_challenge,18100,1.12,0.0,16869.2,26.118458560011163,1.04,1.7943913813528857e-17,0.011716022099447514,0.00039022130728557335,0.9701745856353593,0.00045692532118075604,0.008719337016574586,0.00011082025173951008,0.009390055248618785,0.00023650581359887902,0.0,0.0,0.009390055248618785,0.00023650581359887902,0.7827414364640884,0.006366446208941575,0.5005528816785371,0.001522243938888539,0.5284160871375628,0.004830160328580533,0.0,0.0
hiro_no_challenge,18200,1.12,0.0,16968.26,26.048288125819596,1.04,1.7943913813528857e-17,0.011660439560439561,0.00038804827513828655,0.9703087912087911,0.00045474688348015894,0.008681318681318682,0.0001116035955238695,0.009349450549450548,0.00023527652222030295,0.0,0.0,0.009349450549450548,0.00023527652222030295,0.7837923076923076,0.006318501024173881,0.5007864947071596,0.001510766754809635,0.5271420951272077,0.0047972171574697416,0.0,0.0
hiro_no_challenge,18300,1.12,0.0,17067.66,26.061694621236978,1.04,1.7943913813528857e-17,0.011602185792349727,0.0003858714165833591,0.9704480874316941,0.00045224335963107954,0.008643715846994535,0.00011015260925181086,0.00930601092896175,0.000233489709304728,0.0,0.0,0.00930601092896175,0.000233489709304728,0.7849398907103824,0.006284901405680394,0.5010397402839075,0.0015027121153168383,0.52593626909583,0.004767157082182894,0.0,0.0
hiro_no_challenge,18400,1.12,0.0,17167.1,26.071318982157152,1.04,1.7943913813528857e-17,0.011551086956521739,0.0003827008502493895,0.9705858695652172,0.00044834463241693245,0.008603260869565218,0.00010927364073670715,0.009259782608695652,0.00023178757166122138,0.0,0.0,0.009259782608695652,0.00023178757166122138,0.7860304347826087,0.006255280543852844,0.5012832628783435,0.0014954767888207246,0.5246677034674259,0.004759685621518185,0.0,0.0
hiro_no_challenge,18500,1.12,0.0,17265.24,26.122092612365105,1.04,1.7943913813528857e-17,0.011497297297297298,0.0003800334145346274,0.9707167567567567,0.0004458743963059528,0.008568648648648649,0.00010948096865336644,0.009217297297297297,0.00023024660065987427,0.0,0.0,0.009217297297297297,0.00023024660065987427,0.7868151351351351,0.0062427846986475,0.501458083347282,0.0014915284133767924,0.523661668043697,0.004752536359907662,0.0,0.0
hiro_no_challenge,18600,1.12,0.0,17362.84,26.234692096301703,1.04,1.7943913813528857e-17,0.011440860215053765,0.000378167313141115,0.9708548387096775,0.0004434677512302361,0.00853010752688172,0.00010866861479412793,0.009174193548387097,0.00022959279918649067,0.0,0.0,0.009174193548387097,0.00022959279918649067,0.7875043010752688,0.006243666938932665,0.5016056594020047,0.0014906435940490168,0.5228558675454993,0.0047302129598081185,0.0,0.0
hiro_no_challenge,18700,1.12,0.0,17459.58,26.29908184941917,1.04,1.7943913813528857e-17,0.0113903743315508,0.00037558916292121836,0.9709775401069518,0.0004401022774928342,0.008491978609625668,0.00010815648148452003,0.009140106951871658,0.00022752053306335053,0.0,0.0,0.009140106951871658,0.00022752053306335053,0.7880385026737967,0.006217032814525862,0.5017148317636604,0.001484222949048399,0.5222003406300254,0.004690769570086474,0.0,0.0
hiro_no_challenge,18800,1.12,0.0,17557.7,26.324726484615102,1.04,1.7943913813528857e-17,0.011338297872340425,0.0003736295530020933,0.9711117021276594,0.0004368587228617019,0.008453191489361701,0.00010793312641928846,0.009096808510638299,0.00022679278910301418,0.0,0.0,0.009096808510638299,0.00022679278910301418,0.7887606382978722,0.006206194636246307,0.5018752022416786,0.001481477934570233,0.5212204321075666,0.0046573295380482,0.0,0.0
hiro_no_challenge,18900,1.12,0.0,17655.58,26.415658466994497,1.04,1.7943913813528857e-17,0.011292063492063494,0.0003719530255759921,0.9712380952380952,0.00043569946693669786,0.008414814814814814,0.0001073420411814712,0.009055026455026455,0.000225797970414752,0.0,0.0,0.009055026455026455,0.000225797970414752,0.7894465608465607,0.006209593633427582,0.502024845501536,0.0014811505450890055,0.5203612830327328,0.004648401208966663,0.0,0.0
hiro_no_challenge,19000,1.12,0.0,17753.8,26.598266016829758,1.04,1.7943913813528857e-17,0.011242105263157894,0.00037005010409532066,0.9713673684210526,0.00043237068139283247,0.008374736842105263,0.00010701696864959016,0.00901578947368421,0.00022478185227583613,0.0,0.0,0.00901578947368421,0.00022478185227583613,0.7902505263157893,0.006226753465953327,0.5022021575824105,0.0014848077529930228,0.5194099640358352,0.004654843832832393,0.0,0.0
hiro_no_challenge,19100,1.12,0.0,17852.68,26.610960454792504,1.04,1.7943913813528857e-17,0.011188481675392669,0.00036819548305495404,0.9714963350785341,0.0004296816976275861,0.00833717277486911,0.00010606625122268226,0.008978010471204188,0.00022325440456017417,0.0,0.0,0.008978010471204188,0.00022325440456017417,0.7911811518324606,0.0061972589756296385,0.5024015480339675,0.0014775172917145566,0.5184713876125487,0.0046250058452864526,0.0,0.0
hiro_no_challenge,19200,1.12,0.0,17950.98,26.59799731604787,1.04,1.7943913813528857e-17,0.011139583333333335,0.0003658797407535399,0.9716208333333333,0.000427134247006707,0.0083,0.00010532687216470447,0.008939583333333334,0.00022240308948397758,0.0,0.0,0.008939583333333334,0.00022240308948397758,0.7919947916666666,0.006157873714314165,0.5025802872657908,0.0014690616313446283,0.5175720840928713,0.004600180354317163,0.0,0.0
hiro_no_challenge,19300,1.12,0.0,18050.36,26.612621832813215,1.04,1.7943913813528857e-17,0.011091191709844562,0.0003639170614820404,0.9717461139896372,0.00042493042541608844,0.008263212435233161,0.00010383019086789086,0.008899481865284975,0.0002210912101547471,0.0,0.0,0.008899481865284975,0.0002210912101547471,0.7929875647668393,0.006126205414784684,0.5028023139027461,0.0014616471070887957,0.5164670666354231,0.0045603626784301325,0.0,0.0
hiro_no_challenge,19400,1.12,0.0,18148.5,26.634353296263907,1.04,1.7943913813528857e-17,0.011044329896907214,0.0003617007490089167,0.9718639175257734,0.00042266337529102876,0.00822680412371134,0.0001033029626907227,0.008864948453608247,0.00022001037942755876,0.0,0.0,0.008864948453608247,0.00022001037942755876,0.7937690721649484,0.006093527070639012,0.5029740260688523,0.0014543197449551231,0.5155193491515484,0.004516473930199533,0.0,0.0
hiro_no_challenge,19500,1.12,0.0,18246.02,26.6704222015356,1.04,1.7943913813528857e-17,0.010994871794871797,0.0003601624951377309,0.9719805128205128,0.0004197767421497713,0.008193846153846154,0.00010304742217335382,0.00883076923076923,0.00021847229873044063,0.0,0.0,0.00883076923076923,0.00021847229873044063,0.7943784615384614,0.006062874047233864,0.5031093979507303,0.0014476727085758025,0.5145602442684756,0.004495950432331339,0.0,0.0
hiro_no_challenge,19600,1.12,0.0,18343.72,26.648827978976133,1.04,1.7943913813528857e-17,0.010945918367346938,0.0003581950645093817,0.9721010204081634,0.0004178074747525247,0.008159183673469388,0.00010285844852175666,0.008793877551020408,0.00021750795247483493,0.0,0.0,0.008793877551020408,0.00021750795247483493,0.7949734693877553,0.006022109763131272,0.5032407874787741,0.0014385687493321468,0.5136217509153929,0.004493220856360404,0.0,0.0
hiro_no_challenge,19700,1.12,0.0,18441.82,26.618524928848988,1.04,1.7943913813528857e-17,0.010896446700507614,0.00035606503710198286,0.9722213197969544,0.0004157318348186092,0.008125888324873097,0.0001020481591938713,0.008756345177664975,0.00021652769721477362,0.0,0.0,0.008756345177664975,0.00021652769721477362,0.7957005076142133,0.005982806377739817,0.5034041426954543,0.0014298419833223836,0.5125485133917368,0.004475837345161214,0.0,0.0
hiro_no_challenge,19800,1.12,0.0,18540.24,26.73914137799965,1.04,1.7943913813528857e-17,0.01085050505050505,0.00035414842152510506,0.9723353535353533,0.0004145950826269331,0.008092929292929292,0.00010230625819846247,0.008721212121212121,0.00021619243909502177,0.0,0.0,0.008721212121212121,0.00021619243909502177,0.7964565656565656,0.005978742684911023,0.5035738931840326,0.0014293051032702652,0.5114809801706375,0.004458030907635736,0.0,0.0
hiro_no_challenge,19900,1.12,0.0,18638.74,26.924835815162723,1.04,1.7943913813528857e-17,0.01080603015075377,0.0003533257216757711,0.972454271356784,0.00041286333900972515,0.008055276381909547,0.00010163701785384997,0.008684422110552764,0.00021458913537994334,0.0,0.0,0.008684422110552764,0.00021458913537994334,0.7971447236180906,0.005999737287009081,0.5037262891638317,0.0014341434259909202,0.5105301478803378,0.004450693512420141,0.0,0.0
hiro_no_challenge,20000,1.12,0.0,18736.16,27.13654603320483,1.04,1.7943913813528857e-17,0.010757999999999998,0.00035190548360000744,0.9725729999999999,0.0004105476929216217,0.008020000000000001,0.00010106574946185138,0.008649,0.00021347699775720234,0.0,0.0,0.008649,0.00021347699775720234,0.7976679999999999,0.006024093760280716,0.5038417454114035,0.001438868180326067,0.5096565027040807,0.004451771282600211,0.0,0.0
hiro_no_external,100,0.4562140976951099,0.011792434257220026,49.88,1.2495354238716903,0.3762140976951099,0.011792434257220026,0.2828,0.024751895412889337,0.6376,0.025672283156139033,0.042,0.0064775908850026485,0.037599999999999995,0.004716968933368901,0.0,0.0,0.037599999999999995,0.004716968933368901,0.2828,0.024751895412889337,0.4327466564993109,0.0029898726379629943,0.5018183357158869,0.013500894273355041,0.0,0.0
hiro_no_external,200,0.7486481402020999,0.01603715920173855,124.48,1.5854542901397217,0.6686481402021,0.01603715920173855,0.24529999999999996,0.02410665502151907,0.6806000000000002,0.0242451930855397,0.0389,0.0037397206050829033,0.0352,0.0030571428571428572,0.0,0.0,0.0352,0.0030571428571428572,0.24529999999999996,0.02410665502151907,0.44312164818698363,0.002059784133297983,0.4563542687942174,0.010162039587186167,0.0,0.0
hiro_no_external,300,0.94350529023403,0.0161887438478302,210.58,1.8794462927540492,0.8635052902340301,0.0161887438478302,0.22120000000000004,0.02064377929505076,0.7098,0.02087787836416005,0.034666666666666665,0.00282842712474619,0.034333333333333334,0.0024022853820246546,0.0,0.0,0.034333333333333334,0.0024022853820246546,0.22500000000000003,0.020203780432487686,0.45743839194014163,0.0015624805618864486,0.4534982646010597,0.009622581853308389,0.0,0.0
hiro_no_external,400,1.060481353551202,0.010619814587710032,300.52,2.1472792466899375,0.9804813535512021,0.010619814587710032,0.19404999999999997,0.018955895372884793,0.74335,0.019147069099526452,0.03145,0.0021970411457044605,0.03115,0.0018779194957859778,0.0,0.0,0.03115,0.0018779194957859778,0.23550000000000001,0.016803334217241724,0.4651353470166024,0.0022763873653875977,0.4746337261586215,0.011206147787268531,0.0,0.0
hiro_no_external,500,1.1081441443231272,0.004319262644266942,391.64,2.6463313072544605,1.0281441443231274,0.004319262644266944,0.17032,0.017389592007982294,0.77212,0.017581196820258087,0.02916,0.0016650942242138142,0.028399999999999998,0.0015763559113295682,0.0,0.0,0.028399999999999998,0.0015763559113295682,0.28584,0.015561526602621016,0.4711720225004005,0.003350686026641793,0.4998320401474738,0.014263662881890004,0.0,0.0
hiro_no_external,600,1.11750379910768,0.002181174484778718,482.58,3.3489675533616903,1.03750379910768,0.002181174484778719,0.15196666666666667,0.01670191442853876,0.7939333333333333,0.01682555285941426,0.027366666666666664,0.0013711391890457224,0.026733333333333335,0.0013882892129435816,0.0,0.0,0.026733333333333335,0.0013882892129435816,0.36303333333333326,0.016133421178149556,0.475672086730424,0.004211576928121488,0.517010016182828,0.017102538269335714,0.0,0.0
hiro_no_external,700,1.1199164754041466,8.352459585342142e-05,574.2,4.1010700445376544,1.0399164754041466,8.35245958534226e-05,0.1366,0.01603925266305046,0.8118000000000001,0.016179893013939368,0.026114285714285715,0.0012319771088923088,0.025485714285714285,0.0012110555561918935,0.0,0.0,0.025485714285714285,0.0012110555561918935,0.42800000000000005,0.018063703277381812,0.4789753098682171,0.004835793228412799,0.5282885459140758,0.019261184613497222,0.0,0.0
hiro_no_external,800,1.12,0.0,666.36,4.852246271321254,1.04,1.6174425334296218e-17,0.12495,0.015536615737393667,0.8258749999999999,0.015714214691397943,0.025075000000000007,0.0010952180381186244,0.0241,0.0010636863125135017,0.0,0.0,0.0241,0.0010636863125135017,0.4799499999999999,0.019630644255284924,0.4819451313378309,0.005201401585933631,0.5343173575899332,0.020228034211556382,0.0,0.0
hiro_no_external,900,1.12,0.0,759.12,5.43868531532977,1.04,1.6174425334296218e-17,0.11482222222222221,0.01476533873695869,0.837911111111111,0.014915724960456797,0.02415555555555555,0.001011304210212411,0.023111111111111114,0.0009502621934663977,0.0,0.0,0.023111111111111114,0.0009502621934663977,0.5199333333333334,0.020834164095303,0.4845441922745853,0.005456330302385112,0.5372794874864029,0.020805274906844317,0.0,0.0
hiro_no_external,1000,1.12,0.0,851.44,6.014415336234661,1.04,1.6174425334296218e-17,0.10683999999999999,0.01458188308435211,0.84698,0.01472089976176451,0.0236,0.0009471762545286157,0.02258,0.0008885163051344618,0.0,0.0,0.02258,0.0008885163051344618,0.5513,0.02133773604654057,0.4869509141800831,0.00557405097194476,0.5357485327108377,0.021041609102815554,0.0,0.0
hiro_no_external,1100,1.12,0.0,945.38,6.49338061696176,1.04,1.6174425334296218e-17,0.10169090909090908,0.014886493803336924,0.8534363636363635,0.01500366605000674,0.02287272727272727,0.0008409970871072345,0.022000000000000002,0.0007839682219629387,0.0,0.0,0.022000000000000002,0.0007839682219629387,0.5801818181818181,0.0214940989442419,0.48962600886037366,0.005590310299011818,0.5314571087869874,0.021162948462925206,0.0,0.0
hiro_no_external,1200,1.12,0.0,1039.3,6.956321453416691,1.04,1.6174425334296218e-17,0.09638333333333332,0.014567335442858514,0.8593999999999999,0.014631025804767526,0.02231666666666667,0.000767571929311297,0.0219,0.0007536908428668317,0.0,0.0,0.0219,0.0007536908428668317,0.6060666666666666,0.021315721897228815,0.4924781725361819,0.005485431993336825,0.5246580902279256,0.020748656263147737,0.0,0.0
hiro_no_external,1300,1.12,0.0,1134.96,7.036810501982864,1.04,1.6174425334296218e-17,0.09238461538461537,0.014128197530580758,0.8643230769230769,0.014161742558754794,0.021676923076923073,0.0007201584443730499,0.021615384615384613,0.0006814072966121976,0.0,0.0,0.021615384615384613,0.0006814072966121976,0.6319692307692307,0.019853079000589476,0.49581444992068696,0.005116409413261858,0.5158301133627375,0.01984566879975216,0.0,0.0
hiro_no_external,1400,1.12,0.0,1230.16,7.055717612008587,1.04,1.6174425334296218e-17,0.0874,0.013235504357352714,0.8697714285714285,0.01331717395067311,0.021628571428571428,0.0007084425726906167,0.021199999999999997,0.0006380415683157268,0.0,0.0,0.021199999999999997,0.0006380415683157268,0.6529714285714285,0.018391394235462363,0.498462816892201,0.004744477517025677,0.5083067078897481,0.018982847535920663,0.0,0.0
hiro_no_external,1500,1.12,0.0,1325.24,7.056076264107267,1.04,1.6174425334296218e-17,0.08278666666666666,0.012388725618439516,0.8749466666666667,0.012430758282338325,0.021306666666666665,0.0006416984266369205,0.02096,0.0005843491640947485,0.0,0.0,0.02096,0.0005843491640947485,0.6716133333333333,0.01714887820187567,0.5008872219127168,0.004438921797836905,0.49936116464475705,0.018175840365641013,0.0,0.0
hiro_no_external,1600,1.12,0.0,1420.24,7.0276747395492025,1.04,1.6174425334296218e-17,0.07871249999999999,0.01161065070620198,0.8794875000000002,0.01158658467864047,0.0212875,0.0006006506888366981,0.0205125,0.0005572143955902981,0.0,0.0,0.0205125,0.0005572143955902981,0.6872375,0.016005510550578944,0.5028213628746038,0.004142398073630005,0.49164548928915436,0.017378489511992695,0.0,0.0
hiro_no_external,1700,1.12,0.0,1516.22,6.999433796342942,1.04,1.6174425334296218e-17,0.0752,0.01093777277344044,0.8836235294117647,0.010926378095934542,0.020823529411764706,0.0005743868064079014,0.020352941176470588,0.0005072735553877839,0.0,0.0,0.020352941176470588,0.0005072735553877839,0.7021882352941178,0.015039049892837643,0.5047978753581552,0.003901837148915563,0.48392605902824415,0.016702517560383788,0.0,0.0
hiro_no_external,1800,1.12,0.0,1610.96,7.039826064641666,1.04,1.6174425334296218e-17,0.07205555555555555,0.010311808586348543,0.8868111111111109,0.010302648831261174,0.02068888888888889,0.0005586219231383906,0.020444444444444442,0.00046250165982011004,0.0,0.0,0.020444444444444442,0.00046250165982011004,0.7144444444444444,0.014198383862552453,0.5064012094228211,0.0036926561523998465,0.47757140172812135,0.01592100358928994,0.0,0.0
hiro_no_external,1900,1.12,0.0,1706.56,7.029219482318947,1.04,1.6174425334296218e-17,0.06931578947368422,0.009856339901800388,0.889978947368421,0.00984189514816183,0.02046315789473684,0.0005364523342316583,0.020242105263157898,0.00042961487538243736,0.0,0.0,0.020242105263157898,0.00042961487538243736,0.7257894736842104,0.013425405246050891,0.5078465494255653,0.0034804598909575525,0.4717407795928758,0.014963370762992178,0.0,0.0
hiro_no_external,2000,1.12,0.0,1801.6,6.98862048808852,1.04,1.6174425334296218e-17,0.06661,0.009340085761962592,0.8930699999999999,0.009348774993417644,0.02031,0.0005392530737520374,0.020010000000000003,0.00042414138959472806,0.0,0.0,0.020010000000000003,0.00042414138959472806,0.7351899999999999,0.012813337200124002,0.5089389647693294,0.0033050737422529626,0.46717885284063926,0.013991542457799764,0.0,0.0
hiro_no_external,2100,1.12,0.0,1896.0,6.946266064937187,1.04,1.6174425334296218e-17,0.06427619047619046,0.008885754699889448,0.8955904761904762,0.008872436402959403,0.02034285714285714,0.000530793619794693,0.01979047619047619,0.0004167264985502113,0.0,0.0,0.01979047619047619,0.0004167264985502113,0.7430761904761904,0.012283741940956225,0.5097920502876735,0.003157130470136396,0.46409214891216344,0.013251354763902394,0.0,0.0
hiro_no_external,2200,1.12,0.0,1991.8,6.89353438567841,1.04,1.6174425334296218e-17,0.06210909090909091,0.008489372678449469,0.8982636363636364,0.008480685446159465,0.020109090909090913,0.0005172941001352562,0.01951818181818182,0.00039868437715264967,0.0,0.0,0.01951818181818182,0.00039868437715264967,0.7517636363636363,0.011699926696450312,0.5108874801236672,0.0029968007364465483,0.46001209722019853,0.012327588308845063,0.0,0.0
hiro_no_external,2300,1.12,0.0,2087.14,6.860713951067144,1.04,1.6174425334296218e-17,0.06015652173913044,0.008110115202442598,0.9004782608695652,0.008114285809374204,0.01997391304347826,0.0004981985990191642,0.01939130434782609,0.0003763790660259159,0.0,0.0,0.01939130434782609,0.0003763790660259159,0.7598260869565217,0.011165725717972683,0.5119454798693005,0.0028567405946075108,0.4568321878065234,0.011541878314921209,0.0,0.0
hiro_no_external,2400,1.12,0.0,2182.46,6.8384393732213855,1.04,1.6174425334296218e-17,0.058533333333333326,0.007745621248555669,0.9023666666666667,0.007733400040763196,0.01978333333333333,0.00047113988274783764,0.019316666666666666,0.0003661096573147699,0.0,0.0,0.019316666666666666,0.0003661096573147699,0.7673166666666666,0.010752050903872051,0.5129507402127849,0.0027417556616700094,0.45331490267617575,0.010839354429032043,0.0,0.0
hiro_no_external,2500,1.12,0.0,2278.58,6.7440731349073895,1.04,1.6174425334296218e-17,0.057216,0.007415865705584568,0.90408,0.007405520279645778,0.019559999999999998,0.0004744233879357216,0.019143999999999998,0.00034740037479565744,0.0,0.0,0.019143999999999998,0.00034740037479565744,0.7746000000000001,0.010270816194739464,0.5139347862679599,0.0026251471837735567,0.4506975460985336,0.01040049723426874,0.0,0.0
hiro_no_external,2600,1.12,0.0,2374.08,6.743089584371331,1.04,1.6174425334296218e-17,0.05626923076923077,0.007119778862902673,0.9052769230769232,0.007130191983734551,0.01936153846153846,0.0004578093725203139,0.01909230769230769,0.00035091957448955786,0.0,0.0,0.01909230769230769,0.00035091957448955786,0.7807153846153847,0.009923788871056249,0.5147069573825701,0.0025268444879989653,0.4490097505299333,0.010171999150688596,0.0,0.0
hiro_no_external,2700,1.12,0.0,2469.22,6.720986929471181,1.04,1.6174425334296218e-17,0.055274074074074066,0.006866718443145215,0.9065851851851852,0.006872804392476126,0.019185185185185187,0.0004474576616267931,0.01895555555555556,0.0003502773379593152,0.0,0.0,0.01895555555555556,0.0003502773379593152,0.7859407407407407,0.00955295340945707,0.5153091368922652,0.0024352314322152904,0.4470456463684572,0.009912127274684946,0.0,0.0
hiro_no_external,2800,1.12,0.0,2564.5,6.718068843022661,1.04,1.6174425334296218e-17,0.05481428571428571,0.006634114752595398,0.9071214285714285,0.006652328822213351,0.01922142857142857,0.00046028100176206526,0.018842857142857144,0.00033246520299674235,0.0,0.0,0.018842857142857144,0.00033246520299674235,0.7915785714285716,0.009178077036293149,0.5160437829474754,0.002341527674591623,0.4444388721295539,0.009480686732361257,0.0,0.0
hiro_no_external,2900,1.12,0.0,2659.64,6.740784184987041,1.04,1.6174425334296218e-17,0.05444137931034483,0.00643115581368208,0.9075172413793103,0.006443839333022061,0.019213793103448278,0.00045427587478246806,0.018827586206896552,0.00032616641098023343,0.0,0.0,0.018827586206896552,0.00032616641098023343,0.7963793103448275,0.00887111152395574,0.5166792634942717,0.0022687976082280976,0.4419190549712864,0.008890942524621174,0.0,0.0
hiro_no_external,3000,1.12,0.0,2755.02,6.705312545029545,1.04,1.6174425334296218e-17,0.05372,0.006250575374876045,0.9084266666666666,0.006284206456956263,0.019066666666666666,0.0004442630015120229,0.018786666666666667,0.0003352002143099992,0.0,0.0,0.018786666666666667,0.0003352002143099992,0.8005266666666668,0.008581232964071858,0.5171819503202708,0.002189431237731628,0.43959478907489036,0.008420710201819077,0.0,0.0
hiro_no_external,3100,1.12,0.0,2850.58,6.735534159082207,1.04,1.6174425334296218e-17,0.052793548387096774,0.006037215383726237,0.9095483870967743,0.006056099099201404,0.018916129032258068,0.000435990488724653,0.01874193548387097,0.00033665794456827426,0.0,0.0,0.01874193548387097,0.00033665794456827426,0.8046967741935483,0.00831010981909758,0.5177272233197194,0.002117725045256046,0.4372168760317275,0.007936681206924963,0.0,0.0
hiro_no_external,3200,1.12,0.0,2946.08,6.750107482137464,1.04,1.6174425334296218e-17,0.05259999999999999,0.005807536008480354,0.9099250000000002,0.005804165903619114,0.01883125,0.0004338229221769205,0.01864375,0.0003261813791310545,0.0,0.0,0.01864375,0.0003261813791310545,0.8085499999999999,0.008030508035686439,0.5182089249462872,0.002043785143260398,0.43540656528209615,0.00756892751180903,0.0,0.0
hiro_no_external,3300,1.12,0.0,3041.32,6.741188655555926,1.04,1.6174425334296218e-17,0.05256969696969697,0.005575893628519448,0.9101454545454546,0.005564919422575385,0.018715151515151515,0.00042912291248149855,0.01856969696969697,0.00032969169481756526,0.0,0.0,0.01856969696969697,0.00032969169481756526,0.8116787878787879,0.0077739526906136286,0.5185235783630593,0.001979034775761525,0.4343024759983709,0.007327382110520432,0.0,0.0
hiro_no_external,3400,1.12,0.0,3137.1,6.678888456952111,1.04,1.6174425334296218e-17,0.05240588235294117,0.005397533940900689,0.9105588235294119,0.0053800892647929205,0.018576470588235295,0.0004108513279071936,0.018458823529411767,0.0003274681125455255,0.0,0.0,0.018458823529411767,0.0003274681125455255,0.8152941176470587,0.007507000710731763,0.5189545150299191,0.001907780188350342,0.4332033070268686,0.007036566604008993,0.0,0.0
hiro_no_external,3500,1.12,0.0,3233.28,6.74158825833334,1.04,1.6174425334296218e-17,0.051468571428571426,0.005243327073576451,0.9118514285714285,0.005231756680839958,0.018417142857142858,0.0004064625793413599,0.018262857142857143,0.0003247748715666995,0.0,0.0,0.018262857142857143,0.0003247748715666995,0.8187657142857144,0.007256019931028548,0.5193912150530346,0.0018461576057082715,0.4312526592510216,0.0068097594310320845,0.0,0.0
hiro_no_external,3600,1.12,0.0,3328.72,6.698707764508444,1.04,1.6174425334296218e-17,0.050794444444444455,0.00512643744935473,0.9127444444444444,0.005117020885855724,0.018327777777777776,0.00040128368596771373,0.018133333333333335,0.00032189756104779045,0.0,0.0,0.018133333333333335,0.00032189756104779045,0.8213444444444444,0.0070054165056933895,0.519630925821229,0.0017921419016774713,0.43016093660047566,0.0066109197873752395,0.0,0.0
hiro_no_external,3700,1.12,0.0,3424.78,6.709864197658579,1.04,1.6174425334296218e-17,0.050059459459459464,0.005006507534552873,0.9137027027027028,0.004990091701621372,0.018183783783783783,0.00039518576936776003,0.018054054054054053,0.00031885440651834094,0.0,0.0,0.018054054054054053,0.00031885440651834094,0.8247351351351351,0.006814439887989011,0.5200854511056672,0.0017478882311058946,0.4289017744937304,0.00651872125627565,0.0,0.0
hiro_no_external,3800,1.12,0.0,3520.6,6.742917675273086,1.04,1.6174425334296218e-17,0.049689473684210526,0.004895462623622209,0.9142315789473685,0.004868993434578978,0.01810526315789474,0.0003874187376838572,0.017973684210526315,0.0003079266372891011,0.0,0.0,0.017973684210526315,0.0003079266372891011,0.8278157894736842,0.006621692501001291,0.5205074516337436,0.001704290563835963,0.4274185506281263,0.006419132810978644,0.0,0.0
hiro_no_external,3900,1.12,0.0,3616.18,6.774182080306289,1.04,1.6174425334296218e-17,0.04905128205128206,0.004752011419037992,0.9150153846153846,0.00471895059096016,0.018005128205128205,0.00039433319027088555,0.01792820512820513,0.00030284335533067923,0.0,0.0,0.01792820512820513,0.00030284335533067923,0.830625641025641,0.006449209371714769,0.5208648275270282,0.0016606171633825487,0.4263124651068591,0.006375944748146228,0.0,0.0
hiro_no_external,4000,1.12,0.0,3712.06,6.816990179106965,1.04,1.6174425334296218e-17,0.048229999999999995,0.004612625973059917,0.9160250000000001,0.004586277502128563,0.01791,0.00039186628289949793,0.017835000000000004,0.00030047666213833634,0.0,0.0,0.017835000000000004,0.00030047666213833634,0.83333,0.006272630213548248,0.5212231041432821,0.0016217840203363216,0.42521877442451406,0.006260517082179603,0.0,0.0
hiro_no_external,4100,1.12,0.0,3808.08,6.7963879962755485,1.04,1.6174425334296218e-17,0.04744878048780488,0.00449819284898141,0.9170048780487805,0.0044598597555394305,0.017858536585365858,0.0004005174571853014,0.017687804878048784,0.00029153916220921725,0.0,0.0,0.017687804878048784,0.00029153916220921725,0.8359951219512195,0.006099261445318096,0.5215807024830188,0.0015786289803088622,0.4241718337332581,0.0060255974008640405,0.0,0.0
hiro_no_external,4200,1.12,0.0,3904.02,6.779951838971684,1.04,1.6174425334296218e-17,0.047,0.00436574662862394,0.9176619047619049,0.004338950694334218,0.017747619047619047,0.0003865125095431188,0.01759047619047619,0.0002852798770770114,0.0,0.0,0.01759047619047619,0.0002852798770770114,0.838247619047619,0.00591845241943705,0.5218411399548386,0.0015344601874636053,0.4236414864993808,0.005805934433731504,0.0,0.0
hiro_no_external,4300,1.12,0.0,3999.84,6.817406293556852,1.04,1.6174425334296218e-17,0.04754883720930232,0.00422631692218757,0.9172325581395349,0.0042028206342467535,0.017683720930232558,0.0003823895731207967,0.017534883720930233,0.00029167845937073705,0.0,0.0,0.017534883720930233,0.00029167845937073705,0.8409767441860465,0.005773700234441694,0.5222016732679859,0.0014976969561393105,0.42296225019798767,0.005569070075726538,0.0,0.0
hiro_no_external,4400,1.12,0.0,4095.96,6.774620103815446,1.04,1.6174425334296218e-17,0.04771363636363637,0.004100249129578331,0.9173,0.004069696808527781,0.01755909090909091,0.000373577585669641,0.017427272727272725,0.00028522981357293587,0.0,0.0,0.017427272727272725,0.00028522981357293587,0.8431545454545456,0.005627527786067792,0.5224579386617695,0.0014675361830173825,0.4221372172261732,0.005423935568154776,0.0,0.0
hiro_no_external,4500,1.12,0.0,4191.34,6.752028266697772,1.04,1.6174425334296218e-17,0.047315555555555555,0.00399010537353493,0.9178177777777777,0.003951460031679454,0.01751111111111111,0.0003586599172698057,0.017355555555555555,0.00026683668049756005,0.0,0.0,0.017355555555555555,0.00026683668049756005,0.8448355555555556,0.0055131682211518864,0.5226395799553344,0.0014361503542820787,0.42135941374735375,0.005266880772230038,0.0,0.0
hiro_no_external,4600,1.12,0.0,4287.46,6.630800733497194,1.04,1.6174425334296218e-17,0.046626086956521734,0.0038949113568650696,0.9186304347826088,0.0038731838059961805,0.017469565217391302,0.00035211201489186673,0.01727391304347826,0.0002667345727101143,0.0,0.0,0.01727391304347826,0.0002667345727101143,0.8468304347826089,0.005362335551585912,0.5228933274653245,0.0013896717722102438,0.42079083698196096,0.004985980026795241,0.0,0.0
hiro_no_external,4700,1.12,0.0,4383.46,6.574918948829215,1.04,1.6174425334296218e-17,0.04622127659574469,0.003830812619040207,0.9192425531914893,0.0038115460798977684,0.017382978723404253,0.0003508104455392914,0.017153191489361702,0.0002623781728647532,0.0,0.0,0.017153191489361702,0.0002623781728647532,0.8487914893617021,0.0052319078921182725,0.5231280609301688,0.0013549572761624908,0.42048310902253383,0.004811180014444923,0.0,0.0
hiro_no_external,4800,1.12,0.0,4479.72,6.586568894038714,1.04,1.6174425334296218e-17,0.04563333333333333,0.003747802455123587,0.9200208333333333,0.0037136811263897436,0.017241666666666666,0.00034336313522331644,0.017104166666666663,0.00026374153004637285,0.0,0.0,0.017104166666666663,0.00026374153004637285,0.8504416666666667,0.005110089198958782,0.523322622449202,0.001329626986078978,0.41983456614652936,0.004742056193904378,0.0,0.0
hiro_no_external,4900,1.12,0.0,4575.82,6.531974105451254,1.04,1.6174425334296218e-17,0.04546530612244897,0.0036644634386465307,0.9203551020408163,0.003647065131323103,0.017171428571428574,0.00032876215810950023,0.01700816326530612,0.00026158671782875256,0.0,0.0,0.01700816326530612,0.00026158671782875256,0.8521469387755102,0.004978640093123481,0.5235456596232922,0.0012985440889856869,0.41897636722404835,0.004683530558060224,0.0,0.0
hiro_no_external,5000,1.12,0.0,4672.08,6.619688629461389,1.04,1.6174425334296218e-17,0.04549600000000001,0.003554424618323891,0.920536,0.0035426702254839665,0.01706,0.0003332584950001964,0.016908000000000003,0.00025196112430941664,0.0,0.0,0.016908000000000003,0.00025196112430941664,0.8539,0.00488672086539906,0.5237711229689161,0.0012788450768543734,0.417757817948977,0.0046313428342425805,0.0,0.0
hiro_no_external,5100,1.12,0.0,4768.24,6.659874362975043,1.04,1.6174425334296218e-17,0.04527058823529412,0.0034582648935157657,0.9209882352941176,0.0034393468650936675,0.016972549019607843,0.0003226112573457554,0.016768627450980393,0.00024279364895519285,0.0,0.0,0.016768627450980393,0.00024279364895519285,0.8556901960784313,0.004798280867359242,0.5240036906153672,0.001260864422492479,0.41662344584664895,0.004595960031760634,0.0,0.0
hiro_no_external,5200,1.12,0.0,4864.18,6.631384255406795,1.04,1.6174425334296218e-17,0.04505,0.003382772127238707,0.9213115384615385,0.003373777111211666,0.01688846153846154,0.000315716121673192,0.01675,0.0002461667235642614,0.0,0.0,0.01675,0.0002461667235642614,0.8573615384615384,0.004694723108920914,0.5242407904999002,0.0012368401700624445,0.4155326638209616,0.004531792389388492,0.0,0.0
hiro_no_external,5300,1.12,0.0,4960.5,6.604281233582114,1.04,1.6174425334296218e-17,0.04455094339622641,0.003332764539541943,0.9219245283018869,0.003330026961159487,0.01679245283018868,0.00030812763692599973,0.016732075471698114,0.00023966129595841108,0.0,0.0,0.016732075471698114,0.00023966129595841108,0.8590981132075473,0.004587434123928592,0.5245082336530064,0.0012154461888973934,0.41435673223644565,0.004497353744449184,0.0,0.0
hiro_no_external,5400,1.12,0.0,5056.9,6.5495443056937095,1.04,1.6174425334296218e-17,0.04432962962962963,0.0032891754299669523,0.9222851851851851,0.003293728819117874,0.016692592592592596,0.0003069243716566927,0.016692592592592596,0.00023909314686920363,0.0,0.0,0.016692592592592596,0.00023909314686920363,0.8608185185185185,0.0045034664040697935,0.5247489604165277,0.0011931738097463985,0.41349683113971336,0.004461288730110154,0.0,0.0
hiro_no_external,5500,1.12,0.0,5153.4,6.476456577166125,1.04,1.6174425334296218e-17,0.043970909090909095,0.003361184926275057,0.9228254545454544,0.0033696680012814087,0.01658909090909091,0.00029961734183187006,0.01661454545454545,0.0002352558598960916,0.0,0.0,0.01661454545454545,0.0002352558598960916,0.8624072727272728,0.004420616109433079,0.5249720976984126,0.00117056120968981,0.41262100425376214,0.004362306951232413,0.0,0.0
hiro_no_external,5600,1.12,0.0,5249.88,6.523154364043737,1.04,1.6174425334296218e-17,0.043625,0.003285600398900908,0.9233499999999999,0.003297515566749145,0.0165,0.00029640178669954715,0.016524999999999998,0.00023614293121966323,0.0,0.0,0.016524999999999998,0.00023614293121966323,0.8638321428571429,0.004318997973175592,0.5251668830182102,0.0011491172818497196,0.411607928719365,0.004285125099522613,0.0,0.0
hiro_no_external,5700,1.12,0.0,5346.64,6.506684788644329,1.04,1.6174425334296218e-17,0.04332982456140351,0.0032125809135967673,0.9238666666666666,0.003217658453179827,0.016364912280701752,0.00029335258794818757,0.01643859649122807,0.0002400395484193632,0.0,0.0,0.01643859649122807,0.0002400395484193632,0.8650491228070176,0.00420855751201437,0.5253059837358474,0.0011261219078648557,0.41093200219361575,0.004267174226804975,0.0,0.0
hiro_no_external,5800,1.12,0.0,5443.14,6.513033087586765,1.04,1.6174425334296218e-17,0.04363448275862068,0.0031310053413903336,0.923706896551724,0.0031276336908379536,0.016313793103448274,0.00029740356844809693,0.016344827586206895,0.00024605899002447636,0.0,0.0,0.016344827586206895,0.00024605899002447636,0.8664862068965518,0.004131054836829056,0.525494108996839,0.001111190576529971,0.41021289919218096,0.004210935401321184,0.0,0.0
hiro_no_external,5900,1.12,0.0,5539.42,6.510217401304268,1.04,1.6174425334296218e-17,0.04358305084745763,0.0030962531059184374,0.9238576271186438,0.0030940503807121767,0.016264406779661015,0.0002923255291789642,0.01629491525423729,0.00024348338888362383,0.0,0.0,0.01629491525423729,0.00024348338888362383,0.8677355932203389,0.004037128599729966,0.5256661775097285,0.0010909794522662635,0.40936168185715766,0.004162043906481861,0.0,0.0
hiro_no_external,6000,1.12,0.0,5635.88,6.483677464941309,1.04,1.6174425334296218e-17,0.04319666666666667,0.003051075755419082,0.9243933333333334,0.0030471307644555743,0.01622,0.0002861678938875979,0.01619,0.00024531945021351493,0.0,0.0,0.01619,0.00024531945021351493,0.8690466666666667,0.003977063035141326,0.5258520740630992,0.0010718281382606904,0.4088278996952181,0.004114031971795471,0.0,0.0
hiro_no_external,6100,1.12,0.0,5732.32,6.448884731929567,1.04,1.6174425334296218e-17,0.043003278688524584,0.003000194477294761,0.9247475409836065,0.0030016767559193514,0.016124590163934426,0.0002829660120898753,0.016124590163934426,0.00024363897107289827,0.0,0.0,0.016124590163934426,0.00024363897107289827,0.8701508196721313,0.003980834361650488,0.5259764165736565,0.0010615286263919753,0.40867396615140517,0.004065111628817649,0.0,0.0
hiro_no_external,6200,1.12,0.0,5828.78,6.459878687178359,1.04,1.6174425334296218e-17,0.04284516129032258,0.0029302225165825074,0.9250290322580645,0.002929718527950893,0.016070967741935484,0.0002774851798140906,0.016054838709677423,0.00024096623932172317,0.0,0.0,0.016054838709677423,0.00024096623932172317,0.8714741935483872,0.0039476199681183375,0.5261669112427738,0.0010519466013727532,0.40788840983455926,0.004052672639919959,0.0,0.0
hiro_no_external,6300,1.12,0.0,5925.46,6.500185868614112,1.04,1.6174425334296218e-17,0.04241904761904762,0.0028680551789245037,0.9256,0.0028681321971946536,0.01595873015873016,0.0002798303543690535,0.016022222222222222,0.0002347529146774389,0.0,0.0,0.016022222222222222,0.0002347529146774389,0.8727746031746032,0.0038976346393420126,0.5263412685007494,0.0010347385642648145,0.4071781820501976,0.003998743914364334,0.0,0.0
hiro_no_external,6400,1.12,0.0,6022.42,6.5148552382620295,1.04,1.6174425334296218e-17,0.0421125,0.0027979614310499096,0.92605625,0.002800707135561246,0.015918750000000002,0.00027522022721701935,0.0159125,0.00023194359580004152,0.0,0.0,0.0159125,0.00023194359580004152,0.874215625,0.0038356151733420726,0.5265695243039474,0.0010189020404299703,0.40633312099398117,0.003980488472208611,0.0,0.0
hiro_no_external,6500,1.12,0.0,6118.78,6.498118408981392,1.04,1.6174425334296218e-17,0.04193230769230769,0.002741557736728072,0.926366153846154,0.0027354573682742134,0.01587076923076923,0.000276586573850212,0.01583076923076923,0.00023060171837567005,0.0,0.0,0.01583076923076923,0.00023060171837567005,0.8752523076923076,0.003772821818012956,0.5267030228365356,0.0010020548564179527,0.40573881958259667,0.003981914754124716,0.0,0.0
hiro_no_external,6600,1.12,0.0,6215.5,6.592466324896772,1.04,1.6174425334296218e-17,0.041536363636363635,0.002692466726469114,0.9268636363636367,0.002685425006959044,0.015806060606060605,0.000278083862770266,0.015793939393939395,0.0002333875399853068,0.0,0.0,0.015793939393939395,0.0002333875399853068,0.8764606060606062,0.003720208801144011,0.5269027541685783,0.0009857707176651642,0.40458688686364624,0.003963742544069704,0.0,0.0
hiro_no_external,6700,1.12,0.0,6312.6,6.664679976088385,1.04,1.6174425334296218e-17,0.04155820895522388,0.00263704366666081,0.9270388059701493,0.0026355233509512115,0.01569850746268657,0.00027822308671078696,0.0157044776119403,0.000227747696241343,0.0,0.0,0.0157044776119403,0.000227747696241343,0.8776268656716418,0.0037132335430986674,0.5270775038877286,0.000977243857637268,0.4033240284082721,0.00392733940828096,0.0,0.0
hiro_no_external,6800,1.12,0.0,6409.8,6.653831181188406,1.04,1.6174425334296218e-17,0.04135588235294118,0.002585356257797573,0.9274323529411765,0.002583679042422224,0.015605882352941178,0.0002744839352128336,0.015605882352941176,0.00022586290682601132,0.0,0.0,0.015605882352941176,0.00022586290682601132,0.8788911764705882,0.003662475668263205,0.5272742532375496,0.0009640863734195324,0.40211918598825447,0.0038963095728593703,0.0,0.0
hiro_no_external,6900,1.12,0.0,6506.76,6.662141593530184,1.04,1.6174425334296218e-17,0.040999999999999995,0.0025528722708405343,0.9279739130434783,0.0025464407372804507,0.015518840579710145,0.0002673563346159276,0.015507246376811595,0.0002218704484408913,0.0,0.0,0.015507246376811595,0.0002218704484408913,0.8798376811594204,0.0036663215225104513,0.5274144620403572,0.0009592080265277662,0.4010815607992298,0.0038312326472964638,0.0,0.0
hiro_no_external,7000,1.12,0.0,6604.0,6.6962066629898285,1.04,1.6174425334296218e-17,0.04078285714285714,0.0025273950583406257,0.9283742857142856,0.002522309916251236,0.015414285714285715,0.00025770104624897735,0.015428571428571429,0.0002244526870998779,0.0,0.0,0.015428571428571429,0.0002244526870998779,0.8809542857142858,0.003666681801743276,0.5275848443866079,0.0009572355062384057,0.4002137506170637,0.003805860159837636,0.0,0.0
hiro_no_external,7100,1.12,0.0,6700.72,6.692245893722138,1.04,1.6174425334296218e-17,0.04046760563380282,0.002477244232048823,0.9288169014084506,0.002469225260276993,0.01535492957746479,0.0002558891040083468,0.015360563380281689,0.000217356354035087,0.0,0.0,0.015360563380281689,0.000217356354035087,0.881780281690141,0.003601957561066327,0.5276708829545804,0.0009533374182550938,0.39976181820476364,0.003829917428518252,0.0,0.0
hiro_no_external,7200,1.12,0.0,6797.42,6.745101926583468,1.04,1.6174425334296218e-17,0.04026111111111111,0.0024443434322563625,0.9291499999999998,0.0024320432440941217,0.015294444444444444,0.00025324301210426757,0.015294444444444444,0.0002128345927474959,0.0,0.0,0.015294444444444444,0.0002128345927474959,0.8826916666666668,0.00356248414794491,0.5277909967880496,0.0009432177127750412,0.39921397548189286,0.003815555622697572,0.0,0.0
hiro_no_external,7300,1.12,0.0,6894.66,6.698437831894471,1.04,1.6174425334296218e-17,0.04023013698630137,0.0024137574933236657,0.9293013698630136,0.0024049543049877915,0.015238356164383562,0.0002463130341487205,0.01523013698630137,0.00021094002362602977,0.0,0.0,0.01523013698630137,0.00021094002362602977,0.883758904109589,0.0035054712311846643,0.5279620126093875,0.00092691327890225,0.3984851701950825,0.0037509794754992864,0.0,0.0
hiro_no_external,7400,1.12,0.0,6991.38,6.667857104598669,1.04,1.6174425334296218e-17,0.04019999999999999,0.0024127945407479705,0.9294540540540542,0.0024110754518994245,0.015164864864864862,0.00024208494208494212,0.015181081081081082,0.00020972786745524017,0.0,0.0,0.015181081081081082,0.00020972786745524017,0.8846189189189189,0.003438439505988311,0.5280890482865681,0.0009070007928269993,0.3976965550187163,0.0036573671934415027,0.0,0.0
hiro_no_external,7500,1.12,0.0,7088.32,6.679327841045329,1.04,1.6174425334296218e-17,0.03986666666666667,0.0023805744461951935,0.929896,0.0023788372776738626,0.015112,0.00023685344742172435,0.015125333333333333,0.00020054022277932415,0.0,0.0,0.015125333333333333,0.00020054022277932415,0.885632,0.0033921249281747673,0.5282584954305022,0.0008951768803749314,0.3966884867578706,0.0036044205435391244,0.0,0.0
hiro_no_external,7600,1.12,0.0,7185.6,6.671657995443356,1.04,1.6174425334296218e-17,0.03952894736842105,0.0023577726071735096,0.9303552631578946,0.0023546870263672,0.015071052631578947,0.0002337550937095314,0.015044736842105262,0.00020061279009180833,0.0,0.0,0.015044736842105262,0.00020061279009180833,0.886734210526316,0.0033431700943279555,0.5284524232105738,0.0008833146627106481,0.39568432463887715,0.0035557846059378574,0.0,0.0
hiro_no_external,7700,1.12,0.0,7283.16,6.657348862539127,1.04,1.6174425334296218e-17,0.03927532467532468,0.002332155040495699,0.9307714285714286,0.002331724974579802,0.015007792207792208,0.00023397699366209133,0.014945454545454546,0.00019867487945154767,0.0,0.0,0.014945454545454546,0.00019867487945154767,0.8878233766233765,0.003297884286650646,0.5286289344333563,0.0008711196855420196,0.39500647216008533,0.0035392660743014076,0.0,0.0
hiro_no_external,7800,1.12,0.0,7380.64,6.617525278858141,1.04,1.6174425334296218e-17,0.03892564102564103,0.00230468694935971,0.9312897435897436,0.0023015774849756486,0.014910256410256409,0.0002323698776513773,0.014874358974358976,0.0002006473576389532,0.0,0.0,0.014874358974358976,0.0002006473576389532,0.888753846153846,0.003238126398338461,0.5287564519356951,0.0008568801947029258,0.3946547581538379,0.003460912029403656,0.0,0.0
hiro_no_external,7900,1.12,0.0,7477.74,6.64448889329053,1.04,1.6174425334296218e-17,0.03877974683544304,0.002259384250147495,0.9316101265822785,0.002257230446312039,0.014837974683544303,0.00023285326063495298,0.014772151898734178,0.00019977620576818714,0.0,0.0,0.014772151898734178,0.00019977620576818714,0.889440506329114,0.003196685451699354,0.5288408899319992,0.0008450924000099511,0.3943151316236093,0.0034186292482674117,0.0,0.0
hiro_no_external,8000,1.12,0.0,7574.74,6.611234100115546,1.04,1.6174425334296218e-17,0.03848,0.002232675250794482,0.9320824999999999,0.00223214459999932,0.014774999999999998,0.0002261873433367002,0.014662499999999998,0.00019779556803602524,0.0,0.0,0.014662499999999998,0.00019779556803602524,0.8900250000000001,0.0031392471149910444,0.528907118148283,0.0008349192359785568,0.39409849902400285,0.003397217946688656,0.0,0.0
hiro_no_external,8100,1.12,0.0,7671.56,6.729900384379657,1.04,1.6174425334296218e-17,0.038197530864197526,0.0022012673441088168,0.9324962962962964,0.0021961214308087854,0.01468148148148148,0.00022613063075105225,0.014624691358024694,0.00019243263314770593,0.0,0.0,0.014624691358024694,0.00019243263314770593,0.8906666666666666,0.0031253060530278156,0.528992445062056,0.0008360487779557501,0.39378646196984735,0.0034131588608589947,0.0,0.0
hiro_no_external,8200,1.12,0.0,7769.34,6.754929265932775,1.04,1.6174425334296218e-17,0.038048780487804884,0.0021720651828987967,0.9327951219512195,0.002165616200508507,0.014597560975609755,0.00022281269645012874,0.014558536585365853,0.0001911266548546362,0.0,0.0,0.014558536585365853,0.0001911266548546362,0.891660975609756,0.003093077674841702,0.529163701216572,0.0008263477520114489,0.3929169628792443,0.0034013269088235174,0.0,0.0
hiro_no_external,8300,1.12,0.0,7867.42,6.7340190261758215,1.04,1.6174425334296218e-17,0.03793253012048192,0.0021544498647064533,0.9331036144578314,0.002149304418003489,0.014498795180722892,0.00022008406032705734,0.014465060240963857,0.00018893434119309155,0.0,0.0,0.014465060240963857,0.00018893434119309155,0.8926168674698794,0.0030486355005412695,0.5293222655581304,0.0008149829632668489,0.3920861883655501,0.00336589675104541,0.0,0.0
hiro_no_external,8400,1.12,0.0,7964.62,6.704545518694379,1.04,1.6174425334296218e-17,0.037873809523809525,0.0021195307700910076,0.9332857142857143,0.0021103735945985375,0.014442857142857141,0.00022018234001263746,0.014397619047619046,0.00018665413426524502,0.0,0.0,0.014397619047619046,0.00018665413426524502,0.8934761904761906,0.0030049937612591083,0.5294537225479877,0.0008040238228625906,0.3914952617602953,0.0032995262613226997,0.0,0.0
hiro_no_external,8500,1.12,0.0,8062.14,6.693829628997202,1.04,1.6174425334296218e-17,0.03805411764705882,0.002189036009899683,0.9332329411764705,0.0021663474124672217,0.014376470588235293,0.00021528355578629796,0.014336470588235294,0.00018901429443980553,0.0,0.0,0.014336470588235294,0.00018901429443980553,0.8943411764705883,0.002965437989600276,0.5295807637625769,0.0007937793900947948,0.3909545831491099,0.0032813877990623525,0.0,0.0
hiro_no_external,8600,1.12,0.0,8159.8,6.693463152927028,1.04,1.6174425334296218e-17,0.037695348837209305,0.0021636241383469067,0.9337558139534883,0.0021379641011713395,0.014306976744186043,0.00021383996492986877,0.01424186046511628,0.00018504237803860022,0.0,0.0,0.01424186046511628,0.00018504237803860022,0.8952,0.00292435251255493,0.5297201334933265,0.0007818477742610264,0.3902592058181727,0.0032126044974248396,0.0,0.0
hiro_no_external,8700,1.12,0.0,8257.36,6.709831957505283,1.04,1.6174425334296218e-17,0.03754022988505747,0.002152866543443023,0.9340344827586207,0.00212470147477022,0.014248275862068966,0.00021667312209334682,0.014177011494252873,0.00018037331465560377,0.0,0.0,0.014177011494252873,0.00018037331465560377,0.8959839080459769,0.0028948168458205045,0.529845855739881,0.0007706794648616371,0.38968728525227164,0.0031239067241913875,0.0,0.0
hiro_no_external,8800,1.12,0.0,8354.74,6.7396366401176495,1.04,1.6174425334296218e-17,0.03736136363636364,0.0021481494318635716,0.9343704545454544,0.0021257364314790743,0.014163636363636364,0.00021378729914669353,0.014104545454545456,0.0001779398512309627,0.0,0.0,0.014104545454545456,0.0001779398512309627,0.8965727272727273,0.0029151837141130317,0.5299178996341504,0.0007726986802924693,0.38937565080166747,0.003067197649247823,0.0,0.0
hiro_no_external,8900,1.12,0.0,8452.54,6.7426882545435225,1.04,1.6174425334296218e-17,0.03702247191011236,0.0021223770479857837,0.9348606741573033,0.0020992553621949402,0.014085393258426964,0.00021109246859896404,0.014031460674157305,0.00017555937168697492,0.0,0.0,0.014031460674157305,0.00017555937168697492,0.8973640449438203,0.0028841031639564043,0.5300422656332054,0.0007639939560251062,0.38880280236690856,0.0030661237294832147,0.0,0.0
hiro_no_external,9000,1.12,0.0,8550.08,6.70661202828665,1.04,1.6174425334296218e-17,0.03705111111111111,0.002094286003017225,0.9349600000000001,0.002076172904153588,0.014024444444444445,0.00020897691974387675,0.013964444444444446,0.00017473126614636148,0.0,0.0,0.013964444444444446,0.00017473126614636148,0.8980733333333335,0.002850349260092515,0.5301508146041966,0.0007526600350073036,0.38821483721881345,0.0030171738804231083,0.0,0.0
hiro_no_external,9100,1.12,0.0,8647.78,6.659980388522943,1.04,1.6174425334296218e-17,0.03706153846153846,0.0020621486460399,0.9350769230769232,0.002040347730286351,0.013962637362637365,0.0002042846472422517,0.013898901098901099,0.00017140211755567718,0.0,0.0,0.013898901098901099,0.00017140211755567718,0.8987736263736263,0.002813812864853131,0.5302615236682748,0.0007415629969630454,0.3876106682474494,0.0029484913730429235,0.0,0.0
hiro_no_external,9200,1.12,0.0,8745.16,6.622186580129014,1.04,1.6174425334296218e-17,0.036982608695652175,0.002037739397605097,0.9352608695652174,0.002013093209249244,0.013908695652173913,0.00020383556400982225,0.01384782608695652,0.0001680752686675131,0.0,0.0,0.01384782608695652,0.0001680752686675131,0.8995043478260868,0.0027799076009500457,0.5303856992637163,0.0007324045219324883,0.38693806484269083,0.0028961026329972456,0.0,0.0
hiro_no_external,9300,1.12,0.0,8843.02,6.637708603893672,1.04,1.6174425334296218e-17,0.03669677419354839,0.002022693379059261,0.9356602150537634,0.0019935354856283186,0.013847311827956992,0.00020439437482470016,0.013795698924731183,0.0001664169521040816,0.0,0.0,0.013795698924731183,0.0001664169521040816,0.9003075268817204,0.0027526573298963406,0.5305322734370288,0.0007246276126309111,0.3860189821541246,0.0028780943631690815,0.0,0.0
hiro_no_external,9400,1.12,0.0,8940.74,6.628682880836424,1.04,1.6174425334296218e-17,0.036465957446808514,0.001993425808669737,0.9360319148936169,0.0019644390067939037,0.013774468085106384,0.00020478383641327183,0.013727659574468082,0.00016254891747228,0.0,0.0,0.013727659574468082,0.00016254891747228,0.9009553191489361,0.002733532664818582,0.530638862056762,0.0007175838697252678,0.3852101910289577,0.0028667525938567582,0.0,0.0
hiro_no_external,9500,1.12,0.0,9039.08,6.617098445446818,1.04,1.6174425334296218e-17,0.03617684210526316,0.0019721744372276514,0.9364863157894737,0.0019430966355335403,0.013680000000000001,0.0002031124206826885,0.013656842105263158,0.00016420088654952073,0.0,0.0,0.013656842105263158,0.00016420088654952073,0.9017263157894736,0.0027057658967719043,0.5307704324569557,0.0007091159505538771,0.3844506315447889,0.002838841637734119,0.0,0.0
hiro_no_external,9600,1.12,0.0,9136.88,6.616469247727404,1.04,1.6174425334296218e-17,0.0359125,0.0019483515875555314,0.9368666666666665,0.0019231967840502976,0.013618750000000002,0.00019946716329936082,0.013602083333333332,0.00016077187019510517,0.0,0.0,0.013602083333333332,0.00016077187019510517,0.9024604166666665,0.0026702249093415805,0.5309001064871945,0.0006996657691674592,0.3836382442567825,0.0028314161593745377,0.0,0.0
hiro_no_external,9700,1.12,0.0,9234.94,6.591175919363707,1.04,1.6174425334296218e-17,0.035729896907216493,0.0019369825427782616,0.9371938144329895,0.0019172028938915738,0.013550515463917527,0.00019986439124491335,0.013525773195876289,0.00016003626164602208,0.0,0.0,0.013525773195876289,0.00016003626164602208,0.9031134020618556,0.0026299033031361723,0.5310019429595532,0.0006891910800655984,0.38298683719806403,0.0028186998110845047,0.0,0.0
hiro_no_external,9800,1.12,0.0,9332.08,6.5917598529667085,1.04,1.6174425334296218e-17,0.03564081632653061,0.001922037040554797,0.9374081632653062,0.0019028277004424893,0.01349795918367347,0.0001990431769740577,0.013453061224489797,0.0001586541669043484,0.0,0.0,0.013453061224489797,0.0001586541669043484,0.9034795918367347,0.002577030664750369,0.5310512414709208,0.0006796900710408431,0.3823420028423432,0.002821329670984421,0.0,0.0
hiro_no_external,9900,1.12,0.0,9429.88,6.567305538865716,1.04,1.6174425334296218e-17,0.035501010101010096,0.001898352086119654,0.937680808080808,0.0018755443326708464,0.013438383838383838,0.00019800083186890816,0.013379797979797981,0.00015491169923671075,0.0,0.0,0.013379797979797981,0.00015491169923671075,0.9040808080808079,0.0025372348167803853,0.5311506981481415,0.0006698128832011087,0.3816488804241744,0.0028321638799154777,0.0,0.0
hiro_no_external,10000,1.12,0.0,9528.4,6.557065047779863,1.04,1.6174425334296218e-17,0.035388,0.0018815877793577876,0.9379660000000001,0.001857289246977641,0.013356,0.00019879555696591345,0.01329,0.00015529432227422946,0.0,0.0,0.01329,0.00015529432227422946,0.904792,0.002521973376997805,0.5312721161638199,0.0006646103270620037,0.38085910412763263,0.002840758456685413,0.0,0.0
hiro_no_external,10100,1.12,0.0,9626.5,6.58242868149278,1.04,1.6174425334296218e-17,0.03521980198019802,0.0018736244238057441,0.9382613861386138,0.0018510116168435316,0.013304950495049504,0.0001972279581042513,0.013213861386138613,0.00015448264367213933,0.0,0.0,0.013213861386138613,0.00015448264367213933,0.9055089108910892,0.002501410744125138,0.531394113090081,0.0006588830810452544,0.38011350924294973,0.002854584718205133,0.0,0.0
hiro_no_external,10200,1.12,0.0,9724.9,6.579575695022485,1.04,1.6174425334296218e-17,0.03509999999999999,0.0018822226553884707,0.9385392156862744,0.0018590225224124398,0.013219607843137256,0.0001948613688936758,0.013141176470588233,0.00015525284312916301,0.0,0.0,0.013141176470588233,0.00015525284312916301,0.9062411764705884,0.0024772939003148615,0.5315171337721665,0.0006545361020691763,0.3794760539001291,0.0028760936373710415,0.0,0.0
hiro_no_external,10300,1.12,0.0,9822.8,6.607664072105658,1.04,1.6174425334296218e-17,0.03482718446601942,0.0018653775766104854,0.9389203883495146,0.0018426832658973,0.013153398058252427,0.00019477300351524018,0.013099029126213593,0.00015508796704876763,0.0,0.0,0.013099029126213593,0.00015508796704876763,0.9069242718446602,0.002458657746174392,0.5316413248538532,0.0006505028892554919,0.37878583247229086,0.0028927065393299046,0.0,0.0
hiro_no_external,10400,1.12,0.0,9921.08,6.640681056786208,1.04,1.6174425334296218e-17,0.034528846153846146,0.0018482483580722516,0.9393519230769231,0.0018274080369304474,0.013098076923076922,0.00019301850580110975,0.013021153846153845,0.00015506994615949277,0.0,0.0,0.013021153846153845,0.00015506994615949277,0.9076211538461538,0.002436938327621635,0.531767873319358,0.0006465765974284956,0.3781186721109201,0.0029245249828814455,0.0,0.0
hiro_no_external,10500,1.12,0.0,10019.34,6.613567378456785,1.04,1.6174425334296218e-17,0.03425523809523809,0.0018287707212420923,0.9397733333333335,0.0018073904666533786,0.01302285714285714,0.00018889156204808836,0.01294857142857143,0.00015172258162271274,0.0,0.0,0.01294857142857143,0.00015172258162271274,0.9080380952380953,0.0024134428462975572,0.53182173686653,0.0006429344107568954,0.3778080927741366,0.0029681581697731784,0.0,0.0
hiro_no_external,10600,1.12,0.0,10117.08,6.686559165175147,1.04,1.6174425334296218e-17,0.03408867924528302,0.0018082248161613787,0.9400566037735848,0.0017827514453115918,0.012966037735849057,0.00019015900288606543,0.01288867924528302,0.00015079627986631418,0.0,0.0,0.01288867924528302,0.00015079627986631418,0.9085641509433963,0.002403820507929609,0.5319069549364324,0.0006402055210725268,0.3773678998557426,0.0029883775165359837,0.0,0.0
hiro_no_external,10700,1.12,0.0,10214.98,6.73349774164473,1.04,1.6174425334296218e-17,0.03408971962616822,0.0017972642161960446,0.9401738317757007,0.001773774535529995,0.012914018691588784,0.00019006858633521245,0.012822429906542058,0.00015057807401732106,0.0,0.0,0.012822429906542058,0.00015057807401732106,0.9090261682242992,0.0024002787266335273,0.5319782180372258,0.0006408782037990089,0.3769296950715651,0.0030123184724953535,0.0,0.0
hiro_no_external,10800,1.12,0.0,10313.24,6.75534920319763,1.04,1.6174425334296218e-17,0.03385925925925926,0.0017810274374523835,0.9405407407407407,0.0017584760957210378,0.012825925925925925,0.00018701364888233361,0.012774074074074073,0.00015127927003228894,0.0,0.0,0.012774074074074073,0.00015127927003228894,0.9096351851851853,0.002379779855321487,0.5320856204312083,0.0006350932331468118,0.3763162495938548,0.0030058828476696173,0.0,0.0
hiro_no_external,10900,1.12,0.0,10411.84,6.757028691273544,1.04,1.6174425334296218e-17,0.033710091743119265,0.0017696386510886993,0.9408458715596332,0.001746581156145156,0.012750458715596331,0.00018687178074988076,0.012693577981651374,0.0001497033293383852,0.0,0.0,0.012693577981651374,0.0001497033293383852,0.9102201834862383,0.0023575573754190016,0.532183610288611,0.0006303146089858932,0.37569110246270376,0.0029950575081716876,0.0,0.0
hiro_no_external,11000,1.12,0.0,10510.14,6.735286912665144,1.04,1.6174425334296218e-17,0.03366,0.0017434141018834214,0.9410200000000001,0.001719237809997994,0.01269272727272727,0.0001840840260743985,0.01262727272727273,0.00014923767607476215,0.0,0.0,0.01262727272727273,0.00014923767607476215,0.9108036363636363,0.002340823778548824,0.5322868153069763,0.0006239807329780511,0.3749756006366607,0.002994735941889709,0.0,0.0
hiro_no_external,11100,1.12,0.0,10608.42,6.78149282223016,1.04,1.6174425334296218e-17,0.03361261261261261,0.0017291823803050443,0.9412054054054053,0.0017100869772399456,0.012621621621621622,0.00018257736112112108,0.012560360360360361,0.00014844855520605463,0.0,0.0,0.012560360360360361,0.00014844855520605463,0.9113225225225225,0.002319616857442795,0.5323706829142806,0.0006208029298160898,0.374381601857546,0.00302037914479741,0.0,0.0
hiro_no_external,11200,1.12,0.0,10706.84,6.7774752990012015,1.04,1.6174425334296218e-17,0.03338928571428571,0.0017122762913373193,0.9415571428571429,0.0016922827198289697,0.012549999999999999,0.00018036923003113403,0.012503571428571426,0.00014554147129503054,0.0,0.0,0.012503571428571426,0.00014554147129503054,0.9119071428571428,0.002297313578338366,0.5324770685334456,0.0006153511855088236,0.3736800388731143,0.003044019064031888,0.0,0.0
hiro_no_external,11300,1.12,0.0,10805.32,6.829733314182711,1.04,1.6174425334296218e-17,0.03312743362831858,0.001695877299394626,0.941941592920354,0.0016758315485040506,0.012495575221238937,0.0001796263993821632,0.012435398230088492,0.00014525338902470936,0.0,0.0,0.012435398230088492,0.00014525338902470936,0.9125203539823008,0.0022769573704417754,0.532592553166637,0.0006095157968371387,0.37299195071973473,0.0030400091799525127,0.0,0.0
hiro_no_external,11400,1.12,0.0,10903.96,6.802878142404739,1.04,1.6174425334296218e-17,0.03298245614035087,0.0016807795641731438,0.9422245614035089,0.001661785983118572,0.012419298245614037,0.00017930031955964897,0.012373684210526315,0.00014398294472804923,0.0,0.0,0.012373684210526315,0.00014398294472804923,0.9131,0.002249614078065229,0.5326922404047741,0.000602181467168896,0.372303889176828,0.003007175905718507,0.0,0.0
hiro_no_external,11500,1.12,0.0,11002.58,6.7959225470355475,1.04,1.6174425334296218e-17,0.03273913043478261,0.0016669571651208063,0.9425947826086957,0.0016490015028981372,0.012351304347826086,0.00017813785874133448,0.012314782608695651,0.0001421780239223986,0.0,0.0,0.012314782608695651,0.0001421780239223986,0.9136956521739131,0.002232553896801977,0.5328045866009009,0.0005971869882068718,0.3714880874395201,0.002992620345544182,0.0,0.0
hiro_no_external,11600,1.12,0.0,11101.48,6.794670180159068,1.04,1.6174425334296218e-17,0.0324948275862069,0.0016521392165540346,0.9430034482758621,0.0016361973861613115,0.012265517241379309,0.00017512020810505493,0.012236206896551723,0.00014068352327573574,0.0,0.0,0.012236206896551723,0.00014068352327573574,0.9142327586206898,0.002217370260442968,0.5328957926092555,0.0005926751676537242,0.3708902136730916,0.002973558601833151,0.0,0.0
hiro_no_external,11700,1.12,0.0,11200.38,6.821807169747946,1.04,1.6174425334296218e-17,0.03227179487179487,0.0016379995829258762,0.9433743589743591,0.0016214238626205716,0.012191452991452993,0.00017396178206150042,0.012162393162393162,0.00013973397449492278,0.0,0.0,0.012162393162393162,0.00013973397449492278,0.9148290598290599,0.002199591253927768,0.5330035609184912,0.0005866782805931841,0.370250007074286,0.0029520460579703462,0.0,0.0
hiro_no_external,11800,1.12,0.0,11299.12,6.831418414284138,1.04,1.6174425334296218e-17,0.0320593220338983,0.001623091208582789,0.943713559322034,0.0016051345664322384,0.012127118644067797,0.00017128504545643993,0.012100000000000001,0.00013897313747537226,0.0,0.0,0.012100000000000001,0.00013897313747537226,0.9154338983050846,0.0021819012293618147,0.5331158227219399,0.0005819268373878381,0.36972530363849093,0.0029293133654269923,0.0,0.0
hiro_no_external,11900,1.12,0.0,11397.84,6.814052706408594,1.04,1.6174425334296218e-17,0.03188571428571429,0.0016136225107134714,0.9440218487394959,0.001594953501490644,0.012057142857142857,0.00017021843971169384,0.012035294117647059,0.00013658679356654173,0.0,0.0,0.012035294117647059,0.00013658679356654173,0.9159764705882354,0.0021626638365584206,0.5332128364725782,0.0005769875109616504,0.3690936330478349,0.002925011816058281,0.0,0.0
hiro_no_external,12000,1.12,0.0,11496.52,6.816800374584749,1.04,1.6174425334296218e-17,0.03166,0.0015994150007647176,0.944385,0.0015816566310083548,0.011990000000000002,0.0001701946331466637,0.011964999999999998,0.0001355071518725738,0.0,0.0,0.011964999999999998,0.0001355071518725738,0.9164666666666667,0.002136799639276621,0.5333015950652732,0.0005725537777838685,0.3683755941858808,0.0029330249769183954,0.0,0.0
hiro_no_external,12100,1.12,0.0,11595.58,6.840222576638803,1.04,1.6174425334296218e-17,0.0316099173553719,0.001594803586592153,0.9445768595041324,0.00157568700523426,0.011914049586776861,0.0001690969745672707,0.011899173553719007,0.00013373012201548618,0.0,0.0,0.011899173553719007,0.00013373012201548618,0.9170545454545455,0.002121222611848045,0.5334095997417193,0.0005680266734296885,0.36758323106301694,0.002913835782524453,0.0,0.0
hiro_no_external,12200,1.12,0.0,11694.38,6.857731522351474,1.04,1.6174425334296218e-17,0.03149016393442623,0.0015867624251207201,0.9448409836065573,0.001565383112200642,0.011844262295081967,0.00016819896474014765,0.011824590163934424,0.0001338343463731932,0.0,0.0,0.011824590163934424,0.0001338343463731932,0.9176098360655739,0.002104112641642671,0.5335090255314701,0.0005623886062234998,0.3668827451546018,0.002880490699631267,0.0,0.0
hiro_no_external,12300,1.12,0.0,11793.04,6.854640019426138,1.04,1.6174425334296218e-17,0.031258536585365856,0.001574299915999598,0.9451837398373983,0.0015513303302922038,0.011793495934959349,0.00017040207736256064,0.011764227642276423,0.00013232774858510865,0.0,0.0,0.011764227642276423,0.00013232774858510865,0.918079674796748,0.0020833062995247315,0.5335937277938739,0.0005560383065375364,0.3663318031205059,0.0028515159593527893,0.0,0.0
hiro_no_external,12400,1.12,0.0,11891.88,6.871392337296802,1.04,1.6174425334296218e-17,0.031143548387096775,0.0015665876250422052,0.9454290322580644,0.00154018330871185,0.011732258064516131,0.00016971481226134194,0.01169516129032258,0.00013002600379955888,0.0,0.0,0.01169516129032258,0.00013002600379955888,0.9185983870967742,0.002063189905347912,0.5336836763801132,0.0005512597058137733,0.3657476411482606,0.0028335513174761436,0.0,0.0
hiro_no_external,12500,1.12,0.0,11990.8,6.871888906469395,1.04,1.6174425334296218e-17,0.030923199999999998,0.001554632247084007,0.9457792,0.0015284552116033854,0.0116688,0.00016912756687645873,0.0116288,0.00012941584295658422,0.0,0.0,0.0116288,0.00012941584295658422,0.9191615999999999,0.0020475551047380337,0.5337845507250866,0.000546430298100677,0.3651205349068471,0.00279349351565857,0.0,0.0
hiro_no_external,12600,1.12,0.0,12089.56,6.860544394416167,1.04,1.6174425334296218e-17,0.030711111111111113,0.0015419150322806712,0.9461190476190476,0.0015156864426062978,0.011593650793650793,0.0001684555454337366,0.011576190476190476,0.00012795245471370657,0.0,0.0,0.011576190476190476,0.00012795245471370657,0.9196174603174603,0.0020255420977337247,0.5338686357727956,0.0005407355674450747,0.36444479269277896,0.00275124605688534,0.0,0.0
hiro_no_external,12700,1.12,0.0,12188.52,6.848520769822771,1.04,1.6174425334296218e-17,0.030503937007874016,0.001529259479231739,0.9464566929133857,0.001502311940624702,0.011527559055118108,0.00016761537319913053,0.011511811023622047,0.0001270045460181997,0.0,0.0,0.011511811023622047,0.0001270045460181997,0.9201228346456692,0.002005601471587441,0.5339622509945905,0.0005352030921765839,0.36374809301683003,0.002707957694216595,0.0,0.0
hiro_no_external,12800,1.12,0.0,12287.76,6.832608489845602,1.04,1.6174425334296218e-17,0.030359375,0.0015148177289407677,0.9467453125,0.0014880235269179563,0.0114578125,0.00016637492069985384,0.011437499999999998,0.00012591343550152193,0.0,0.0,0.011437499999999998,0.00012591343550152193,0.9206734375000001,0.0019874996615686065,0.5340642979764304,0.0005298429996494275,0.36292137245729733,0.0026804992180791036,0.0,0.0
hiro_no_external,12900,1.12,0.0,12386.86,6.81690635441752,1.04,1.6174425334296218e-17,0.030367441860465118,0.00151069066632933,0.9468682170542635,0.0014799553054552065,0.011389147286821704,0.0001644335929575763,0.011375193798449612,0.00012514940317805297,0.0,0.0,0.011375193798449612,0.00012514940317805297,0.921187596899225,0.0019691422734265025,0.5341568255787787,0.0005259293938985976,0.36211298526861924,0.0026667215936241693,0.0,0.0
hiro_no_external,13000,1.12,0.0,12485.94,6.815732700517088,1.04,1.6174425334296218e-17,0.030384615384615378,0.001561664895779288,0.9469799999999998,0.001524965624061966,0.011321538461538463,0.00016324049141211571,0.011313846153846152,0.00012368062301784918,0.0,0.0,0.011313846153846152,0.00012368062301784918,0.9216907692307692,0.0019520461553791046,0.534248581313438,0.0005222801724585862,0.3612988846768298,0.00264597896056645,0.0,0.0
hiro_no_external,13100,1.12,0.0,12585.3,6.80775368268283,1.04,1.6174425334296218e-17,0.03017709923664122,0.0015481091175260219,0.9473312977099236,0.001511846816759759,0.011250381679389314,0.0001623346506485824,0.011241221374045802,0.0001237779292799272,0.0,0.0,0.011241221374045802,0.0001237779292799272,0.9222091603053434,0.0019347037558094815,0.5343449570970782,0.0005179663147550146,0.3605299465095835,0.0026166107059723337,0.0,0.0
hiro_no_external,13200,1.12,0.0,12684.38,6.774013370436844,1.04,1.6174425334296218e-17,0.030040909090909094,0.001527168195051371,0.9475909090909092,0.0014940600642952633,0.011187878787878788,0.00016038420634579816,0.011180303030303032,0.00012265471946288029,0.0,0.0,0.011180303030303032,0.00012265471946288029,0.9227106060606062,0.0019182634554480286,0.534431252888125,0.0005127386148836702,0.35977542831668685,0.0025835509683877454,0.0,0.0
hiro_no_external,13300,1.12,0.0,12783.8,6.79627749250294,1.04,1.6174425334296218e-17,0.029831578947368428,0.0015155614204521164,0.9479368421052632,0.0014817838186599328,0.011126315789473684,0.00016053586538020722,0.011105263157894738,0.00012222736083226007,0.0,0.0,0.011105263157894738,0.00012222736083226007,0.923242105263158,0.0019047617378569882,0.5345328284659286,0.0005086514587171892,0.3589686456447258,0.0025498165305330696,0.0,0.0
hiro_no_external,13400,1.12,0.0,12883.02,6.808907131583644,1.04,1.6174425334296218e-17,0.029638805970149257,0.0015022851950089516,0.9482522388059701,0.0014681422277869028,0.011065671641791047,0.00016056782054739386,0.011043283582089551,0.00012128223406268069,0.0,0.0,0.011043283582089551,0.00012128223406268069,0.923755223880597,0.001889966025297683,0.534632483590618,0.0005045180961967592,0.3582379432230693,0.0025191593960057655,0.0,0.0
hiro_no_external,13500,1.12,0.0,12982.36,6.817310499675043,1.04,1.6174425334296218e-17,0.029426666666666663,0.0014905419237101144,0.9485911111111109,0.0014574736361501657,0.011008888888888886,0.0001587709295081606,0.010973333333333333,0.00012093177992101897,0.0,0.0,0.010973333333333333,0.00012093177992101897,0.9242548148148146,0.0018766164656637955,0.5347291569658147,0.0005006713116207888,0.3575542442207918,0.0025094592175051956,0.0,0.0
hiro_no_external,13600,1.12,0.0,13081.88,6.820715145938937,1.04,1.6174425334296218e-17,0.029229411764705886,0.0014796975373098276,0.9489279411764706,0.0014470552397744007,0.01093676470588235,0.0001571957905274979,0.010905882352941177,0.00012058237915098434,0.0,0.0,0.010905882352941177,0.00012058237915098434,0.9247808823529411,0.0018629260050418758,0.5348293697043777,0.0004969684075674359,0.356862570336037,0.0025054723570576225,0.0,0.0
hiro_no_external,13700,1.12,0.0,13181.38,6.822465291451559,1.04,1.6174425334296218e-17,0.029029197080291974,0.0014687828390578719,0.9492613138686131,0.0014374621767823963,0.01087007299270073,0.00015457860797562687,0.01083941605839416,0.00011955333295417248,0.0,0.0,0.01083941605839416,0.00011955333295417248,0.9252890510948906,0.0018503763018270852,0.5349281281978421,0.0004934295564282067,0.35613795271660725,0.002499368402070996,0.0,0.0
hiro_no_external,13800,1.12,0.0,13280.9,6.804755240091374,1.04,1.6174425334296218e-17,0.028837681159420286,0.001460064777407159,0.9495840579710146,0.001429408057595647,0.010802898550724638,0.00015288477785319616,0.01077536231884058,0.00011816215846591747,0.0,0.0,0.01077536231884058,0.00011816215846591747,0.9257869565217389,0.0018357093674580536,0.5350242411768341,0.0004894694772970949,0.3554072159442974,0.002497738022021806,0.0,0.0
hiro_no_external,13900,1.12,0.0,13380.3,6.786556338731412,1.04,1.6174425334296218e-17,0.028640287769784174,0.0014495567647997295,0.949905035971223,0.0014195972979662913,0.010742446043165467,0.00015241822529744872,0.010712230215827338,0.00011611747122162209,0.0,0.0,0.010712230215827338,0.00011611747122162209,0.9262690647482014,0.0018205962008414022,0.5351177433490073,0.0004856955067455355,0.3547033837524697,0.002511326890617928,0.0,0.0
hiro_no_external,14000,1.12,0.0,13479.8,6.770644921502029,1.04,1.6174425334296218e-17,0.028541428571428572,0.0014448245830555864,0.9501385714285714,0.001413318587369605,0.010670000000000002,0.00015115672281491467,0.01065,0.00011539638872431079,0.0,0.0,0.01065,0.00011539638872431079,0.9267057142857145,0.0018035374560204291,0.5351982664980962,0.0004823149743509773,0.35402609499942755,0.0025279206564064356,0.0,0.0
hiro_no_external,14100,1.12,0.0,13579.28,6.752114710312946,1.04,1.6174425334296218e-17,0.02844397163120567,0.0014337520727636154,0.9503673758865249,0.0014037679328348692,0.010602836879432625,0.00015015799169480743,0.010585815602836881,0.00011510641820472228,0.0,0.0,0.010585815602836881,0.00011510641820472228,0.927175886524823,0.0017892072472290718,0.5352864743298443,0.00047814477283953456,0.3534281981705256,0.002535830438595382,0.0,0.0
hiro_no_external,14200,1.12,0.0,13678.7,6.729541937894255,1.04,1.6174425334296218e-17,0.02834507042253521,0.0014308328658877,0.9505873239436619,0.0014011287259415044,0.010540845070422536,0.00014988845786727237,0.010526760563380281,0.00011426800100777913,0.0,0.0,0.010526760563380281,0.00011426800100777913,0.9276422535211267,0.0017754395821408394,0.5353756068549412,0.0004744535774290254,0.3528589310393942,0.002537634530092598,0.0,0.0
hiro_no_external,14300,1.12,0.0,13778.0,6.715562188693071,1.04,1.6174425334296218e-17,0.028241958041958046,0.001423283016541371,0.9508069930069931,0.0013910000513419078,0.01048811188811189,0.00014928284221795777,0.010462937062937064,0.00011384912731678982,0.0,0.0,0.010462937062937064,0.00011384912731678982,0.9281076923076923,0.0017621204266835251,0.5354640555089278,0.0004711740336528458,0.3522577243029661,0.002542733048875157,0.0,0.0
hiro_no_external,14400,1.12,0.0,13877.5,6.721895383819984,1.04,1.6174425334296218e-17,0.028047222222222223,0.0014132565332318828,0.9511222222222222,0.0013805950778412312,0.01042638888888889,0.00014749432028044734,0.010404166666666666,0.00011314204684342769,0.0,0.0,0.010404166666666666,0.00011314204684342769,0.9285611111111112,0.0017491922604076413,0.5355521127035889,0.00046740867025076986,0.3516253150121252,0.002529926304386607,0.0,0.0
hiro_no_external,14500,1.12,0.0,13976.92,6.714154406010865,1.04,1.6174425334296218e-17,0.02797793103448276,0.0014479480075274141,0.9513089655172415,0.0014200506751582752,0.010369655172413794,0.00014470032275892613,0.010343448275862067,0.00011242739196660711,0.0,0.0,0.010343448275862067,0.00011242739196660711,0.9290013793103448,0.0017405420775648982,0.535635076289516,0.0004644884722594993,0.3510128158484557,0.0025295869906634214,0.0,0.0
hiro_no_external,14600,1.12,0.0,14076.56,6.702126375948432,1.04,1.6174425334296218e-17,0.027928767123287672,0.0014503917029823072,0.9514849315068494,0.001419877359312494,0.010301369863013698,0.0001433388655751858,0.010284931506849315,0.0001121854844843438,0.0,0.0,0.010284931506849315,0.0001121854844843438,0.9294671232876712,0.0017282217880226609,0.5357211076869797,0.00046068888344718705,0.35038977399563576,0.002523110627319717,0.0,0.0
hiro_no_external,14700,1.12,0.0,14175.94,6.695317279217449,1.04,1.6174425334296218e-17,0.027891156462585033,0.0014379862049661918,0.9516394557823129,0.0014052696556079917,0.010240816326530613,0.00014267138514941136,0.010228571428571429,0.00011120851458755956,0.0,0.0,0.010228571428571429,0.00011120851458755956,0.9299142857142857,0.0017160255192863526,0.5358022832492706,0.0004575003398961956,0.34971578631223216,0.0025123133622937804,0.0,0.0
hiro_no_external,14800,1.12,0.0,14275.56,6.698776007600194,1.04,1.6174425334296218e-17,0.027710810810810817,0.0014278977332477087,0.9519445945945947,0.0013956130942444763,0.010179729729729727,0.00014253864631640631,0.010164864864864865,0.00011086797121234692,0.0,0.0,0.010164864864864865,0.00011086797121234692,0.9303648648648648,0.0017047468883852664,0.5358903028900723,0.0004548247027671989,0.3489510679337235,0.0025224637039152815,0.0,0.0
hiro_no_external,14900,1.12,0.0,14375.08,6.676051625483617,1.04,1.6174425334296218e-17,0.027634899328859056,0.0014161947664421885,0.9521369127516779,0.0013857240206765695,0.010126174496644295,0.0001412183441093436,0.010102013422818792,0.00011042531935567049,0.0,0.0,0.010102013422818792,0.00011042531935567049,0.9308013422818793,0.0016918331749712088,0.5359740584871784,0.0004512525512356838,0.34813750675677824,0.0025314234994470177,0.0,0.0
hiro_no_external,15000,1.12,0.0,14474.46,6.678763786381856,1.04,1.6174425334296218e-17,0.027452,0.0014067918053761433,0.9524293333333332,0.0013762127663378555,0.010069333333333333,0.0001400739681500027,0.010049333333333334,0.00010974817598265254,0.0,0.0,0.010049333333333334,0.00010974817598265254,0.9312306666666669,0.0016814109289576247,0.5360583885670884,0.0004480629375772255,0.3473252740425819,0.0025383604633514734,0.0,0.0
hiro_no_external,15100,1.12,0.0,14574.12,6.689110248633024,1.04,1.6174425334296218e-17,0.027275496688741723,0.0013971905423484747,0.9527284768211921,0.0013673407869241403,0.01000927152317881,0.00013892809385287566,0.009986754966887418,0.00010948326313331644,0.0,0.0,0.009986754966887418,0.00010948326313331644,0.9316529801324503,0.0016714689880563372,0.536137505452467,0.0004451042197161754,0.34663276815529903,0.002537197090964645,0.0,0.0
hiro_no_external,15200,1.12,0.0,14673.84,6.7004940420959445,1.04,1.6174425334296218e-17,0.027105263157894733,0.0013879526652777108,0.9530236842105265,0.0013586948824494502,0.009946052631578947,0.00013820187525638857,0.009925,0.00010855177716683571,0.0,0.0,0.009925,0.00010855177716683571,0.9320447368421053,0.0016633371873066348,0.5362104702815693,0.0004420931465392803,0.3459678301789775,0.0025399976703494847,0.0,0.0
hiro_no_external,15300,1.12,0.0,14773.42,6.699259173176371,1.04,1.6174425334296218e-17,0.02693986928104575,0.0013787921682615217,0.953294117647059,0.0013496195077523896,0.009891503267973856,0.00013657178661063914,0.009874509803921568,0.00010843612861682233,0.0,0.0,0.009874509803921568,0.00010843612861682233,0.9324535947712418,0.0016536000012570575,0.5362869881480046,0.0004389380571317182,0.34535784618501225,0.002548184255708154,0.0,0.0
hiro_no_external,15400,1.12,0.0,14872.8,6.720179783795269,1.04,1.6174425334296218e-17,0.02682467532467533,0.0013724115943170776,0.9535103896103894,0.0013435246677206475,0.00984025974025974,0.0001360345884234016,0.009824675324675325,0.00010777049139558101,0.0,0.0,0.009824675324675325,0.00010777049139558101,0.9328402597402597,0.001648333799004689,0.5363606654433355,0.0004373380945114326,0.34466767322402236,0.002561623674027793,0.0,0.0
hiro_no_external,15500,1.12,0.0,14972.28,6.708510586241501,1.04,1.6174425334296218e-17,0.026663225806451613,0.0013638137038507814,0.9537690322580645,0.0013350141684492656,0.00979225806451613,0.0001348055372130589,0.009775483870967742,0.00010751838456661047,0.0,0.0,0.009775483870967742,0.00010751838456661047,0.9332283870967741,0.0016382523712264513,0.5364369720847855,0.00043437307560651914,0.34396477316872953,0.002567079436667784,0.0,0.0
hiro_no_external,15600,1.12,0.0,15072.04,6.701017894046137,1.04,1.6174425334296218e-17,0.0265,0.001354970999734767,0.954051282051282,0.0013268797850245016,0.00973076923076923,0.00013351133310335236,0.009717948717948718,0.00010676257613032726,0.0,0.0,0.009717948717948718,0.00010676257613032726,0.9336371794871795,0.0016273888958089624,0.5365161131232042,0.00043123457095828766,0.34322458158916197,0.0025761038251479336,0.0,0.0
hiro_no_external,15700,1.12,0.0,15171.54,6.685849204987854,1.04,1.6174425334296218e-17,0.026373248407643313,0.0013443964255862937,0.9542777070063696,0.0013167094908603943,0.009680254777070064,0.00013290399808823833,0.009668789808917198,0.00010653427518290375,0.0,0.0,0.009668789808917198,0.00010653427518290375,0.9340280254777069,0.001615920859000594,0.5365934179632773,0.00042835559780982584,0.34244094387681306,0.0025802826739944715,0.0,0.0
hiro_no_external,15800,1.12,0.0,15271.16,6.680422814432619,1.04,1.6174425334296218e-17,0.026227848101265824,0.0013356728839730115,0.9545316455696202,0.0013087190444274518,0.009624050632911392,0.00013216085094256046,0.009616455696202533,0.00010642087416051996,0.0,0.0,0.009616455696202533,0.00010642087416051996,0.9344164556962025,0.0016052206963442814,0.5366697716216322,0.00042595358636742306,0.34165758561318893,0.0025822558152192375,0.0,0.0
hiro_no_external,15900,1.12,0.0,15370.76,6.682328813171867,1.04,1.6174425334296218e-17,0.02607547169811321,0.0013276312177188628,0.9547849056603773,0.00129984839836014,0.009573584905660378,0.0001311559510000042,0.009566037735849056,0.0001061909471292522,0.0,0.0,0.009566037735849056,0.0001061909471292522,0.934806289308176,0.0015950863040890934,0.5367465448752722,0.0004233665010746232,0.3409428915395241,0.0025888350802247997,0.0,0.0
hiro_no_external,16000,1.12,0.0,15470.42,6.670072667351916,1.04,1.6174425334296218e-17,0.025926249999999998,0.0013186586437067209,0.95504375,0.0012908123752157791,0.00951875,0.00013022559409402924,0.00951125,0.00010532217942860769,0.0,0.0,0.00951125,0.00010532217942860769,0.9351800000000001,0.0015832838517151758,0.5368190073460117,0.00042058005940355894,0.34025247649390233,0.0026002406065898146,0.0,0.0
hiro_no_external,16100,1.12,0.0,15570.06,6.679081569515744,1.04,1.6174425334296218e-17,0.02577639751552795,0.001310736516554136,0.9552968944099378,0.001282867070312882,0.009467080745341616,0.00012900043733199597,0.009459627329192546,0.00010482675044953798,0.0,0.0,0.009459627329192546,0.00010482675044953798,0.9355639751552794,0.0015743486652191408,0.536894052070824,0.00041827703286665503,0.3395739941100859,0.002615997623179562,0.0,0.0
hiro_no_external,16200,1.12,0.0,15669.68,6.6760883084363725,1.04,1.6174425334296218e-17,0.025620987654320984,0.001302573208381449,0.955551851851852,0.0012744446859508922,0.00941358024691358,0.00012832733159402017,0.009413580246913581,0.00010441825714790574,0.0,0.0,0.009413580246913581,0.00010441825714790574,0.9359407407407407,0.001564834690123609,0.5369676373603779,0.0004157753165131204,0.33893365809039666,0.00262923236328333,0.0,0.0
hiro_no_external,16300,1.12,0.0,15769.3,6.681393597758126,1.04,1.6174425334296218e-17,0.025471165644171775,0.0012940612420856575,0.9558024539877301,0.0012665213085822,0.00936564417177914,0.00012758051262836724,0.009360736196319018,0.0001035529950461825,0.0,0.0,0.009360736196319018,0.0001035529950461825,0.9362858895705523,0.0015544950919491338,0.5370350806947709,0.0004124149279862934,0.3382471381373194,0.00263568324838109,0.0,0.0
hiro_no_external,16400,1.12,0.0,15868.88,6.691733554108657,1.04,1.6174425334296218e-17,0.025337804878048785,0.0012862349516554715,0.9560317073170731,0.0012583594146808458,0.00932439024390244,0.00012651778575480812,0.00930609756097561,0.00010281535675200734,0.0,0.0,0.00930609756097561,0.00010281535675200734,0.9366499999999999,0.0015448909292708154,0.5371070548053658,0.0004097329732997287,0.33755384529291677,0.002642937477417983,0.0,0.0
hiro_no_external,16500,1.12,0.0,15968.26,6.706671062061555,1.04,1.6174425334296218e-17,0.02520121212121212,0.0012784096607342003,0.9562569696969697,0.0012498129362849076,0.00928,0.0001241528252876713,0.009261818181818182,0.00010251155375894562,0.0,0.0,0.009261818181818182,0.00010251155375894562,0.9369903030303032,0.0015372007126580518,0.5371736635203062,0.0004072108146202658,0.3369468470141023,0.002648489659486989,0.0,0.0
hiro_no_external,16600,1.12,0.0,16067.84,6.700433126420459,1.04,1.6174425334296218e-17,0.025060240963855417,0.001270402153627771,0.9564939759036144,0.0012420102010081418,0.009234939759036144,0.00012365204849720728,0.009210843373493977,0.00010185853829013997,0.0,0.0,0.009210843373493977,0.00010185853829013997,0.9373433734939759,0.0015279275159149393,0.5372427186808868,0.0004048787425737701,0.3362792122364164,0.002659831803199991,0.0,0.0
hiro_no_external,16700,1.12,0.0,16167.28,6.695721448379234,1.04,1.6174425334296218e-17,0.02491736526946108,0.001263739895012704,0.9567269461077843,0.0012347669508431154,0.009185628742514971,0.00012318220701454236,0.009170059880239521,0.00010133183233325048,0.0,0.0,0.009170059880239521,0.00010133183233325048,0.9376766467065869,0.0015189283260289132,0.5373075961637608,0.00040272184935701276,0.3355995696842292,0.0026647159060037375,0.0,0.0
hiro_no_external,16800,1.12,0.0,16266.88,6.708242873434115,1.04,1.6174425334296218e-17,0.024819047619047616,0.0012639933117089587,0.9569190476190477,0.00123595066374946,0.009135714285714285,0.0001227584901600765,0.009126190476190475,0.00010067739929712721,0.0,0.0,0.009126190476190475,0.00010067739929712721,0.9380142857142859,0.0015107457507477196,0.5373726526532415,0.00040066871576607913,0.3349588675558003,0.002673860258981983,0.0,0.0
hiro_no_external,16900,1.12,0.0,16366.58,6.721035513025275,1.04,1.6174425334296218e-17,0.02468047337278106,0.0012582726370376854,0.9571491124260355,0.0012306167522799858,0.00909112426035503,0.000122085029881286,0.009079289940828402,0.00010056201924247658,0.0,0.0,0.009079289940828402,0.00010056201924247658,0.9383597633136095,0.0015021606402224662,0.5374417901234719,0.0003984179330432888,0.33427820685106896,0.0026792393336122254,0.0,0.0
hiro_no_external,17000,1.12,0.0,16466.34,6.717665410797755,1.04,1.6174425334296218e-17,0.024552941176470586,0.0012506539494117847,0.9573729411764704,0.0012232195678414997,0.00904235294117647,0.00012117215810692456,0.009031764705882352,9.990052251465282e-05,0.0,0.0,0.009031764705882352,9.990052251465282e-05,0.9387058823529412,0.0014925287654413216,0.5375081531484831,0.0003958568739633876,0.3336444795878945,0.002684506554315946,0.0,0.0
hiro_no_external,17100,1.12,0.0,16565.98,6.719298432765985,1.04,1.6174425334296218e-17,0.02441520467836257,0.0012429721744034034,0.9576011695906435,0.001215661989530759,0.009000000000000001,0.00012036165264390803,0.008983625730994151,9.904440019708326e-05,0.0,0.0,0.008983625730994151,9.904440019708326e-05,0.9390362573099417,0.0014831844450984392,0.5375715527543755,0.00039349820400001625,0.33303575074054415,0.0026927563519555347,0.0,0.0
hiro_no_external,17200,1.12,0.0,16665.1,6.716610539763129,1.04,1.6174425334296218e-17,0.024277906976744187,0.001235995477888001,0.9578162790697675,0.0012080263247299728,0.008959302325581396,0.00011918821695732893,0.008946511627906975,9.795933313822512e-05,0.0,0.0,0.008946511627906975,9.795933313822512e-05,0.9392651162790697,0.001470248655100359,0.5376148985111215,0.00039011153218564853,0.33245752243114723,0.002688606476223535,0.0,0.0
hiro_no_external,17300,1.12,0.0,16764.72,6.704980786470515,1.04,1.6174425334296218e-17,0.024141040462427744,0.001228630870140823,0.9580439306358381,0.001201026708248203,0.008915606936416185,0.00011842224953467629,0.008899421965317919,9.700472356524262e-05,0.0,0.0,0.008899421965317919,9.700472356524262e-05,0.9395722543352601,0.0014596309494912729,0.537672618952288,0.0003877034581705815,0.33188932407864535,0.0026906713708823946,0.0,0.0
hiro_no_external,17400,1.12,0.0,16864.4,6.72455142271473,1.04,1.6174425334296218e-17,0.02401724137931035,0.001220925633640824,0.9582540229885056,0.0011928246921698701,0.008872413793103447,0.00011776833735781324,0.00885632183908046,9.721699803425707e-05,0.0,0.0,0.00885632183908046,9.721699803425707e-05,0.9398977011494253,0.0014526687118222095,0.5377372006664762,0.00038574037193186105,0.3312522869085503,0.0026975180161063882,0.0,0.0
hiro_no_external,17500,1.12,0.0,16963.9,6.733968111790569,1.04,1.6174425334296218e-17,0.023892571428571426,0.0012140580297601744,0.9584617142857143,0.0011854577291023688,0.008832,0.00011688199640185026,0.008813714285714286,9.656918589008375e-05,0.0,0.0,0.008813714285714286,9.656918589008375e-05,0.9401999999999999,0.0014429459892398586,0.537796462190698,0.0003840861625761009,0.3306146515394819,0.002706803894571018,0.0,0.0
hiro_no_external,17600,1.12,0.0,17063.34,6.7275012797760025,1.04,1.6174425334296218e-17,0.02377159090909091,0.0012087234247890064,0.9586659090909092,0.0011805511796924204,0.008792045454545455,0.00011578226627747497,0.008770454545454545,9.556932757823566e-05,0.0,0.0,0.008770454545454545,9.556932757823566e-05,0.9404897727272729,0.0014347728169072425,0.5378528314673737,0.00038175222838929463,0.32998453803565725,0.002716064504927431,0.0,0.0
hiro_no_external,17700,1.12,0.0,17162.96,6.7195699570852945,1.04,1.6174425334296218e-17,0.02364745762711865,0.0012015098973323507,0.9588790960451977,0.0011735629628818244,0.00874915254237288,0.00011458593144819951,0.008724293785310734,9.493789982030822e-05,0.0,0.0,0.008724293785310734,9.493789982030822e-05,0.9408101694915253,0.0014271394582323182,0.5379155396848689,0.00037967186236708176,0.32930379938675874,0.002729306414457571,0.0,0.0
hiro_no_external,17800,1.12,0.0,17262.4,6.733043706305523,1.04,1.6174425334296218e-17,0.023685393258426966,0.0011932837323194861,0.9589157303370787,0.0011684348660381295,0.008708988764044944,0.00011383450616461274,0.008689887640449439,9.416338331966771e-05,0.0,0.0,0.008689887640449439,9.416338331966771e-05,0.9411157303370785,0.0014189578686951102,0.5379736142502968,0.0003777222200242898,0.3286670964051657,0.00273307083085106,0.0,0.0
hiro_no_external,17900,1.12,0.0,17361.98,6.755405394261421,1.04,1.6174425334296218e-17,0.02359217877094972,0.0011823910831896226,0.9590916201117318,0.0011568569309499171,0.008667039106145252,0.00011364242661299677,0.008649162011173184,9.313602794489374e-05,0.0,0.0,0.008649162011173184,9.313602794489374e-05,0.9414178770949719,0.0014111326341084975,0.5380324330106342,0.00037596653580216965,0.32802930053633905,0.002744285306922607,0.0,0.0
hiro_no_external,18000,1.12,0.0,17461.42,6.767454530052383,1.04,1.6174425334296218e-17,0.023481111111111112,0.0011736167136148794,0.9592744444444447,0.0011467475779606343,0.008631111111111112,0.0001120792290762433,0.008613333333333334,9.228162445002961e-05,0.0,0.0,0.008613333333333334,9.228162445002961e-05,0.9417133333333334,0.0014039898874032039,0.5380900018340402,0.00037422865648249586,0.327393069171299,0.002755102766496556,0.0,0.0
hiro_no_external,18100,1.12,0.0,17560.82,6.778699532132897,1.04,1.6174425334296218e-17,0.023361325966850827,0.0011671505233953328,0.9594740331491711,0.0011403145350417148,0.008594475138121546,0.00011249917243741878,0.008570165745856353,9.125007103548947e-05,0.0,0.0,0.008570165745856353,9.125007103548947e-05,0.9419535911602209,0.0013932087355405093,0.5381353620974421,0.00037197198826670775,0.3267771764114314,0.0027679428789653933,0.0,0.0
hiro_no_external,18200,1.12,0.0,17660.34,6.777430131227725,1.04,1.6174425334296218e-17,0.02324175824175824,0.0011612052935144218,0.9596692307692307,0.0011362410166803998,0.008551648351648351,0.0001117113048357402,0.008537362637362638,9.18319042323397e-05,0.0,0.0,0.008537362637362638,9.18319042323397e-05,0.942232967032967,0.0013833090089845127,0.5381906179484911,0.00036981518441777034,0.3261401270763395,0.0027693192357271285,0.0,0.0
hiro_no_external,18300,1.12,0.0,17759.88,6.769296831417332,1.04,1.6174425334296218e-17,0.0231224043715847,0.0011551142347614447,0.9598655737704916,0.0011302463588519144,0.008513661202185793,0.00011163972609351917,0.008498360655737707,9.098714800253361e-05,0.0,0.0,0.008498360655737707,9.098714800253361e-05,0.9425114754098363,0.0013754444458255728,0.538245194545451,0.0003678430245952084,0.3255479255778701,0.002769358266515963,0.0,0.0
hiro_no_external,18400,1.12,0.0,17859.46,6.7795135578913515,1.04,1.6174425334296218e-17,0.02300217391304348,0.0011488601036795006,0.960063043478261,0.0011238764863386393,0.00847391304347826,0.00011059607515907861,0.008460869565217391,9.00278366991775e-05,0.0,0.0,0.008460869565217391,9.00278366991775e-05,0.942795652173913,0.0013682663451145699,0.5382999887219752,0.00036583203631248044,0.324986007803356,0.002764407933738786,0.0,0.0
hiro_no_external,18500,1.12,0.0,17959.1,6.760645422636232,1.04,1.6174425334296218e-17,0.022883243243243243,0.0011426647130076768,0.9602605405405407,0.0011174891835724317,0.008433513513513513,0.00011008116768312932,0.008422702702702704,8.931782997487078e-05,0.0,0.0,0.008422702702702704,8.931782997487078e-05,0.943081081081081,0.0013592348096450918,0.5383554494314883,0.00036354925800760157,0.3244048170557759,0.0027714457040068567,0.0,0.0
hiro_no_external,18600,1.12,0.0,18058.62,6.770698574273815,1.04,1.6174425334296218e-17,0.022805376344086022,0.0011330333297283463,0.9604118279569892,0.0011084347570336553,0.008398924731182795,0.00011015324460275407,0.008383870967741935,8.928431857257722e-05,0.0,0.0,0.008383870967741935,8.928431857257722e-05,0.9433591397849463,0.0013528912720435805,0.5384075234470481,0.0003619805423439097,0.3238772194428568,0.002782093510461046,0.0,0.0
hiro_no_external,18700,1.12,0.0,18158.06,6.771935484341357,1.04,1.6174425334296218e-17,0.022693048128342243,0.0011272198361507585,0.9605882352941175,0.001103212573966,0.00836470588235294,0.00010900667176299182,0.008354010695187165,8.877899417060738e-05,0.0,0.0,0.008354010695187165,8.877899417060738e-05,0.9436267379679144,0.001345583219188098,0.5384622152021381,0.00036021399856379525,0.32329688296890835,0.0027888110085755244,0.0,0.0
hiro_no_external,18800,1.12,0.0,18257.14,6.842783178842733,1.04,1.6174425334296218e-17,0.022580851063829788,0.001121433545279536,0.9607723404255318,0.001097740300454355,0.008329787234042553,0.00010830866749298986,0.008317021276595745,8.843052254435401e-05,0.0,0.0,0.008317021276595745,8.843052254435401e-05,0.9438031914893618,0.0013400207623112859,0.538492863233732,0.00036008876963966656,0.3228408931856028,0.0027847353872916783,0.0,0.0
hiro_no_external,18900,1.12,0.0,18356.84,6.840238687803405,1.04,1.6174425334296218e-17,0.02246984126984127,0.0011157061110111896,0.9609576719576719,0.001091580500457055,0.008293121693121693,0.00010786078972576,0.008279365079365079,8.781286286665651e-05,0.0,0.0,0.008279365079365079,8.781286286665651e-05,0.944079365079365,0.0013326880841951854,0.5385479103803352,0.00035810213928224926,0.3222913168679875,0.002791181624054896,0.0,0.0
hiro_no_external,19000,1.12,0.0,18456.2,6.854404215018045,1.04,1.6174425334296218e-17,0.02236,0.001109991787505926,0.9611368421052633,0.0010855018224623374,0.008258947368421053,0.00010769311280876455,0.008244210526315791,8.730563400741312e-05,0.0,0.0,0.008244210526315791,8.730563400741312e-05,0.9443010526315792,0.0013286163533685529,0.5385904668842322,0.0003575574136471664,0.3218022373771637,0.002795296538555696,0.0,0.0
hiro_no_external,19100,1.12,0.0,18555.82,6.861646735177157,1.04,1.6174425334296218e-17,0.0222544502617801,0.0011040749772534934,0.9613172774869111,0.00107972361125078,0.008220942408376963,0.00010727173782065122,0.008207329842931939,8.670413088993321e-05,0.0,0.0,0.008207329842931939,8.670413088993321e-05,0.9445685863874347,0.0013214128393396688,0.538643362049925,0.000355660691594317,0.3212678033748118,0.0028018827200274234,0.0,0.0
hiro_no_external,19200,1.12,0.0,18655.46,6.8591193580041265,1.04,1.6174425334296218e-17,0.02219583333333333,0.001107345211602385,0.9614489583333332,0.0010830754308561903,0.008184375,0.00010677028890685822,0.008170833333333336,8.62022116122787e-05,0.0,0.0,0.008170833333333336,8.62022116122787e-05,0.9448343749999999,0.0013140468172312455,0.5386951194789661,0.00035339474226698105,0.3206757914082496,0.002810203190691421,0.0,0.0
hiro_no_external,19300,1.12,0.0,18755.04,6.8999828452907135,1.04,1.6174425334296218e-17,0.022100518134715027,0.001104019021461618,0.9616165803108809,0.0010797670105721325,0.008151295336787564,0.00010627307784856444,0.008131606217616579,8.608422282642071e-05,0.0,0.0,0.008131606217616579,8.608422282642071e-05,0.9450497409326425,0.0013225366391101444,0.5387348121596098,0.00035533962485410225,0.3201374938190238,0.002818384127734095,0.0,0.0
hiro_no_external,19400,1.12,0.0,18854.32,6.907992413405901,1.04,1.6174425334296218e-17,0.022015463917525777,0.0011003387463429768,0.9617649484536082,0.001076409488168628,0.008118556701030927,0.00010515763001980088,0.00810103092783505,8.490219531060851e-05,0.0,0.0,0.00810103092783505,8.490219531060851e-05,0.9452711340206187,0.0013175921574021577,0.5387772933104729,0.0003544158338705187,0.3195887179431912,0.0028225548191349215,0.0,0.0
hiro_no_external,19500,1.12,0.0,18953.92,6.910142796598905,1.04,1.6174425334296218e-17,0.02191179487179487,0.0010950516606608848,0.9619415384615385,0.0010711234129158849,0.008083076923076924,0.000104512010160628,0.008063589743589745,8.477377624148569e-05,0.0,0.0,0.008063589743589745,8.477377624148569e-05,0.9455230769230768,0.0013092813115976544,0.5388261758457532,0.0003522546783133486,0.3190522104405751,0.002821240626929969,0.0,0.0
hiro_no_external,19600,1.12,0.0,19053.6,6.9015821906787345,1.04,1.6174425334296218e-17,0.021861224489795918,0.0010920286549863862,0.9620602040816325,0.0010667316277442821,0.00804795918367347,0.00010380411098630895,0.008030612244897959,8.367651684295139e-05,0.0,0.0,0.008030612244897959,8.367651684295139e-05,0.945780612244898,0.0013018767955061473,0.5388764024389988,0.0003504494181688701,0.31851945986643565,0.002821492724814837,0.0,0.0
hiro_no_external,19700,1.12,0.0,19153.28,6.900224190383311,1.04,1.6174425334296218e-17,0.021813197969543147,0.0010919936738896091,0.9621817258883248,0.0010662162423061968,0.008012182741116751,0.00010290532853985296,0.007992893401015227,8.264582462993738e-05,0.0,0.0,0.007992893401015227,8.264582462993738e-05,0.9460365482233505,0.001294836721244274,0.53892486826939,0.00034869124268342336,0.3180437469378254,0.0028285144728911775,0.0,0.0
hiro_no_external,19800,1.12,0.0,19252.8,6.882334677436495,1.04,1.6174425334296218e-17,0.021806060606060607,0.0010941991357215285,0.9622525252525255,0.0010666601856340022,0.007979797979797981,0.00010286889997472794,0.007961616161616163,8.247558031124056e-05,0.0,0.0,0.007961616161616163,8.247558031124056e-05,0.9462777777777777,0.0012884138402947396,0.5389698111550808,0.000347438086767777,0.31759682474020523,0.002826880359768846,0.0,0.0
hiro_no_external,19900,1.12,0.0,19352.26,6.869204273199245,1.04,1.6174425334296218e-17,0.021731658291457286,0.0010936385444067847,0.9623909547738695,0.0010646066668937402,0.007945728643216082,0.00010256965518627271,0.007931658291457287,8.220669726039762e-05,0.0,0.0,0.007931658291457287,8.220669726039762e-05,0.9464884422110552,0.0012790468450161016,0.5390085137284096,0.00034507680127593887,0.31717183725372833,0.0028137510950373428,0.0,0.0
hiro_no_external,20000,1.12,0.0,19451.74,6.86748089750172,1.04,1.6174425334296218e-17,0.021632000000000002,0.0010878088442518993,0.9625559999999999,0.0010590577637403797,0.007914,0.0001022905026812143,0.007897999999999999,8.145312912895341e-05,0.0,0.0,0.007897999999999999,8.145312912895341e-05,0.9467230000000001,0.0012740656520424235,0.539052113470686,0.00034319607679525346,0.3167067411572087,0.0028065451159762535,0.0,0.0
hiro_no_lp,100,0.44454334174682764,0.013269060547714458,39.9,2.2561028345356955,0.36454334174682756,0.013269060547714458,0.231,0.024896930390253792,0.5933999999999999,0.02581347536082814,0.13040000000000002,0.021616244836148726,0.0452,0.007385810996879939,0.0,0.0,0.0452,0.007385810996879939,0.231,0.024896930390253792,0.430824496023258,0.003030165646191901,0.5415251849957236,0.013612972950205733,0.0,0.0
hiro_no_lp,200,0.7113957484398735,0.014984836789655167,92.34,4.041883779847699,0.6313957484398734,0.014984836789655167,0.16510000000000002,0.01700749534644016,0.6141,0.020984780685252898,0.1771,0.02000208662584369,0.0437,0.005526946974337899,0.0,0.0,0.0437,0.005526946974337899,0.16510000000000002,0.01700749534644016,0.43849393229921224,0.001770430405174825,0.4979275690014741,0.012090587924528022,0.0,0.0
hiro_no_lp,300,0.8990865182442752,0.014000976848313352,165.4,5.6674509261219015,0.819086518244275,0.014000976848313354,0.1567333333333333,0.016303106836336647,0.6342666666666666,0.02046246272940725,0.1684,0.018568556554482276,0.040600000000000004,0.003912524224204709,0.0,0.0,0.040600000000000004,0.003912524224204709,0.15726666666666664,0.016249385824779337,0.45090614725024564,0.001598882203485559,0.4759822012852966,0.00975982788686523,0.0,0.0
hiro_no_lp,400,1.0442970045557731,0.010373562795248746,249.04,6.5682576200439415,0.9642970045557729,0.010373562795248746,0.1317,0.014512035821119977,0.6836500000000001,0.01797137888932492,0.14750000000000002,0.01613574432426218,0.037149999999999996,0.003239590866080443,0.0,0.0,0.037149999999999996,0.003239590866080443,0.14500000000000002,0.014229173825458104,0.46110060350170523,0.0018931271874417224,0.4748964511724257,0.010728790978136083,0.0,0.0
hiro_no_lp,500,1.1015552141856664,0.004980922100802213,334.94,7.229272128658878,1.0215552141856663,0.004980922100802212,0.10987999999999998,0.011629295870730076,0.72348,0.015164384697880296,0.13308,0.014195740666172529,0.033560000000000006,0.0025678006153126453,0.0,0.0,0.033560000000000006,0.0025678006153126453,0.18540000000000004,0.015538260875027429,0.4687375822042606,0.00253027078375895,0.4828709599732951,0.014091266164864339,0.0,0.0
hiro_no_lp,600,1.1173395932779102,0.0014059139289695102,413.12,9.00823387523994,1.0373395932779101,0.0014059139289695078,0.09523333333333334,0.009622702040374269,0.7393666666666668,0.015418051234020314,0.13436666666666663,0.015252291750032777,0.031033333333333336,0.0021284648955976187,0.0,0.0,0.031033333333333336,0.0021284648955976187,0.24156666666666665,0.01765693545365425,0.4701755585376496,0.003255357561674185,0.5032776811808829,0.016218826225334843,0.0,0.0
hiro_no_lp,700,1.1199238278099337,7.617219006614827e-05,486.16,11.604374966681615,1.0399238278099339,7.617219006614547e-05,0.08402857142857144,0.008206588103258448,0.7471142857142857,0.01717996421258465,0.13965714285714287,0.017361413408817077,0.0292,0.0018372606956571914,0.0,0.0,0.0292,0.0018372606956571914,0.27731428571428574,0.018848025006541938,0.46748764061223047,0.0038146042412352706,0.5303710373821591,0.016776992108839376,0.0,0.0
hiro_no_lp,800,1.12,0.0,554.82,14.56175280994562,1.04,1.955392674119396e-17,0.07600000000000001,0.007236087989221461,0.7508750000000002,0.01955060316674842,0.145775,0.019808357659413998,0.02735,0.0016388304689999049,0.0,0.0,0.02735,0.0016388304689999049,0.2865,0.01853186032050683,0.4614468835082661,0.003918630929121047,0.5613491734242863,0.016461944580639917,0.0,0.0
hiro_no_lp,900,1.12,0.0,620.86,17.655224352547194,1.04,1.955392674119396e-17,0.06962222222222221,0.006436981369471223,0.7516444444444444,0.021670736056012784,0.15268888888888887,0.02203728236554945,0.026044444444444446,0.0014607176815266928,0.0,0.0,0.026044444444444446,0.0014607176815266928,0.2829111111111111,0.01757029978737676,0.45477230360280424,0.0038444513221098614,0.5891835904637466,0.016167969963974623,0.0,0.0
hiro_no_lp,1000,1.12,0.0,682.94,20.595014455157912,1.04,1.955392674119396e-17,0.06402000000000001,0.0057866482491321074,0.7504400000000001,0.02362736497179074,0.16032,0.023892077757948067,0.025219999999999992,0.0013288908986098756,0.0,0.0,0.025219999999999992,0.0013288908986098756,0.27612,0.016159476653477542,0.44899790075789114,0.0037481042889474887,0.611832026310832,0.016184279135217604,0.0,0.0
hiro_no_lp,1100,1.12,0.0,742.46,23.550695817096102,1.04,1.955392674119396e-17,0.06005454545454546,0.005273777005095792,0.744909090909091,0.025326473462636574,0.17065454545454542,0.025471834044028654,0.02438181818181818,0.0012184808427612161,0.0,0.0,0.02438181818181818,0.0012184808427612161,0.2716,0.014553952990413226,0.4450025073978577,0.0036917891771310277,0.6272853516342467,0.016321916596573307,0.0,0.0
hiro_no_lp,1200,1.12,0.0,790.46,25.94920013709675,1.04,1.955392674119396e-17,0.056549999999999996,0.004859652129613978,0.7290166666666668,0.02602492798101915,0.19038333333333335,0.026124996175503415,0.02405,0.0011190501519728173,0.0,0.0,0.02405,0.0011190501519728173,0.2651833333333333,0.01348990321174068,0.4426066975026272,0.003660578983213988,0.6372651423635056,0.016551428907871323,0.0,0.0
hiro_no_lp,1300,1.12,0.0,829.16,27.967435290614223,1.04,1.955392674119396e-17,0.05372307692307692,0.004453322158952674,0.7057230769230768,0.026113526590289662,0.2169538461538462,0.026144036945233703,0.0236,0.0010409882627662056,0.0,0.0,0.0236,0.0010409882627662056,0.2607076923076923,0.012317496879663076,0.44206648224290546,0.00349203112443883,0.6417325312068297,0.016410370063253295,0.0,0.0
hiro_no_lp,1400,1.12,0.0,862.54,29.792359108074837,1.04,1.955392674119396e-17,0.051242857142857146,0.004105025312913244,0.6810857142857142,0.025961953067525242,0.24459999999999998,0.02597172845391308,0.023071428571428573,0.0009755977247051228,0.0,0.0,0.023071428571428573,0.0009755977247051228,0.25527142857142854,0.011251061128168649,0.4418537682790892,0.0033949870501875042,0.6451620319174447,0.01636360219649997,0.0,0.0
hiro_no_lp,1500,1.12,0.0,888.36,31.158760814740436,1.04,1.955392674119396e-17,0.04905333333333333,0.003830802003618786,0.6536,0.025306215346183086,0.27466666666666667,0.025344322714910945,0.02268,0.000927188714105508,0.0,0.0,0.02268,0.000927188714105508,0.24996000000000002,0.010530481143166058,0.44235327381598727,0.0032538475487107767,0.6459497561667711,0.016286518698199737,0.0,0.0
hiro_no_lp,1600,1.12,0.0,911.82,32.397804032410114,1.04,1.955392674119396e-17,0.04708749999999999,0.0036129113175907748,0.6277875,0.024654437043742802,0.3029625,0.024729962577956784,0.022162500000000005,0.0008790376956696244,0.0,0.0,0.022162500000000005,0.0008790376956696244,0.24462499999999998,0.009929229808592241,0.44287905690028273,0.0031424345994378795,0.6463524108550375,0.016185337641376547,0.0,0.0
hiro_no_lp,1700,1.12,0.0,932.5,33.04517933906579,1.04,1.955392674119396e-17,0.04543529411764706,0.0034231114871373872,0.6027176470588235,0.023649703853074182,0.3299764705882353,0.023768354348915652,0.021870588235294117,0.0008287759476227304,0.0,0.0,0.021870588235294117,0.0008287759476227304,0.2402941176470588,0.009345372824067413,0.44373795632317065,0.0029969203236022103,0.6456299884396423,0.01599044576744937,0.0,0.0
hiro_no_lp,1800,1.12,0.0,951.28,33.32528659337549,1.04,1.955392674119396e-17,0.04394444444444444,0.003248437033326337,0.5791333333333333,0.022533495462033076,0.3550333333333333,0.02263347025563131,0.02188888888888889,0.0007696366934857561,0.0,0.0,0.02188888888888889,0.0007696366934857561,0.2363111111111111,0.008772290256349692,0.4446493099004573,0.0028416129909699167,0.6443765564516908,0.015827275323667043,0.0,0.0
hiro_no_lp,1900,1.12,0.0,968.96,33.30871014357312,1.04,1.955392674119396e-17,0.04254736842105263,0.0030674612932661467,0.5574736842105262,0.021349772012721698,0.3783684210526316,0.021457530886580225,0.02161052631578948,0.0007293481121276324,0.0,0.0,0.02161052631578948,0.0007293481121276324,0.23278947368421052,0.00827204704983649,0.4455609369533918,0.0026941427023500423,0.6429688059499188,0.015610984927821998,0.0,0.0
hiro_no_lp,2000,1.12,0.0,986.74,33.235090995352905,1.04,1.955392674119396e-17,0.04119,0.002901895580337734,0.5382199999999999,0.020280276736025962,0.39925999999999995,0.020386005804302644,0.021329999999999995,0.0007011084518278822,0.0,0.0,0.021329999999999995,0.0007011084518278822,0.22956,0.007859618311343113,0.4463290002261604,0.002565260678563887,0.6422139897773087,0.015369596625502708,0.0,0.0
hiro_no_lp,2100,1.12,0.0,1004.66,33.333302707468924,1.04,1.955392674119396e-17,0.04004761904761905,0.002757016215866257,0.5206190476190476,0.019363939304861976,0.41830476190476196,0.019464058750530474,0.021028571428571424,0.0006727970257405587,0.0,0.0,0.021028571428571424,0.0006727970257405587,0.2266476190476191,0.007512199774277549,0.44705655872351513,0.002443507206664234,0.640978437109633,0.01514870181361118,0.0,0.0
hiro_no_lp,2200,1.12,0.0,1021.42,33.35198907876716,1.04,1.955392674119396e-17,0.03895454545454546,0.002630896064116849,0.5041454545454546,0.0185022899760152,0.43621818181818184,0.018598012215213407,0.020681818181818183,0.0006375882730018293,0.0,0.0,0.020681818181818183,0.0006375882730018293,0.22354545454545455,0.007135072499393207,0.4476873809664126,0.0023289020031891368,0.6397378163567139,0.014926425067305212,0.0,0.0
hiro_no_lp,2300,1.12,0.0,1039.34,33.39758771687144,1.04,1.955392674119396e-17,0.038008695652173914,0.0025263883342646794,0.4895826086956522,0.017710565410386764,0.45186956521739136,0.017815328846260164,0.020539130434782612,0.0006025241710683291,0.0,0.0,0.020539130434782612,0.0006025241710683291,0.22117391304347822,0.006868961482124302,0.4482876105614265,0.0022275814527549166,0.6387099142839328,0.014722522692973857,0.0,0.0
hiro_no_lp,2400,1.12,0.0,1056.12,33.323787422249374,1.04,1.955392674119396e-17,0.03709166666666667,0.002406955918039053,0.4758166666666666,0.01692867590885982,0.46667500000000006,0.017046802196777386,0.02041666666666667,0.0006018678409411684,0.0,0.0,0.02041666666666667,0.0006018678409411684,0.21850833333333333,0.006576150930021433,0.448791517205186,0.002133946363403276,0.637883118894963,0.014521745875623753,0.0,0.0
hiro_no_lp,2500,1.12,0.0,1073.52,33.363969812248854,1.04,1.955392674119396e-17,0.036384,0.0023302226573126143,0.4632,0.01628005114568509,0.480296,0.01637749300792065,0.02012,0.0005761235695117314,0.0,0.0,0.02012,0.0005761235695117314,0.216296,0.006310877528812729,0.4492940070517832,0.002051356889930249,0.6368482771304074,0.014363337809607817,0.0,0.0
hiro_no_lp,2600,1.12,0.0,1090.2,33.293757458633074,1.04,1.955392674119396e-17,0.035638461538461536,0.002246053039607987,0.45137692307692306,0.015619390295981797,0.49298461538461547,0.015722220236133438,0.019999999999999997,0.0005555703147149247,0.0,0.0,0.019999999999999997,0.0005555703147149247,0.21394615384615384,0.006112042173764242,0.4497185748545619,0.00197789998103208,0.6362181480153608,0.014160764300524464,0.0,0.0
hiro_no_lp,2700,1.12,0.0,1106.5,33.34894362369408,1.04,1.955392674119396e-17,0.03484444444444444,0.002165200387624413,0.44040000000000007,0.015048224933664202,0.5048592592592592,0.015142696821959956,0.019896296296296297,0.0005428932401336432,0.0,0.0,0.019896296296296297,0.0005428932401336432,0.21176296296296301,0.005920666222120566,0.4501299106298189,0.0019007534866130286,0.6354347541842649,0.013963390389739335,0.0,0.0
hiro_no_lp,2800,1.12,0.0,1122.5,33.42485022023132,1.04,1.955392674119396e-17,0.03417857142857143,0.0020793367190453656,0.4300214285714285,0.014526044806402658,0.5160928571428571,0.014612962479530115,0.019707142857142857,0.0005174676830476957,0.0,0.0,0.019707142857142857,0.0005174676830476957,0.2096785714285714,0.00569902526793674,0.45050508331235806,0.0018287752183606147,0.6346473830450643,0.013772224630502383,0.0,0.0
hiro_no_lp,2900,1.12,0.0,1139.34,33.45767487682408,1.04,1.955392674119396e-17,0.03358620689655173,0.0020003397027625346,0.42061379310344826,0.014033856961185613,0.526144827586207,0.01411558175838961,0.019655172413793106,0.0004978051269619617,0.0,0.0,0.019655172413793106,0.0004978051269619617,0.20802068965517242,0.005491714433468636,0.4508933462269701,0.0017666763892823195,0.6333949173886604,0.013627328408514005,0.0,0.0
hiro_no_lp,3000,1.12,0.0,1155.06,33.59685857520684,1.04,1.955392674119396e-17,0.03312,0.0019339375082236463,0.41133333333333333,0.013607657574733494,0.5360066666666667,0.013685258599962434,0.019540000000000002,0.00048766089850165107,0.0,0.0,0.019540000000000002,0.00048766089850165107,0.20596,0.005289433612071138,0.4511924585883416,0.0017055169739928423,0.6325617696089663,0.01348908830333116,0.0,0.0
hiro_no_lp,3100,1.12,0.0,1170.54,33.608662755975544,1.04,1.955392674119396e-17,0.03255483870967742,0.0018580251989110603,0.4027548387096775,0.013175775922620902,0.545258064516129,0.013252328935606114,0.01943225806451613,0.0004905235027162996,0.0,0.0,0.01943225806451613,0.0004905235027162996,0.20409032258064513,0.005099701994883623,0.451490007887433,0.0016495741572903606,0.6316985004957981,0.013346808538913858,0.0,0.0
hiro_no_lp,3200,1.12,0.0,1186.18,33.80371540985109,1.04,1.955392674119396e-17,0.03211875,0.001781250895094655,0.39466249999999997,0.01281820380755591,0.5538875,0.012898480051058382,0.01933125,0.00047615410947443023,0.0,0.0,0.01933125,0.00047615410947443023,0.20228749999999998,0.004968623169347782,0.4517483117808613,0.0015915858170033245,0.6310813286941778,0.013133494419347722,0.0,0.0
hiro_no_lp,3300,1.12,0.0,1203.24,33.87031160416546,1.04,1.955392674119396e-17,0.03164848484848485,0.0017359503836696184,0.38756969696969695,0.012435388728316754,0.5615878787878787,0.012534498964324473,0.019193939393939395,0.00046071752711732963,0.0,0.0,0.019193939393939395,0.00046071752711732963,0.20096969696969696,0.004817044007495336,0.452016623093954,0.0015418783347718712,0.6305225491415021,0.012949679629287189,0.0,0.0
hiro_no_lp,3400,1.12,0.0,1219.6,33.8859311002459,1.04,1.955392674119396e-17,0.03116470588235294,0.0016777908072215437,0.38069411764705874,0.012069920698366423,0.5690411764705883,0.012163298226273217,0.019100000000000002,0.00044214858884817943,0.0,0.0,0.019100000000000002,0.00044214858884817943,0.19963529411764708,0.004666775986425562,0.4522776519963036,0.001494499264778617,0.6298345988297483,0.012760222458403837,0.0,0.0
hiro_no_lp,3500,1.12,0.0,1235.56,33.96831849274394,1.04,1.955392674119396e-17,0.03074857142857143,0.0016304248059621485,0.3740742857142857,0.011740778716988897,0.5762685714285714,0.011850613706941666,0.018908571428571427,0.00043889908084358955,0.0,0.0,0.018908571428571427,0.00043889908084358955,0.1981942857142857,0.004531939059256864,0.452498782248569,0.0014514103323367373,0.6291475977070442,0.012655134595964521,0.0,0.0
hiro_no_lp,3600,1.12,0.0,1251.62,34.09422585621638,1.04,1.955392674119396e-17,0.030288888888888886,0.001588312376578785,0.3678944444444444,0.011449685880072454,0.5830833333333334,0.011554185254745684,0.01873333333333333,0.000428289148660302,0.0,0.0,0.01873333333333333,0.000428289148660302,0.19685555555555556,0.004402197451685705,0.45270658476768283,0.001410262906814296,0.6284617317226613,0.01251290750444229,0.0,0.0
hiro_no_lp,3700,1.12,0.0,1267.68,34.15584259937777,1.04,1.955392674119396e-17,0.029978378378378374,0.0015564556612665161,0.3619621621621622,0.011163127865497505,0.5893783783783784,0.01125008078926947,0.01868108108108108,0.0004118545686112536,0.0,0.0,0.01868108108108108,0.0004118545686112536,0.19570810810810813,0.00427981534270232,0.4529272007333779,0.0013699887516566132,0.6275350989234184,0.012395228193208901,0.0,0.0
hiro_no_lp,3800,1.12,0.0,1282.62,34.011317324126814,1.04,1.955392674119396e-17,0.02953157894736842,0.0015112649159630532,0.35615263157894733,0.01084725532841711,0.5956684210526315,0.010905066295723628,0.01864736842105263,0.0004140127097425487,0.0,0.0,0.01864736842105263,0.0004140127097425487,0.19421578947368423,0.0041559397299196525,0.4530992612145196,0.0013341651621149736,0.6268645590458031,0.012268454895293502,0.0,0.0
hiro_no_lp,3900,1.12,0.0,1297.52,34.12229195354945,1.04,1.955392674119396e-17,0.02911794871794872,0.0014603796116322795,0.3506512820512821,0.010607520299821973,0.6017128205128205,0.010657934375973337,0.018517948717948717,0.00040181597467003915,0.0,0.0,0.018517948717948717,0.00040181597467003915,0.19282051282051282,0.004043557871781752,0.4532595149838783,0.0012983167284279869,0.6261764180978566,0.012143791816604462,0.0,0.0
hiro_no_lp,4000,1.12,0.0,1311.6,34.05111403973354,1.04,1.955392674119396e-17,0.028770000000000004,0.0014271571570855146,0.345185,0.010333973616875828,0.607615,0.010376416082361273,0.01843,0.00039422100918346886,0.0,0.0,0.01843,0.00039422100918346886,0.19133999999999995,0.0039219994380209604,0.4534080650081412,0.0012656832172136955,0.6254443830966453,0.012041492618601697,0.0,0.0
hiro_no_lp,4100,1.12,0.0,1326.46,34.10820967665906,1.04,1.955392674119396e-17,0.0284390243902439,0.0013937979076655922,0.34016585365853663,0.01009183496689602,0.6131024390243902,0.01012495841911194,0.01829268292682927,0.00038793493128130396,0.0,0.0,0.01829268292682927,0.00038793493128130396,0.19007804878048784,0.003837655653888325,0.4535569354410029,0.0012345244469012388,0.6249073537511841,0.011919512666600341,0.0,0.0
hiro_no_lp,4200,1.12,0.0,1341.46,34.23429727925026,1.04,1.955392674119396e-17,0.02808095238095238,0.0013557468140663923,0.3354857142857143,0.009885186981186291,0.618247619047619,0.009927342038532813,0.018185714285714284,0.0003775289568842776,0.0,0.0,0.018185714285714284,0.0003775289568842776,0.18893809523809524,0.003745144850895057,0.4537035193389466,0.0012029370034374381,0.6243342546599995,0.011777558662798773,0.0,0.0
hiro_no_lp,4300,1.12,0.0,1356.38,34.1339963397556,1.04,1.955392674119396e-17,0.027767441860465113,0.001324577676433076,0.330953488372093,0.009641059206678581,0.6232372093023256,0.009678458413225857,0.01804186046511628,0.0003605280346821733,0.0,0.0,0.01804186046511628,0.0003605280346821733,0.18781395348837204,0.0036307291908120637,0.45384279527461735,0.001176121683205778,0.6236865790390484,0.011680666931449602,0.0,0.0
hiro_no_lp,4400,1.12,0.0,1370.96,34.17085474912376,1.04,1.955392674119396e-17,0.027404545454545456,0.0012897759862814662,0.3265772727272727,0.009421391872237067,0.6280363636363636,0.009472647861813224,0.017981818181818182,0.0003614054945943994,0.0,0.0,0.017981818181818182,0.0003614054945943994,0.1866545454545455,0.0035518177045813933,0.45396884734526266,0.001151804706948297,0.62308558556564,0.011591581846789559,0.0,0.0
hiro_no_lp,4500,1.12,0.0,1386.12,34.061920086806616,1.04,1.955392674119396e-17,0.027084444444444446,0.001265048733970248,0.32248444444444446,0.009189154583265668,0.6325333333333333,0.00922833499568817,0.017897777777777776,0.00036568397140675246,0.0,0.0,0.017897777777777776,0.00036568397140675246,0.18564444444444447,0.003484655923981763,0.45409451986004057,0.0011280442438772308,0.6225078461212303,0.011492598278315516,0.0,0.0
hiro_no_lp,4600,1.12,0.0,1400.5,34.09814466195712,1.04,1.955392674119396e-17,0.02676956521739131,0.0012356347897297668,0.3184652173913044,0.00900056025329917,0.6370347826086957,0.009036982685329,0.017730434782608696,0.00035235297298130843,0.0,0.0,0.017730434782608696,0.00035235297298130843,0.1845304347826087,0.003406855568750251,0.45419648411439495,0.0011022375129555804,0.6220550525353782,0.011391457145493233,0.0,0.0
hiro_no_lp,4700,1.12,0.0,1414.52,34.08507052439618,1.04,1.955392674119396e-17,0.026489361702127658,0.0012065337962597587,0.3144765957446809,0.008804406569490131,0.6414212765957447,0.008844329747309919,0.01761276595744681,0.0003372786597720577,0.0,0.0,0.01761276595744681,0.0003372786597720577,0.18344680851063833,0.003330397231176313,0.4543103549908068,0.0010789792342268264,0.6213401334033637,0.01129083251970441,0.0,0.0
hiro_no_lp,4800,1.12,0.0,1428.88,34.117822740782096,1.04,1.955392674119396e-17,0.026220833333333332,0.001177503875570746,0.3107791666666666,0.0086351361165377,0.6454791666666666,0.008667431632416128,0.017520833333333333,0.00033725635784522955,0.0,0.0,0.017520833333333333,0.00033725635784522955,0.18252916666666663,0.003270176609836816,0.45442212731359516,0.0010579261803833155,0.6208249863122886,0.011211722273263298,0.0,0.0
hiro_no_lp,4900,1.12,0.0,1443.08,34.09094487468747,1.04,1.955392674119396e-17,0.02601632653061225,0.0011513819028781357,0.30711020408163264,0.008454409078638061,0.6494693877551021,0.008490420635074434,0.01740408163265306,0.0003311850694421796,0.0,0.0,0.01740408163265306,0.0003311850694421796,0.18153061224489797,0.003207512548025915,0.4545184335483565,0.001038046820148543,0.6202773225961952,0.011137114440184191,0.0,0.0
hiro_no_lp,5000,1.12,0.0,1456.24,34.00968121471488,1.04,1.955392674119396e-17,0.025791999999999995,0.0011248286581538017,0.30341999999999997,0.008270573851718796,0.653472,0.008302418157699967,0.017315999999999998,0.0003220389125936332,0.0,0.0,0.017315999999999998,0.0003220389125936332,0.18036000000000002,0.0031307194191803026,0.4545941051880428,0.0010199462757977088,0.6197866372367891,0.011085352996223758,0.0,0.0
hiro_no_lp,5100,1.12,0.0,1469.66,33.98785629471509,1.04,1.955392674119396e-17,0.025572549019607843,0.0011071492265287172,0.29989411764705887,0.008104532111655094,0.6573176470588235,0.008139511279753568,0.0172156862745098,0.00032065183240905735,0.0,0.0,0.0172156862745098,0.00032065183240905735,0.17926666666666669,0.003057909232231826,0.4546724918819291,0.0009994673574766615,0.6193034851174339,0.011000034520639692,0.0,0.0
hiro_no_lp,5200,1.12,0.0,1482.14,34.05986338606705,1.04,1.955392674119396e-17,0.025315384615384615,0.0010903757208666545,0.2964230769230769,0.007950893087039721,0.6611307692307693,0.007989083996824685,0.01713076923076923,0.0003228619304098239,0.0,0.0,0.01713076923076923,0.0003228619304098239,0.17814615384615384,0.0030015380672633106,0.4547402128485865,0.0009802500448639166,0.6189829454213561,0.01090780677479422,0.0,0.0
hiro_no_lp,5300,1.12,0.0,1496.48,34.14633861508912,1.04,1.955392674119396e-17,0.025124528301886793,0.0010711816833995217,0.29335849056603774,0.007804237653678314,0.6644377358490565,0.007852024038451807,0.01707924528301887,0.00031943782762135133,0.0,0.0,0.01707924528301887,0.00031943782762135133,0.17737735849056602,0.0029558509929622557,0.4548296414292108,0.0009605746189057984,0.6185313945946878,0.010810983021446794,0.0,0.0
hiro_no_lp,5400,1.12,0.0,1510.24,34.11174386318816,1.04,1.955392674119396e-17,0.024874074074074076,0.0010466223680699297,0.2903925925925926,0.007656063886941037,0.6677222222222222,0.007710665443398707,0.017011111111111116,0.0003156034761466019,0.0,0.0,0.017011111111111116,0.0003156034761466019,0.17647777777777776,0.0028810604339836116,0.45489618576473495,0.0009443825322176042,0.618121528132184,0.010742666746384433,0.0,0.0
hiro_no_lp,5500,1.12,0.0,1524.44,34.19828328427959,1.04,1.955392674119396e-17,0.024690909090909086,0.0010296596630719604,0.2875309090909091,0.007528391355669242,0.6708509090909089,0.00758477928322063,0.01692727272727273,0.00031480048001269843,0.0,0.0,0.01692727272727273,0.00031480048001269843,0.17572363636363636,0.002851471301196686,0.4549779594728596,0.000926744544529399,0.6176854156997347,0.010650695039175883,0.0,0.0
hiro_no_lp,5600,1.12,0.0,1536.9,34.2418916366655,1.04,1.955392674119396e-17,0.024432142857142857,0.0010102516222579825,0.28455,0.007396687505057938,0.6741607142857142,0.007461973657432948,0.01685714285714286,0.00031314230118483985,0.0,0.0,0.01685714285714286,0.00031314230118483985,0.17471428571428568,0.0028129693832947425,0.45503447094951077,0.0009087363664214366,0.6173396035214481,0.010551652767010226,0.0,0.0
hiro_no_lp,5700,1.12,0.0,1550.04,34.397282284672265,1.04,1.955392674119396e-17,0.02424210526315789,0.000988570940585295,0.28171578947368414,0.007287838378937274,0.6772736842105264,0.007357103835110508,0.01676842105263158,0.0003126746972451117,0.0,0.0,0.01676842105263158,0.0003126746972451117,0.17381754385964915,0.002759736787223408,0.4550902450174529,0.0008901849360370075,0.616946163533321,0.010448340614379735,0.0,0.0
hiro_no_lp,5800,1.12,0.0,1562.88,34.42266268205365,1.04,1.955392674119396e-17,0.02405172413793103,0.0009689825468512359,0.2788896551724138,0.007166291031418027,0.6803758620689656,0.007234857976394949,0.016682758620689655,0.000305202529555661,0.0,0.0,0.016682758620689655,0.000305202529555661,0.1728793103448276,0.002706833798023809,0.45514698048142066,0.0008750884401075911,0.6164735753825058,0.010382285711294709,0.0,0.0
hiro_no_lp,5900,1.12,0.0,1576.06,34.464514847498855,1.04,1.955392674119396e-17,0.0238271186440678,0.000951682771677407,0.2762983050847458,0.007064175931737919,0.6833186440677969,0.007123419343476107,0.016555932203389828,0.000297749553471674,0.0,0.0,0.016555932203389828,0.000297749553471674,0.17205762711864409,0.0026565440599430326,0.4552067008218568,0.0008604682829962813,0.6159780803945494,0.010319957556103388,0.0,0.0
hiro_no_lp,6000,1.12,0.0,1588.46,34.3657543113454,1.04,1.955392674119396e-17,0.023596666666666665,0.0009407153402990316,0.2736633333333333,0.006928536229660221,0.6862466666666667,0.006982446796453672,0.016493333333333336,0.0002958120381336126,0.0,0.0,0.016493333333333336,0.0002958120381336126,0.17116666666666666,0.002599049189481108,0.4552608651934264,0.0008458437622912082,0.615637838936914,0.01025067118683233,0.0,0.0
hiro_no_lp,6100,1.12,0.0,1600.76,34.38486330480021,1.04,1.955392674119396e-17,0.023400000000000004,0.000924804281303608,0.27105901639344265,0.00681613615320075,0.6890688524590166,0.006873884491019295,0.016472131147540984,0.00029874827302293016,0.0,0.0,0.016472131147540984,0.00029874827302293016,0.17028196721311478,0.002542506110963632,0.455316527185083,0.0008316113492300366,0.6150306384703207,0.010196495182808258,0.0,0.0
hiro_no_lp,6200,1.12,0.0,1612.68,34.37256190982712,1.04,1.955392674119396e-17,0.023229032258064514,0.0009107358476739329,0.2684709677419355,0.006708704479517443,0.6918903225806452,0.006765656616494342,0.016409677419354837,0.00029800422030912537,0.0,0.0,0.016409677419354837,0.00029800422030912537,0.1693806451612903,0.0024901955167180166,0.45536100952705233,0.0008187289092172352,0.614565607292582,0.010140605130581697,0.0,0.0
hiro_no_lp,6300,1.12,0.0,1625.22,34.35549197102886,1.04,1.955392674119396e-17,0.023044444444444444,0.0009008941019897299,0.26609841269841267,0.0065945816512452534,0.6945333333333333,0.006650267766287373,0.016323809523809525,0.0002942384615108108,0.0,0.0,0.016323809523809525,0.0002942384615108108,0.16852380952380952,0.0024784497513413604,0.45539708223017117,0.000807160151313756,0.6141592810789082,0.01008311416366378,0.0,0.0
hiro_no_lp,6400,1.12,0.0,1636.6,34.38707635737826,1.04,1.955392674119396e-17,0.022843750000000003,0.0008868323516302047,0.26362187499999995,0.006494125230388765,0.6972812500000001,0.006558646524117331,0.016253125,0.0002881277114839876,0.0,0.0,0.016253125,0.0002881277114839876,0.16758437500000004,0.002434105310439274,0.45543091454886325,0.0007927548182396879,0.6138482770364895,0.010010353835128957,0.0,0.0
hiro_no_lp,6500,1.12,0.0,1648.92,34.365037287264826,1.04,1.955392674119396e-17,0.022658461538461544,0.0008773613160376757,0.26136307692307686,0.00639322339274919,0.699796923076923,0.006456504640098433,0.016181538461538462,0.00028271254960155173,0.0,0.0,0.016181538461538462,0.00028271254960155173,0.16675076923076923,0.002376557571487155,0.45546092232332713,0.0007801537808578312,0.61357005166481,0.009947997325608911,0.0,0.0
hiro_no_lp,6600,1.12,0.0,1660.38,34.43366755407401,1.04,1.955392674119396e-17,0.02247272727272727,0.000866638555793049,0.2590545454545455,0.006308751981780888,0.7023969696969696,0.006371014496562547,0.016075757575757577,0.0002843088218050602,0.0,0.0,0.016075757575757577,0.0002843088218050602,0.16589393939393937,0.0023546451015161105,0.4554930810355076,0.0007693405048337095,0.6132242959950066,0.009901444216570703,0.0,0.0
hiro_no_lp,6700,1.12,0.0,1671.64,34.497982904653945,1.04,1.955392674119396e-17,0.022289552238805976,0.0008534711160498193,0.2567940298507463,0.006220823610777485,0.7049313432835821,0.006286039690350124,0.015985074626865672,0.0002820710983879877,0.0,0.0,0.015985074626865672,0.0002820710983879877,0.1650328358208955,0.002331429669662215,0.45552540370618066,0.0007574072362227583,0.6128210881063236,0.009841966761007277,0.0,0.0
hiro_no_lp,6800,1.12,0.0,1682.28,34.49311129096087,1.04,1.955392674119396e-17,0.022088235294117648,0.0008355324888558316,0.2544970588235294,0.006128418940751986,0.7075,0.006193397032011608,0.015914705882352942,0.0002791285605892539,0.0,0.0,0.015914705882352942,0.0002791285605892539,0.1640558823529412,0.002299022406402223,0.45554006016522114,0.0007466636289373192,0.6125245524986047,0.009786212691818412,0.0,0.0
hiro_no_lp,6900,1.12,0.0,1693.84,34.35646699661937,1.04,1.955392674119396e-17,0.021892753623188405,0.0008191163850409155,0.25239420289855075,0.006019327178331171,0.7098927536231886,0.006083110022520626,0.015820289855072465,0.0002764532631957248,0.0,0.0,0.015820289855072465,0.0002764532631957248,0.1632492753623188,0.0022588479043159186,0.4555696887797713,0.0007351905485836287,0.6121481162118986,0.009707674567112471,0.0,0.0
hiro_no_lp,7000,1.12,0.0,1704.66,34.38808063553298,1.04,1.955392674119396e-17,0.021734285714285716,0.0008116397089079724,0.25024285714285716,0.0059337453274466885,0.7122600000000001,0.005999757998729221,0.015762857142857144,0.00027903594372866153,0.0,0.0,0.015762857142857144,0.00027903594372866153,0.16236,0.0022353311550554087,0.4555839368581241,0.0007242835033192845,0.6118805108968381,0.009651027243928901,0.0,0.0
hiro_no_lp,7100,1.12,0.0,1715.2,34.45105371452107,1.04,1.955392674119396e-17,0.021574647887323942,0.0007966860704348263,0.24811830985915492,0.00585899291128503,0.7146422535211268,0.005926152757373931,0.015664788732394366,0.00027441865124726295,0.0,0.0,0.015664788732394366,0.00027441865124726295,0.1614957746478873,0.002210760922757645,0.4556072519610039,0.0007144443318749756,0.6114423787410083,0.009605261793526455,0.0,0.0
hiro_no_lp,7200,1.12,0.0,1725.96,34.445602900568794,1.04,1.955392674119396e-17,0.02143055555555556,0.0007822821664892118,0.24607222222222222,0.00578559322276285,0.7168861111111113,0.005847569403840252,0.01561111111111111,0.0002751863245648541,0.0,0.0,0.01561111111111111,0.0002751863245648541,0.16069444444444447,0.0021842561792723265,0.45562953767556175,0.0007049655694662539,0.6111146225223947,0.009560873305508632,0.0,0.0
hiro_no_lp,7300,1.12,0.0,1735.8,34.41129382713098,1.04,1.955392674119396e-17,0.02126575342465753,0.0007698199337886056,0.24400000000000002,0.005702773702708613,0.7192054794520548,0.00576658903693558,0.01552876712328767,0.00026976812978248455,0.0,0.0,0.01552876712328767,0.00026976812978248455,0.15977260273972604,0.0021534800360793888,0.4556377221011871,0.0006953255472328294,0.6108948715790796,0.009500540247890077,0.0,0.0
hiro_no_lp,7400,1.12,0.0,1746.54,34.44179011204918,1.04,1.955392674119396e-17,0.021089189189189186,0.0007586200565598136,0.24212162162162162,0.005629267163470051,0.7213054054054053,0.005690570388352307,0.015483783783783784,0.00026303299563464354,0.0,0.0,0.015483783783783784,0.00026303299563464354,0.1589918918918919,0.002123233426418835,0.45565317083287915,0.0006869064502620433,0.6105966580720277,0.00946316721682209,0.0,0.0
hiro_no_lp,7500,1.12,0.0,1757.22,34.26692687637775,1.04,1.955392674119396e-17,0.020949333333333334,0.0007509270098682427,0.24021599999999999,0.005541440355667423,0.7234320000000001,0.005589887610778395,0.015402666666666667,0.00025846545228071726,0.0,0.0,0.015402666666666667,0.00025846545228071726,0.15819999999999998,0.0020825424893515737,0.45567035777954373,0.000679058546281817,0.6103036254893195,0.009427480086458008,0.0,0.0
hiro_no_lp,7600,1.12,0.0,1767.6,34.327355664816004,1.04,1.955392674119396e-17,0.020792105263157893,0.0007440901953258306,0.23835526315789468,0.005478421752265691,0.7254947368421051,0.005520787168555216,0.015357894736842105,0.0002589360594143993,0.0,0.0,0.015357894736842105,0.0002589360594143993,0.15740263157894735,0.002064402101051029,0.45568074398665553,0.0006688032353048785,0.6101264692282977,0.009353375280321274,0.0,0.0
hiro_no_lp,7700,1.12,0.0,1777.8,34.35804275625746,1.04,1.955392674119396e-17,0.02066753246753247,0.0007345440337439412,0.23648311688311685,0.0054072423405291,0.7275506493506494,0.0054490032929733435,0.015298701298701298,0.00025549135413880525,0.0,0.0,0.015298701298701298,0.00025549135413880525,0.15663636363636363,0.0020397036940033703,0.455700335690847,0.0006603334364717969,0.6097801479039454,0.009304736241661993,0.0,0.0
hiro_no_lp,7800,1.12,0.0,1787.3,34.330140859433875,1.04,1.955392674119396e-17,0.020512820512820516,0.000722745061179476,0.23460256410256405,0.005332323458811154,0.7296897435897436,0.005372966006101262,0.015194871794871792,0.0002510758559811514,0.0,0.0,0.015194871794871792,0.0002510758559811514,0.1557948717948718,0.0020181754071762134,0.4557098095845481,0.0006525862094758327,0.6095829646949381,0.009265701080418244,0.0,0.0
hiro_no_lp,7900,1.12,0.0,1796.98,34.30847446926434,1.04,1.955392674119396e-17,0.020346835443037975,0.0007140161095331472,0.2328126582278481,0.005261140052208032,0.7317037974683545,0.0053028231928754265,0.015136708860759494,0.0002515081435689559,0.0,0.0,0.015136708860759494,0.0002515081435689559,0.15495189873417722,0.0019890897245484302,0.4557119231045712,0.0006447109909650582,0.6094116484954241,0.009224526448567227,0.0,0.0
hiro_no_lp,8000,1.12,0.0,1806.92,34.19810043656501,1.04,1.955392674119396e-17,0.0202225,0.0007035559280380991,0.23105499999999998,0.005178253881889736,0.7336499999999999,0.005223508233486965,0.015072499999999999,0.0002499767846363795,0.0,0.0,0.015072499999999999,0.0002499767846363795,0.1541625,0.001957889749298505,0.45571686504997727,0.0006370654086126057,0.6092289382400247,0.009182393746062856,0.0,0.0
hiro_no_lp,8100,1.12,0.0,1816.08,34.135681732564514,1.04,1.955392674119396e-17,0.020051851851851855,0.0006928868565649699,0.2293135802469136,0.005104035912002013,0.7356444444444444,0.005152339356829039,0.014990123456790122,0.00024514585153908604,0.0,0.0,0.014990123456790122,0.00024514585153908604,0.15334320987654323,0.0019352059179227603,0.4557197478674145,0.000629947134573379,0.6090526695614225,0.009139754123347112,0.0,0.0
hiro_no_lp,8200,1.12,0.0,1825.34,34.15927411645724,1.04,1.955392674119396e-17,0.019897560975609758,0.0006844748862644945,0.22761219512195122,0.005042633003112,0.7375512195121953,0.0050911442152321365,0.014939024390243902,0.00024408281035893275,0.0,0.0,0.014939024390243902,0.00024408281035893275,0.15252926829268293,0.0019086025732171128,0.4557183574233197,0.0006218713699157793,0.6088612956446579,0.00910045109053541,0.0,0.0
hiro_no_lp,8300,1.12,0.0,1834.16,34.18520219304826,1.04,1.955392674119396e-17,0.01976144578313253,0.0006753877019654305,0.22587951807228918,0.004984782849265444,0.7394963855421688,0.005032587675963693,0.01486265060240964,0.0002402191590724171,0.0,0.0,0.01486265060240964,0.0002402191590724171,0.1516867469879518,0.0018912083718437799,0.45571536505982346,0.0006142752972010024,0.6087089309217568,0.009046669110703473,0.0,0.0
hiro_no_lp,8400,1.12,0.0,1843.24,34.30043207914919,1.04,1.955392674119396e-17,0.01962857142857143,0.0006643688708658021,0.22420714285714283,0.0049381542426093035,0.7413809523809524,0.004983002484261502,0.014783333333333336,0.00023874280257407684,0.0,0.0,0.014783333333333336,0.00023874280257407684,0.15089285714285716,0.0018752519999721395,0.45571429628553956,0.0006063846381806823,0.6085204764678437,0.009005263709414742,0.0,0.0
hiro_no_lp,8500,1.12,0.0,1852.24,34.3584533162614,1.04,1.955392674119396e-17,0.019510588235294116,0.0006581059374442472,0.22256941176470588,0.004886786179185272,0.743204705882353,0.0049361874544726425,0.014715294117647059,0.000240279478542739,0.0,0.0,0.014715294117647059,0.000240279478542739,0.1501482352941176,0.00185211856204061,0.4557196487131728,0.0005980731404406145,0.6081768218817462,0.008969026206392412,0.0,0.0
hiro_no_lp,8600,1.12,0.0,1860.44,34.32124539864901,1.04,1.955392674119396e-17,0.01935581395348837,0.0006486000318396645,0.22091860465116275,0.0048264276109152675,0.7451093023255814,0.0048756633531889665,0.014616279069767441,0.00023567559308669209,0.0,0.0,0.014616279069767441,0.00023567559308669209,0.14931162790697672,0.001828054304727175,0.45571234980967756,0.000592547974902428,0.6080327372077255,0.008940777231835692,0.0,0.0
hiro_no_lp,8700,1.12,0.0,1869.18,34.310094783920846,1.04,1.955392674119396e-17,0.019229885057471263,0.0006415151654076009,0.21931954022988506,0.004774678343646362,0.746912643678161,0.004820805543787296,0.014537931034482759,0.00023446619968852528,0.0,0.0,0.014537931034482759,0.00023446619968852528,0.14855402298850573,0.0018068071656856164,0.4557130794816843,0.0005857026518930585,0.6078358902182647,0.008911304948514796,0.0,0.0
hiro_no_lp,8800,1.12,0.0,1878.06,34.33936766203727,1.04,1.955392674119396e-17,0.01911818181818182,0.000632896731620519,0.21776818181818183,0.004723744535732204,0.7486431818181819,0.004767613005524915,0.014470454545454545,0.00023278586815979563,0.0,0.0,0.014470454545454545,0.00023278586815979563,0.14781363636363637,0.0017843783668777988,0.45571146830230946,0.000578827881054324,0.6076444846267439,0.00887364939119748,0.0,0.0
hiro_no_lp,8900,1.12,0.0,1886.58,34.38773025130816,1.04,1.955392674119396e-17,0.018984269662921348,0.000626570595240769,0.21623370786516855,0.004677616811928586,0.7504067415730336,0.004721127189797036,0.014375280898876403,0.00023009864561576845,0.0,0.0,0.014375280898876403,0.00023009864561576845,0.14706292134831464,0.001776351663475605,0.4557125753059597,0.000572644659267142,0.607296153788072,0.008847101118326048,0.0,0.0
hiro_no_lp,9000,1.12,0.0,1895.12,34.38174218852743,1.04,1.955392674119396e-17,0.018857777777777775,0.0006190805038070603,0.2147222222222222,0.004622884186420659,0.7521311111111109,0.004666690087404785,0.014288888888888886,0.0002269119654413769,0.0,0.0,0.014288888888888886,0.0002269119654413769,0.14632,0.0017525323146040468,0.4557114658525414,0.0005659589401326293,0.6070229820007511,0.008819389010995732,0.0,0.0
hiro_no_lp,9100,1.12,0.0,1903.56,34.372570459597576,1.04,1.955392674119396e-17,0.01874505494505494,0.0006090654472466755,0.21322417582417583,0.004569559248714256,0.7538065934065935,0.004615068240633009,0.014224175824175823,0.00022610674548767802,0.0,0.0,0.014224175824175823,0.00022610674548767802,0.14557362637362636,0.0017284338056083365,0.45570674109648024,0.000559937787532248,0.6068939335119284,0.008781065184271524,0.0,0.0
hiro_no_lp,9200,1.12,0.0,1910.68,34.42196071684233,1.04,1.955392674119396e-17,0.01861739130434783,0.0005994676985011258,0.21164130434782602,0.004522299264415757,0.7555847826086958,0.004569838462733593,0.014156521739130436,0.0002254615607964749,0.0,0.0,0.014156521739130436,0.0002254615607964749,0.1447326086956522,0.001708569126585678,0.45569750829398353,0.0005535076699061555,0.6066498067144908,0.008756397056078275,0.0,0.0
hiro_no_lp,9300,1.12,0.0,1918.76,34.42339688440443,1.04,1.955392674119396e-17,0.01852043010752688,0.0005899302315599341,0.21017419354838704,0.004473859775901373,0.7572236559139784,0.004517857794241384,0.014081720430107527,0.0002243536659007318,0.0,0.0,0.014081720430107527,0.0002243536659007318,0.14399354838709677,0.0016812636636562251,0.45568916725186315,0.0005478040206566318,0.6065030299752252,0.008737402270577439,0.0,0.0
hiro_no_lp,9400,1.12,0.0,1927.38,34.34284395055606,1.04,1.955392674119396e-17,0.01841063829787234,0.0005824806674709333,0.20879787234042552,0.004424679318068935,0.7587914893617022,0.004462239792459669,0.014000000000000002,0.00022127993584439263,0.0,0.0,0.014000000000000002,0.00022127993584439263,0.1433127659574468,0.0016652846362374427,0.4556853049281586,0.0005432569739409307,0.6063111752635447,0.008712841982966771,0.0,0.0
hiro_no_lp,9500,1.12,0.0,1934.98,34.25996044650253,1.04,1.955392674119396e-17,0.018301052631578947,0.0005763696937353959,0.20734736842105267,0.0043645481259480265,0.7604126315789473,0.004405510854162536,0.013938947368421052,0.00022233457753504315,0.0,0.0,0.013938947368421052,0.00022233457753504315,0.1425684210526316,0.0016478650809469322,0.45567963547429907,0.0005378877963446929,0.6061646110188399,0.008679053489968195,0.0,0.0
hiro_no_lp,9600,1.12,0.0,1942.48,34.18830495825096,1.04,1.955392674119396e-17,0.01816875,0.0005692083137570228,0.2059333333333333,0.004312822418852101,0.7620416666666665,0.004351855080831371,0.01385625,0.00021731265715105018,0.0,0.0,0.01385625,0.00021731265715105018,0.14181458333333333,0.0016298905182912274,0.45567087929227584,0.0005329387265854665,0.6060090421610446,0.008653693055986586,0.0,0.0
hiro_no_lp,9700,1.12,0.0,1949.66,34.31539917308501,1.04,1.955392674119396e-17,0.018049484536082475,0.0005654442731119354,0.204519587628866,0.004280019253824418,0.7636453608247423,0.004321078212539752,0.013785567010309278,0.0002153253052056079,0.0,0.0,0.013785567010309278,0.0002153253052056079,0.141059793814433,0.0016202464441640277,0.45566066189764093,0.0005264573618310653,0.6059014023402916,0.00860812941409875,0.0,0.0
hiro_no_lp,9800,1.12,0.0,1956.3,34.290383610616914,1.04,1.955392674119396e-17,0.017922448979591835,0.0005598408600133515,0.20308163265306123,0.004236766552673328,0.765287755102041,0.0042782105329321396,0.013708163265306123,0.00021272032901445225,0.0,0.0,0.013708163265306123,0.00021272032901445225,0.14025102040816326,0.0016004774349511065,0.45564299918538104,0.0005211182022744372,0.6057978287210768,0.008581588218053523,0.0,0.0
hiro_no_lp,9900,1.12,0.0,1963.26,34.18389416681726,1.04,1.955392674119396e-17,0.0178,0.0005555783432668361,0.20170909090909092,0.004183663939970688,0.7668444444444446,0.004223534390165351,0.013646464646464646,0.00021052495958074157,0.0,0.0,0.013646464646464646,0.00021052495958074157,0.1394868686868687,0.0015780917121970617,0.45562761340015173,0.0005168048868176779,0.6056950915422208,0.008552907626922485,0.0,0.0
hiro_no_lp,10000,1.12,0.0,1970.54,34.092565590923606,1.04,1.955392674119396e-17,0.01769,0.0005495396960648252,0.20038599999999998,0.004130041270733162,0.768352,0.00417457634658529,0.013571999999999999,0.00020898276464428197,0.0,0.0,0.013571999999999999,0.00020898276464428197,0.13879599999999997,0.0015595367182308353,0.45562173975947345,0.0005121623504225542,0.6055073032721944,0.008524006823273336,0.0,0.0
hiro_no_lp,10100,1.12,0.0,1977.28,34.12014833568253,1.04,1.955392674119396e-17,0.01755841584158416,0.000543534819390779,0.19906138613861382,0.004091972957057481,0.7698930693069308,0.004136931134084887,0.013487128712871286,0.0002070344529442894,0.0,0.0,0.013487128712871286,0.0002070344529442894,0.13805940594059407,0.0015438107954782586,0.4556101297307663,0.0005071092936726056,0.6053045109646767,0.008496572058886405,0.0,0.0
hiro_no_lp,10200,1.12,0.0,1983.74,34.11008361293816,1.04,1.955392674119396e-17,0.017449019607843137,0.000536233449761113,0.19772156862745097,0.0040556282984781766,0.7714078431372549,0.0040978092225008155,0.01342156862745098,0.00020509960006353405,0.0,0.0,0.01342156862745098,0.00020509960006353405,0.13731372549019608,0.0015247875424607145,0.45559562761501227,0.0005025785107430857,0.6052416707811681,0.008477033218304985,0.0,0.0
hiro_no_lp,10300,1.12,0.0,1990.16,34.182945503061994,1.04,1.955392674119396e-17,0.01733980582524272,0.0005323479553626032,0.1963902912621359,0.004023100657664762,0.7729145631067962,0.004065123110757342,0.01335533980582524,0.00020333381892679857,0.0,0.0,0.01335533980582524,0.00020333381892679857,0.1365514563106796,0.001517477090904699,0.4555774147363955,0.0004973067238956801,0.6051590321925147,0.008445750572809786,0.0,0.0
hiro_no_lp,10400,1.12,0.0,1995.96,34.18731069044329,1.04,1.955392674119396e-17,0.017223076923076924,0.0005269259416209699,0.19503653846153846,0.0039847988557343466,0.7744423076923077,0.004026019932039229,0.013298076923076925,0.00020315279284189975,0.0,0.0,0.013298076923076925,0.00020315279284189975,0.13577115384615385,0.0014983726278668425,0.455561378832491,0.0004925786924207942,0.6050016304865026,0.008431161716546466,0.0,0.0
hiro_no_lp,10500,1.12,0.0,2002.88,34.18020240921189,1.04,1.955392674119396e-17,0.01713714285714286,0.0005194671853870753,0.19378476190476188,0.003947286339155993,0.7758552380952382,0.003988818876952717,0.013222857142857142,0.0002004642674699863,0.0,0.0,0.013222857142857142,0.0002004642674699863,0.13510095238095238,0.0014795745655415463,0.4555491068870394,0.00048770514516029254,0.6049155401097758,0.008406475076460926,0.0,0.0
hiro_no_lp,10600,1.12,0.0,2008.88,34.24499534417327,1.04,1.955392674119396e-17,0.017041509433962262,0.0005140322147272546,0.19247358490566038,0.003916746537268218,0.7773358490566038,0.003958221308759777,0.013149056603773586,0.00019891178872953933,0.0,0.0,0.013149056603773586,0.00019891178872953933,0.13436792452830187,0.0014664491022659781,0.45553246873903086,0.00048283973313844176,0.6048532172442669,0.008395207277136194,0.0,0.0
hiro_no_lp,10700,1.12,0.0,2014.86,34.136054432885146,1.04,1.955392674119396e-17,0.016923364485981307,0.0005098304567246934,0.19121495327102803,0.0038683276833829136,0.7787906542056074,0.003908316094827299,0.013071028037383177,0.0001969825910395482,0.0,0.0,0.013071028037383177,0.0001969825910395482,0.13362616822429907,0.0014437905123724417,0.45551396742201855,0.00047853434581394424,0.6047616223159095,0.008363150151849337,0.0,0.0
hiro_no_lp,10800,1.12,0.0,2020.3,34.08335819901626,1.04,1.955392674119396e-17,0.01682037037037037,0.0005066231504786166,0.18992592592592594,0.0038310742226712953,0.7802370370370372,0.0038694726036209034,0.013016666666666668,0.0001905329500969487,0.0,0.0,0.013016666666666668,0.0001905329500969487,0.1328814814814815,0.0014229525005291191,0.4554970999340317,0.0004743691247824421,0.604686774680154,0.008350300076653732,0.0,0.0
hiro_no_lp,10900,1.12,0.0,2025.5,34.116179057294616,1.04,1.955392674119396e-17,0.016722935779816515,0.0004987167839153038,0.18861467889908262,0.003800685360433004,0.7817192660550458,0.0038369283647456272,0.012943119266055047,0.00018934369001230925,0.0,0.0,0.012943119266055047,0.00018934369001230925,0.13211192660550458,0.0014098853416260743,0.4554776225956872,0.00046971079129023177,0.6046058298769943,0.00832545887721261,0.0,0.0
hiro_no_lp,11000,1.12,0.0,2031.6,34.05793383549356,1.04,1.955392674119396e-17,0.016625454545454544,0.0004909890679028759,0.18742909090909093,0.003763418598559624,0.7830854545454545,0.003797107144688026,0.012859999999999998,0.00018710693888212095,0.0,0.0,0.012859999999999998,0.00018710693888212095,0.13143818181818184,0.0013970397105216793,0.4554628916521525,0.00046611254326576617,0.6045126101275311,0.008297966602735761,0.0,0.0
hiro_no_lp,11100,1.12,0.0,2037.32,34.089431482139894,1.04,1.955392674119396e-17,0.01650990990990991,0.00048792668138995506,0.18623603603603603,0.003733705226592954,0.7844684684684684,0.0037662478105832285,0.012785585585585584,0.00018537894342807916,0.0,0.0,0.012785585585585584,0.00018537894342807916,0.13073333333333334,0.0013824718617482768,0.4554458460509148,0.0004616909211158836,0.6044293173688222,0.00826142415373261,0.0,0.0
hiro_no_lp,11200,1.12,0.0,2042.06,34.06871100273321,1.04,1.955392674119396e-17,0.0164125,0.00048315201859634125,0.18496607142857144,0.003699004125534403,0.7859124999999999,0.0037316408931200975,0.012708928571428572,0.00018327639193096762,0.0,0.0,0.012708928571428572,0.00018327639193096762,0.12996607142857142,0.0013712177021816564,0.45542422465217286,0.00045768800913272294,0.604356156188714,0.008242617537280785,0.0,0.0
hiro_no_lp,11300,1.12,0.0,2046.8,34.08651657539823,1.04,1.955392674119396e-17,0.016295575221238937,0.00047881839419271373,0.18373097345132744,0.0036675113206958766,0.7873309734513275,0.0037008112540507974,0.012642477876106195,0.000183534631246094,0.0,0.0,0.012642477876106195,0.000183534631246094,0.12920530973451327,0.001362994837199458,0.4554017619223077,0.00045378831128726327,0.6042916663204629,0.00822169778278345,0.0,0.0
hiro_no_lp,11400,1.12,0.0,2052.06,34.117999438922055,1.04,1.955392674119396e-17,0.01620701754385965,0.0004724065462342463,0.1825526315789474,0.003637285989966344,0.7886701754385964,0.0036719292686018088,0.012570175438596488,0.00018151403057500075,0.0,0.0,0.012570175438596488,0.00018151403057500075,0.12851228070175438,0.0013505864534779097,0.4553827778756554,0.00044926695780440597,0.6042074255239346,0.008208325294929288,0.0,0.0
hiro_no_lp,11500,1.12,0.0,2056.9,34.11118973747651,1.04,1.955392674119396e-17,0.016104347826086954,0.00046760905763055274,0.18137043478260867,0.003605435124880309,0.7900226086956521,0.003635528731324035,0.012502608695652173,0.00018068945369755301,0.0,0.0,0.012502608695652173,0.00018068945369755301,0.12778782608695652,0.0013375673012044442,0.4553613451528467,0.0004453044022739375,0.6041273006477613,0.008196183824937501,0.0,0.0
hiro_no_lp,11600,1.12,0.0,2061.66,34.140640812703566,1.04,1.955392674119396e-17,0.016005172413793102,0.0004640593455811593,0.1801896551724138,0.0035753562571106136,0.791360344827586,0.0036074052482237195,0.012444827586206898,0.00018047246967451195,0.0,0.0,0.012444827586206898,0.00018047246967451195,0.1270706896551724,0.0013304973018398464,0.45534137059634355,0.00044107253834899,0.6040461588519696,0.00816839673695357,0.0,0.0
hiro_no_lp,11700,1.12,0.0,2066.84,34.12433879153094,1.04,1.955392674119396e-17,0.01590769230769231,0.00045841166811858627,0.17907521367521365,0.003543807230124682,0.7926512820512821,0.0035749743854102357,0.012365811965811966,0.0001786744951616725,0.0,0.0,0.012365811965811966,0.0001786744951616725,0.126408547008547,0.001315846203876841,0.4553250646076961,0.00043765608528040364,0.6039076141094539,0.008160985589930917,0.0,0.0
hiro_no_lp,11800,1.12,0.0,2072.08,34.124547870220034,1.04,1.955392674119396e-17,0.015813559322033897,0.00045520581113801453,0.17797288135593223,0.0035150437550207506,0.7939084745762713,0.0035435350507209227,0.012305084745762711,0.0001789148009870331,0.0,0.0,0.012305084745762711,0.0001789148009870331,0.12575084745762713,0.0013058033258734872,0.45530799235587194,0.0004341590231354186,0.6038005569884897,0.0081449905342757,0.0,0.0
hiro_no_lp,11900,1.12,0.0,2076.7,34.11028033437714,1.04,1.955392674119396e-17,0.015717647058823527,0.0004506261735278844,0.1768470588235294,0.0034857994544353205,0.7952067226890756,0.0035159775354925674,0.01222857142857143,0.00017765873874352807,0.0,0.0,0.01222857142857143,0.00017765873874352807,0.1250638655462185,0.0012918055146918957,0.4552883020714134,0.00043058600454772635,0.6036925239171548,0.008128838248218473,0.0,0.0
hiro_no_lp,12000,1.12,0.0,2081.52,34.14603977993731,1.04,1.955392674119396e-17,0.01563,0.00044370221469900074,0.17575333333333337,0.0034587240251407986,0.7964583333333334,0.0034885797241948615,0.012158333333333332,0.00017608185197261046,0.0,0.0,0.012158333333333332,0.00017608185197261046,0.12441333333333335,0.0012816977827667512,0.4552717793044726,0.0004274051035071699,0.6036062826852596,0.008123323925765601,0.0,0.0
hiro_no_lp,12100,1.12,0.0,2085.76,34.06253025462052,1.04,1.955392674119396e-17,0.015540495867768593,0.0004410464930856727,0.17462644628099175,0.0034259908538218807,0.7977223140495867,0.0034555202992650443,0.012110743801652892,0.00017489717676531194,0.0,0.0,0.012110743801652892,0.00017489717676531194,0.1237190082644628,0.0012627281442989455,0.4552513554060985,0.0004238911780968049,0.6035164674001742,0.00810660521201971,0.0,0.0
hiro_no_lp,12200,1.12,0.0,2090.22,34.03421195904893,1.04,1.955392674119396e-17,0.015439344262295082,0.00043620591548010194,0.17355245901639346,0.0033979017949316635,0.798950819672131,0.0034254642566814656,0.01205737704918033,0.00017359065161923616,0.0,0.0,0.01205737704918033,0.00017359065161923616,0.12304426229508199,0.0012470676737926492,0.4552302606717314,0.00042036203550036396,0.6034564223408707,0.008100281308909007,0.0,0.0
hiro_no_lp,12300,1.12,0.0,2093.82,33.96965861062558,1.04,1.955392674119396e-17,0.015344715447154473,0.00043357549956654114,0.17241463414634142,0.0033672081991422795,0.8002520325203253,0.0033933937260477655,0.011988617886178863,0.00017336548085939666,0.0,0.0,0.011988617886178863,0.00017336548085939666,0.12232032520325203,0.0012296864673152798,0.45520555547755004,0.00041732480278645727,0.6034002558854192,0.00809125404221165,0.0,0.0
hiro_no_lp,12400,1.12,0.0,2098.0,33.95274026391053,1.04,1.955392674119396e-17,0.015251612903225806,0.00043208534177008984,0.17134354838709678,0.003336484781819642,0.8014854838709679,0.003363171471865298,0.011919354838709676,0.0001720567253695343,0.0,0.0,0.011919354838709676,0.0001720567253695343,0.12164193548387095,0.0012196250192675765,0.4551839561457955,0.0004143154957583909,0.6033299721707226,0.008084314728274289,0.0,0.0
hiro_no_lp,12500,1.12,0.0,2101.74,33.91800208305499,1.04,1.955392674119396e-17,0.0151584,0.0004299770625111464,0.17025120000000002,0.003308439383498769,0.8027408,0.0033334890447440455,0.0118496,0.00017172758683925147,0.0,0.0,0.0118496,0.00017172758683925147,0.12094399999999998,0.001208483752307757,0.45516084791478406,0.0004110624092568676,0.6032324244161121,0.008075058153414702,0.0,0.0
hiro_no_lp,12600,1.12,0.0,2105.28,33.932418308232876,1.04,1.955392674119396e-17,0.015060317460317461,0.00042710856649376535,0.16917619047619045,0.0032837848653248774,0.8039793650793651,0.0033075304477362356,0.011784126984126984,0.0001691014102342069,0.0,0.0,0.011784126984126984,0.0001691014102342069,0.12024126984126986,0.0011988410581315852,0.4551356628405192,0.0004075914107979271,0.6032158492123539,0.008056537497604124,0.0,0.0
hiro_no_lp,12700,1.12,0.0,2108.78,33.89912153458149,1.04,1.955392674119396e-17,0.014963779527559054,0.00042325790941972075,0.16810708661417323,0.003255209340037837,0.8052094488188977,0.0032800223730495774,0.01171968503937008,0.00016721268505293812,0.0,0.0,0.01171968503937008,0.00016721268505293812,0.11955905511811023,0.0011902330661164014,0.45511521958540613,0.00040452343305888406,0.6030838631131958,0.008044793730591946,0.0,0.0
hiro_no_lp,12800,1.12,0.0,2112.62,33.963352277994936,1.04,1.955392674119396e-17,0.014887499999999998,0.00041991086616442676,0.1670640625,0.0032335392556863156,0.8063874999999999,0.0032577385608626,0.011660937500000001,0.00016684144282523182,0.0,0.0,0.011660937500000001,0.00016684144282523182,0.118909375,0.001183585115016996,0.4550955393347542,0.00040113508234466494,0.6029352338591433,0.008027890047704732,0.0,0.0
hiro_no_lp,12900,1.12,0.0,2115.84,33.92764642348087,1.04,1.955392674119396e-17,0.014793798449612403,0.00041833714433576997,0.16600775193798448,0.00320375833674235,0.807598449612403,0.00323029564692338,0.011600000000000001,0.00016538430072720567,0.0,0.0,0.011600000000000001,0.00016538430072720567,0.11821395348837209,0.0011757292284890108,0.45506935964885925,0.0003979326542561178,0.6029095001159375,0.008009666955367872,0.0,0.0
hiro_no_lp,13000,1.12,0.0,2118.96,33.921914655242425,1.04,1.955392674119396e-17,0.014712307692307691,0.0004156741243566923,0.16494615384615385,0.003178953741480389,0.8088169230769232,0.003206124053351273,0.011524615384615385,0.00016416993972713417,0.0,0.0,0.011524615384615385,0.00016416993972713417,0.11753538461538461,0.001167481878024252,0.455046998195985,0.00039479375352771977,0.6028289037988198,0.008001449556146688,0.0,0.0
hiro_no_lp,13100,1.12,0.0,2121.74,33.865783225394146,1.04,1.955392674119396e-17,0.014613740458015265,0.0004124165605136533,0.16389618320610688,0.003150790209126802,0.8100320610687022,0.0031802412816767443,0.011458015267175572,0.0001626765480759717,0.0,0.0,0.011458015267175572,0.0001626765480759717,0.11682900763358779,0.001156649256658408,0.4550201108666906,0.00039178964571683913,0.6027822319807588,0.00799261025559635,0.0,0.0
hiro_no_lp,13200,1.12,0.0,2124.32,33.824063888882186,1.04,1.955392674119396e-17,0.014525757575757576,0.000410946625931084,0.16283333333333336,0.0031225057510958372,0.81125,0.0031526947405329502,0.011390909090909092,0.0001610738685808357,0.0,0.0,0.011390909090909092,0.0001610738685808357,0.11612575757575758,0.0011485310461742692,0.4549950194769625,0.00038894907914493223,0.6027268608061647,0.007985043810670042,0.0,0.0
hiro_no_lp,13300,1.12,0.0,2126.7,33.84323101765382,1.04,1.955392674119396e-17,0.014427067669172934,0.00040892370791953154,0.161790977443609,0.0030991129131674898,0.812457142857143,0.0031292536637435764,0.011324812030075187,0.00015931523791063327,0.0,0.0,0.011324812030075187,0.00015931523791063327,0.11541954887218045,0.001141978212049833,0.45496746255844,0.0003861846969768669,0.6026949598641153,0.007973502245412495,0.0,0.0
hiro_no_lp,13400,1.12,0.0,2129.1,33.877031530317446,1.04,1.955392674119396e-17,0.014340298507462686,0.0004054277791065471,0.16074626865671643,0.003076713255476754,0.8136477611940297,0.0031080835860700278,0.011265671641791047,0.00015806981277792696,0.0,0.0,0.011265671641791047,0.00015806981277792696,0.11472089552238807,0.0011362741419339458,0.45494145655709795,0.0003833892141609954,0.6026329530297554,0.007969498868286625,0.0,0.0
hiro_no_lp,13500,1.12,0.0,2131.6,33.883124449332875,1.04,1.955392674119396e-17,0.014256296296296296,0.000402156556057005,0.1597288888888889,0.0030540471670276303,0.8148148148148148,0.0030859429009308472,0.011199999999999998,0.00015699938224231138,0.0,0.0,0.011199999999999998,0.00015699938224231138,0.1140488888888889,0.0011295771842651302,0.4549161877880309,0.00038079540142005395,0.6026233560429667,0.007964075152367975,0.0,0.0
hiro_no_lp,13600,1.12,0.0,2133.54,33.86228062283448,1.04,1.955392674119396e-17,0.014161764705882353,0.00039980597829578985,0.15869411764705882,0.0030308781809638384,0.8160073529411764,0.0030623329568401835,0.011136764705882353,0.00015618741243493745,0.0,0.0,0.011136764705882353,0.00015618741243493745,0.11334264705882352,0.0011202054380787326,0.4548887154380265,0.00037792056448152724,0.6025995453371348,0.007956775701287565,0.0,0.0
hiro_no_lp,13700,1.12,0.0,2135.36,33.884892305135224,1.04,1.955392674119396e-17,0.01407007299270073,0.00039747660316755823,0.15766277372262774,0.0030100578217291773,0.8171970802919709,0.003041419652872376,0.011070072992700733,0.0001555570605559725,0.0,0.0,0.011070072992700733,0.0001555570605559725,0.11264379562043797,0.001113521977121875,0.45486252296602514,0.0003752378454094627,0.6025188275889733,0.007953008134105322,0.0,0.0
hiro_no_lp,13800,1.12,0.0,2137.2,33.89337422456682,1.04,1.955392674119396e-17,0.01397826086956522,0.0003941055106139816,0.15664782608695652,0.002988790367218644,0.8183695652173916,0.0030199441145033696,0.011004347826086957,0.00015472655169995655,0.0,0.0,0.011004347826086957,0.00015472655169995655,0.1119536231884058,0.0011045329582332361,0.4548364015704094,0.0003725968101632159,0.6024660505025995,0.007950528860465822,0.0,0.0
hiro_no_lp,13900,1.12,0.0,2139.06,33.922834522498505,1.04,1.955392674119396e-17,0.013884892086330938,0.0003911500690468418,0.15564892086330936,0.0029682538205521086,0.8195338129496402,0.003000070410030488,0.010932374100719424,0.00015418924055213376,0.0,0.0,0.010932374100719424,0.00015418924055213376,0.11127338129496403,0.001101895286174143,0.4548102193827868,0.0003698734221969485,0.6024317621876166,0.007941925316229398,0.0,0.0
hiro_no_lp,14000,1.12,0.0,2140.78,33.92535972768839,1.04,1.955392674119396e-17,0.013801428571428574,0.0003874396676171856,0.15465,0.0029483490957942127,0.8206814285714286,0.0029793788084316528,0.010867142857142858,0.0001528162665707191,0.0,0.0,0.010867142857142858,0.0001528162665707191,0.11059857142857142,0.001093686950345528,0.45478502722077785,0.0003671130308250473,0.602373323956791,0.007937394982530089,0.0,0.0
hiro_no_lp,14100,1.12,0.0,2142.6,33.91350342099316,1.04,1.955392674119396e-17,0.013712056737588654,0.00038449606410919437,0.1536794326241135,0.0029263736136604136,0.8218000000000001,0.0029573410397347654,0.010808510638297873,0.00015155632787286851,0.0,0.0,0.010808510638297873,0.00015155632787286851,0.10993758865248227,0.0010863645779055858,0.4547592356115271,0.00036447379827051445,0.6023410109028577,0.00792423854136395,0.0,0.0
hiro_no_lp,14200,1.12,0.0,2144.1,33.90582696293981,1.04,1.955392674119396e-17,0.01362394366197183,0.00038156878202297826,0.15269718309859154,0.002904095492892636,0.8229366197183097,0.0029361771531000573,0.010742253521126758,0.0001501012779072248,0.0,0.0,0.010742253521126758,0.0001501012779072248,0.10925774647887324,0.0010796361650452077,0.45473228220630846,0.0003619820295349112,0.6023108751279966,0.007921355154030457,0.0,0.0
hiro_no_lp,14300,1.12,0.0,2145.82,33.858260258836424,1.04,1.955392674119396e-17,0.013541258741258739,0.0003784922508792811,0.15174265734265735,0.0028807799767697653,0.8240363636363636,0.00291185882854979,0.010679720279720282,0.00014762301006700956,0.0,0.0,0.010679720279720282,0.00014762301006700956,0.108606993006993,0.001068590868959261,0.45470626974102496,0.0003596027035243396,0.6023017850505253,0.007915425160538583,0.0,0.0
hiro_no_lp,14400,1.12,0.0,2147.44,33.863087603477865,1.04,1.955392674119396e-17,0.013458333333333334,0.0003755140509609937,0.15079305555555556,0.0028608352807731347,0.8251347222222222,0.0028924205543458432,0.010613888888888888,0.00014756570123303749,0.0,0.0,0.010613888888888888,0.00014756570123303749,0.10795694444444445,0.0010633404483551294,0.4546809329712977,0.00035719135811965554,0.602253760744684,0.007908960094200116,0.0,0.0
hiro_no_lp,14500,1.12,0.0,2148.9,33.85010475370401,1.04,1.955392674119396e-17,0.013375172413793102,0.00037323344003065443,0.14985103448275863,0.002840147420553609,0.8262220689655172,0.0028704134074478086,0.010551724137931035,0.00014562629530563053,0.0,0.0,0.010551724137931035,0.00014562629530563053,0.10731448275862068,0.001055739219375607,0.45465601108695725,0.00035462905407613633,0.602256885833055,0.00790051841693954,0.0,0.0
hiro_no_lp,14600,1.12,0.0,2150.42,33.86847417373777,1.04,1.955392674119396e-17,0.013290410958904108,0.0003708967836957488,0.14892739726027396,0.0028206273190495177,0.8272890410958904,0.002851452721978621,0.010493150684931507,0.00014530250317688117,0.0,0.0,0.010493150684931507,0.00014530250317688117,0.10667260273972604,0.0010507933252611582,0.4546294754352362,0.00035222192042946675,0.6022683620471765,0.007897983265707034,0.0,0.0
hiro_no_lp,14700,1.12,0.0,2151.78,33.860847175293344,1.04,1.955392674119396e-17,0.013213605442176873,0.00036885842445219676,0.1479959183673469,0.0028010122784854655,0.8283659863945578,0.0028319146198787773,0.010424489795918368,0.00014492217111965118,0.0,0.0,0.010424489795918368,0.00014492217111965118,0.10603809523809525,0.0010415715656112079,0.4546047170486575,0.0003498720865263951,0.6022393188770276,0.007895468865438196,0.0,0.0
hiro_no_lp,14800,1.12,0.0,2153.52,33.8693798259714,1.04,1.955392674119396e-17,0.013132432432432433,0.0003668144681065804,0.1471135135135135,0.002783224149724704,0.8293837837837841,0.0028139478760339956,0.010370270270270272,0.0001432250298029566,0.0,0.0,0.010370270270270272,0.0001432250298029566,0.1054337837837838,0.0010350012838677865,0.45458085591861946,0.00034744162127828737,0.6021940500778515,0.00788839381835766,0.0,0.0
hiro_no_lp,14900,1.12,0.0,2155.26,33.90606242824069,1.04,1.955392674119396e-17,0.013051006711409397,0.00036424891783469454,0.14624295302013424,0.0027668251863337953,0.8303973154362417,0.0027974714592113935,0.010308724832214766,0.00014258340513918546,0.0,0.0,0.010308724832214766,0.00014258340513918546,0.10483624161073828,0.001028833163115836,0.4545575797510393,0.0003449227732047575,0.6021532638431257,0.00788018804989255,0.0,0.0
hiro_no_lp,15000,1.12,0.0,2156.82,33.92566531914943,1.04,1.955392674119396e-17,0.012969333333333331,0.00036262189599606677,0.14536800000000002,0.0027496715878936964,0.8314079999999998,0.0027805718200144573,0.010254666666666667,0.00014135964329621968,0.0,0.0,0.010254666666666667,0.00014135964329621968,0.104228,0.0010229796681071155,0.45453276934600445,0.0003424404722224553,0.6021304003151069,0.007874580282334271,0.0,0.0
hiro_no_lp,15100,1.12,0.0,2158.66,33.8815416607055,1.04,1.955392674119396e-17,0.012896688741721854,0.00036054131251621275,0.14452185430463577,0.002729491621380756,0.8323907284768213,0.0027605812413624537,0.010190728476821191,0.00014051205702143136,0.0,0.0,0.010190728476821191,0.00014051205702143136,0.10365165562913906,0.0010160004652596732,0.45450919551316615,0.0003405866833309967,0.6021587279599485,0.007873255744780719,0.0,0.0
hiro_no_lp,15200,1.12,0.0,2160.16,33.88600770771539,1.04,1.955392674119396e-17,0.012822368421052633,0.00035808764032675786,0.1436644736842105,0.0027118570625570227,0.8333750000000001,0.002740644853819305,0.010138157894736842,0.00013896114507915347,0.0,0.0,0.010138157894736842,0.00013896114507915347,0.10306184210526315,0.0010068263141777163,0.45448528269551475,0.00033836221700924644,0.6021409200849829,0.007868028482827043,0.0,0.0
hiro_no_lp,15300,1.12,0.0,2161.6,33.93510012373859,1.04,1.955392674119396e-17,0.012751633986928105,0.00035530090175291167,0.1428091503267974,0.0026971106806817262,0.834356862745098,0.0027254098174184583,0.010082352941176471,0.00013742705338060684,0.0,0.0,0.010082352941176471,0.00013742705338060684,0.1024732026143791,0.0010039747134792832,0.45446160078842107,0.00033589165106124284,0.6021147992951521,0.00786012472582977,0.0,0.0
hiro_no_lp,15400,1.12,0.0,2163.08,33.90391994674218,1.04,1.955392674119396e-17,0.012676623376623376,0.00035275496433470784,0.1419766233766234,0.002676769891078233,0.8353155844155844,0.0027045104214875066,0.010031168831168833,0.0001362246082386382,0.0,0.0,0.010031168831168833,0.0001362246082386382,0.10189999999999999,0.0009980719638847599,0.45443894516363914,0.0003339780993762381,0.602070507350906,0.007859533290886163,0.0,0.0
hiro_no_lp,15500,1.12,0.0,2164.56,33.92107478081605,1.04,1.955392674119396e-17,0.012602580645161293,0.00035061153166134827,0.14115225806451612,0.0026609148960162624,0.8362670967741935,0.00268731422538757,0.009978064516129032,0.00013608893387444043,0.0,0.0,0.009978064516129032,0.00013608893387444043,0.10133548387096773,0.0009915324571825672,0.454417103124161,0.0003317615193829929,0.6020182093604945,0.007856436757361493,0.0,0.0
hiro_no_lp,15600,1.12,0.0,2166.04,33.93334354409587,1.04,1.955392674119396e-17,0.012535897435897437,0.00034867946966574267,0.14033205128205128,0.0026450879491664208,0.8372128205128204,0.002671067093443432,0.009919230769230769,0.00013550403154385948,0.0,0.0,0.009919230769230769,0.00013550403154385948,0.10077307692307694,0.0009861568673585018,0.45439455307464116,0.000329816967897441,0.6019930738228301,0.007852623498832914,0.0,0.0
hiro_no_lp,15700,1.12,0.0,2167.66,33.95225471157991,1.04,1.955392674119396e-17,0.01245859872611465,0.000346830418770544,0.13954012738853502,0.002629196233203879,0.8381350318471337,0.0026557509304574786,0.009866242038216561,0.0001354922753631954,0.0,0.0,0.009866242038216561,0.0001354922753631954,0.10022929936305731,0.0009804814111086244,0.45437346277343826,0.00032750758362638387,0.6019610253847564,0.007848513204182561,0.0,0.0
hiro_no_lp,15800,1.12,0.0,2169.06,33.91321950424137,1.04,1.955392674119396e-17,0.012391139240506327,0.0003443566468321121,0.13873417721518988,0.002609564908355142,0.8390645569620253,0.002637075112474943,0.009810126582278481,0.00013477734607026458,0.0,0.0,0.009810126582278481,0.00013477734607026458,0.09968101265822785,0.0009737520333442762,0.4543529047800226,0.00032570344901810487,0.6019021037929978,0.0078512787092232,0.0,0.0
hiro_no_lp,15900,1.12,0.0,2170.58,33.90753441045099,1.04,1.955392674119396e-17,0.012320754716981132,0.00034244066352446157,0.13795220125786165,0.0025928307440483416,0.8399761006289309,0.002620397070051479,0.009750943396226416,0.00013417008940709406,0.0,0.0,0.009750943396226416,0.00013417008940709406,0.09914465408805033,0.0009684751104737083,0.4543320336481466,0.0003238425949609436,0.6018473797934634,0.007849451631100523,0.0,0.0
hiro_no_lp,16000,1.12,0.0,2172.1,33.878923072781234,1.04,1.955392674119396e-17,0.0122575,0.00034049895861269026,0.13717125,0.0025749831644486295,0.8408675,0.0026015501658253923,0.00970375,0.00013252610928740473,0.0,0.0,0.00970375,0.00013252610928740473,0.09861625,0.0009601847485122382,0.4543124260066785,0.0003218350775648796,0.6017667291519289,0.007847342758694777,0.0,0.0
hiro_no_lp,16100,1.12,0.0,2173.92,33.85114883650214,1.04,1.955392674119396e-17,0.012199999999999999,0.0003376267974712579,0.1364198757763975,0.00255722158831104,0.8417279503105591,0.0025833948584399434,0.009652173913043478,0.00013168132357827255,0.0,0.0,0.009652173913043478,0.00013168132357827255,0.09811180124223602,0.0009525014574505099,0.4542931540063136,0.0003197982810637827,0.60173026257403,0.007839378891748558,0.0,0.0
hiro_no_lp,16200,1.12,0.0,2175.46,33.81009642707579,1.04,1.955392674119396e-17,0.012134567901234567,0.0003350834955042898,0.1356679012345679,0.002539463106579475,0.8425975308641975,0.002564843179794635,0.0096,0.00013080000517279566,0.0,0.0,0.0096,0.00013080000517279566,0.0975962962962963,0.0009445171620911944,0.454272615448546,0.00031784409504445664,0.6017215128281368,0.007832050251689756,0.0,0.0
hiro_no_lp,16300,1.12,0.0,2177.02,33.78499232088782,1.04,1.955392674119396e-17,0.01207116564417178,0.00033235114637737115,0.13492760736196321,0.0025221127620299356,0.8434527607361965,0.0025471492797693087,0.009548466257668711,0.00013016902733856698,0.0,0.0,0.009548466257668711,0.00013016902733856698,0.09708834355828219,0.0009382884726703205,0.45425206586925704,0.0003159964501584566,0.6017282712079361,0.007822063048345571,0.0,0.0
hiro_no_lp,16400,1.12,0.0,2178.66,33.794150079441806,1.04,1.955392674119396e-17,0.011999999999999997,0.00033026231243162875,0.13420853658536586,0.002507602645543202,0.844289024390244,0.0025329827877154493,0.009502439024390246,0.00012920629259711901,0.0,0.0,0.009502439024390246,0.00012920629259711901,0.09659024390243903,0.0009332872127857368,0.4542322692290906,0.0003141946090976683,0.6016997169106925,0.007820218882384556,0.0,0.0
hiro_no_lp,16500,1.12,0.0,2180.12,33.798582750144526,1.04,1.955392674119396e-17,0.011935757575757579,0.0003278375757281252,0.13347636363636364,0.002492583258616958,0.8451321212121212,0.0025181391767188335,0.009455757575757576,0.00012897224970853286,0.0,0.0,0.009455757575757576,0.00012897224970853286,0.0960860606060606,0.0009284891274236914,0.45421238463274227,0.0003125481634236264,0.6016625050059866,0.007822936843116076,0.0,0.0
hiro_no_lp,16600,1.12,0.0,2181.74,33.847543063397836,1.04,1.955392674119396e-17,0.011871084337349397,0.0003265120122990442,0.13276506024096385,0.002480053201044251,0.8459566265060241,0.0025057094192552022,0.00940722891566265,0.0001282631145613494,0.0,0.0,0.00940722891566265,0.0001282631145613494,0.09559879518072288,0.0009242996081266667,0.4541929590027932,0.0003105299040347076,0.6016588092379169,0.007813570905877679,0.0,0.0
hiro_no_lp,16700,1.12,0.0,2183.3,33.882585377103894,1.04,1.955392674119396e-17,0.011810778443113772,0.00032508468711903605,0.13205628742514972,0.002467757241627469,0.8467736526946108,0.0024929569954399004,0.009359281437125748,0.00012765441698538854,0.0,0.0,0.009359281437125748,0.00012765441698538854,0.09511497005988023,0.0009187500337102961,0.45417419668419884,0.00030845152916025707,0.6016203349459749,0.007807291639048156,0.0,0.0
hiro_no_lp,16800,1.12,0.0,2185.06,33.89376452194987,1.04,1.955392674119396e-17,0.011751190476190476,0.000322959541899763,0.13136666666666666,0.0024530713644094516,0.8475738095238096,0.0024780694821885667,0.009308333333333333,0.0001269474381117247,0.0,0.0,0.009308333333333333,0.0001269474381117247,0.09464880952380954,0.0009146739317158571,0.45415647320275,0.0003064941847781562,0.6015894293055988,0.007797647374107053,0.0,0.0
hiro_no_lp,16900,1.12,0.0,2186.84,33.88848892518893,1.04,1.955392674119396e-17,0.011688757396449706,0.00032188927343323196,0.13068994082840235,0.0024376696895258513,0.8483491124260355,0.0024619298791004863,0.009272189349112427,0.000126166369964246,0.0,0.0,0.009272189349112427,0.000126166369964246,0.09418816568047339,0.0009091516966493871,0.4541381059554226,0.000304885199789363,0.6015832311260237,0.007792345572574209,0.0,0.0
hiro_no_lp,17000,1.12,0.0,2188.2,33.918642156110636,1.04,1.955392674119396e-17,0.01162705882352941,0.0003201740664207791,0.12999529411764707,0.0024254772764056736,0.8491388235294118,0.0024494953702088374,0.009238823529411766,0.00012553856860812694,0.0,0.0,0.009238823529411766,0.00012553856860812694,0.09371294117647057,0.0009060111849269676,0.45411980050131057,0.0003030355551436472,0.6015308191806232,0.007787406033358174,0.0,0.0
hiro_no_lp,17100,1.12,0.0,2189.7,34.000855331378155,1.04,1.955392674119396e-17,0.011561403508771929,0.0003180720044615593,0.12932514619883043,0.0024162730423125745,0.8499216374269005,0.0024399929602815667,0.009191812865497076,0.00012571020402806028,0.0,0.0,0.009191812865497076,0.00012571020402806028,0.09324795321637427,0.0009017127764439597,0.45410147492042363,0.0003010006684245761,0.6014859572685444,0.007784072136247524,0.0,0.0
hiro_no_lp,17200,1.12,0.0,2191.38,34.00197941416988,1.04,1.955392674119396e-17,0.01150813953488372,0.00031620163105977513,0.1286639534883721,0.0024020464800234907,0.850679069767442,0.0024262305391694237,0.009148837209302324,0.00012477018310328404,0.0,0.0,0.009148837209302324,0.00012477018310328404,0.09279883720930232,0.0008979461860934222,0.4540833617693015,0.00029930960943141407,0.6014743469847059,0.007783497757036507,0.0,0.0
hiro_no_lp,17300,1.12,0.0,2192.8,34.05236064219517,1.04,1.955392674119396e-17,0.011445086705202312,0.000314163800434966,0.12800462427745665,0.002391315243648062,0.8514485549132949,0.002415480124296245,0.009101734104046242,0.000124361348981888,0.0,0.0,0.009101734104046242,0.000124361348981888,0.0923421965317919,0.0008930646184052681,0.45406502436575935,0.0002973067417539976,0.6014638505182909,0.0077758977211797205,0.0,0.0
hiro_no_lp,17400,1.12,0.0,2194.5,34.06678015610048,1.04,1.955392674119396e-17,0.01139080459770115,0.00031185720233653925,0.12735862068965517,0.002378715307132271,0.8521942528735633,0.0024037842432387308,0.009056321839080459,0.000123863194126957,0.0,0.0,0.009056321839080459,0.000123863194126957,0.09190689655172415,0.0008882576014536611,0.4540487310822376,0.00029546694633762185,0.6014228561697844,0.007772691879246771,0.0,0.0
hiro_no_lp,17500,1.12,0.0,2196.2,34.074096930551995,1.04,1.955392674119396e-17,0.011335999999999999,0.00031040547705099694,0.1267222857142857,0.0023664024914104537,0.8529291428571429,0.0023906622790442014,0.009012571428571429,0.00012380247868121823,0.0,0.0,0.009012571428571429,0.00012380247868121823,0.09147200000000001,0.0008834155215733805,0.4540312756682704,0.00029393888687822943,0.6014155647838058,0.007768751637392558,0.0,0.0
hiro_no_lp,17600,1.12,0.0,2198.12,34.02964661849416,1.04,1.955392674119396e-17,0.011284090909090912,0.00030857823356001594,0.12610681818181818,0.002351527155466049,0.8536352272727273,0.002376394656911787,0.008973863636363636,0.00012383937908208088,0.0,0.0,0.008973863636363636,0.00012383937908208088,0.09106022727272726,0.0008745761478545019,0.454016098890914,0.0002921531287494069,0.6013474494620821,0.007760044427672808,0.0,0.0
hiro_no_lp,17700,1.12,0.0,2200.0,34.03727848301936,1.04,1.955392674119396e-17,0.01122598870056497,0.00030724750230300385,0.12549717514124292,0.002338641720173862,0.8543401129943503,0.002362153217482339,0.008936723163841807,0.00012218678902294993,0.0,0.0,0.008936723163841807,0.00012218678902294993,0.09064519774011298,0.0008692776315610854,0.45400102256992625,0.0002906288350567273,0.6012695666237413,0.0077576768129295525,0.0,0.0
hiro_no_lp,17800,1.12,0.0,2201.52,34.08370536529988,1.04,1.955392674119396e-17,0.01116516853932584,0.00030532973478465995,0.12487865168539326,0.0023280800381199683,0.8550606741573032,0.0023523940345874395,0.008895505617977528,0.00012137219821525,0.0,0.0,0.008895505617977528,0.00012137219821525,0.09021460674157304,0.0008663257418166678,0.4539833597004597,0.0002888969406897273,0.6012764367200454,0.0077549121273263605,0.0,0.0
hiro_no_lp,17900,1.12,0.0,2203.1,34.04333672703374,1.04,1.955392674119396e-17,0.011115083798882682,0.0003039726441824394,0.12427039106145253,0.002314375517014027,0.8557620111731843,0.0023371923487432032,0.008852513966480447,0.00012093243989063135,0.0,0.0,0.008852513966480447,0.00012093243989063135,0.08979999999999999,0.0008604759815334938,0.4539664615277577,0.0002873517925485314,0.6012804389427954,0.007749554454526432,0.0,0.0
hiro_no_lp,18000,1.12,0.0,2204.5,34.0438882404847,1.04,1.955392674119396e-17,0.011061111111111112,0.00030215172747266237,0.12365444444444444,0.0023020548457792145,0.8564722222222223,0.002324951065136298,0.008812222222222221,0.00012045611226128606,0.0,0.0,0.008812222222222221,0.00012045611226128606,0.08937666666666667,0.0008552172520762949,0.4539494023518065,0.00028574998798609497,0.6012746046601078,0.007744440728733848,0.0,0.0
hiro_no_lp,18100,1.12,0.0,2206.32,34.07060424279833,1.04,1.955392674119396e-17,0.011008839779005526,0.0003005385990968396,0.12306961325966852,0.0022903515122611423,0.8571491712707183,0.00231299752411996,0.008772375690607735,0.0001199506695615291,0.0,0.0,0.008772375690607735,0.0001199506695615291,0.08897900552486186,0.000851253626078826,0.45393381675431543,0.00028415602232977744,0.6012674889953559,0.007739121281891474,0.0,0.0
hiro_no_lp,18200,1.12,0.0,2208.08,34.11089765420297,1.04,1.955392674119396e-17,0.010956043956043958,0.00029929594120793124,0.12248571428571427,0.0022803177578336353,0.8578252747252748,0.002302826002527983,0.008732967032967033,0.00011991100423115683,0.0,0.0,0.008732967032967033,0.00011991100423115683,0.08858351648351649,0.0008462125172250831,0.4539189961647894,0.00028248262039164596,0.6011936849644531,0.0077348392795923175,0.0,0.0
hiro_no_lp,18300,1.12,0.0,2209.42,34.096454899808776,1.04,1.955392674119396e-17,0.010901639344262293,0.0002974771548473815,0.12188743169398908,0.0022678046863477716,0.8585191256830602,0.002289526990979854,0.008691803278688525,0.00011923531101924121,0.0,0.0,0.008691803278688525,0.00011923531101924121,0.08817049180327871,0.0008396382286970306,0.4539022861269458,0.0002808495875208795,0.6012050208526037,0.007727478647547031,0.0,0.0
hiro_no_lp,18400,1.12,0.0,2210.76,34.08572099149736,1.04,1.955392674119396e-17,0.010853260869565218,0.00029517097858838625,0.12129021739130433,0.0022549630470633,0.8592086956521738,0.0022760480356749536,0.008647826086956521,0.00011836576719458684,0.0,0.0,0.008647826086956521,0.00011836576719458684,0.08776195652173913,0.0008350828455067268,0.4538858628481482,0.0002792782385948245,0.6011941200368405,0.0077183295602041915,0.0,0.0
hiro_no_lp,18500,1.12,0.0,2212.14,34.089103052717235,1.04,1.955392674119396e-17,0.010799999999999999,0.00029362318778942953,0.1207091891891892,0.0022434832054218598,0.8598789189189188,0.0022649050463297237,0.008611891891891892,0.00011868241035306526,0.0,0.0,0.008611891891891892,0.00011868241035306526,0.08735675675675675,0.0008307706854026165,0.4538689274150901,0.00027781543587203367,0.6011914505397455,0.007715446205792747,0.0,0.0
hiro_no_lp,18600,1.12,0.0,2213.62,34.09265753735229,1.04,1.955392674119396e-17,0.010750537634408603,0.00029229073041361035,0.12013440860215054,0.0022312028891491665,0.8605419354838709,0.002252221789875608,0.008573118279569891,0.00011879920566449186,0.0,0.0,0.008573118279569891,0.00011879920566449186,0.08696236559139786,0.0008260971190643123,0.45385348648981255,0.00027643261537462985,0.6011697151445051,0.007710929226054027,0.0,0.0
hiro_no_lp,18700,1.12,0.0,2215.38,34.07843162530835,1.04,1.955392674119396e-17,0.01069946524064171,0.00029111637273124215,0.11958502673796792,0.002218093056434472,0.8611775401069519,0.0022392025690064505,0.008537967914438503,0.00011798993619297445,0.0,0.0,0.008537967914438503,0.00011798993619297445,0.08658395721925133,0.000822080531019634,0.45383814053370114,0.0002749521084456869,0.6011650950539671,0.007703278555763757,0.0,0.0
hiro_no_lp,18800,1.12,0.0,2217.12,34.07966225759635,1.04,1.955392674119396e-17,0.010651063829787234,0.00028959866800914465,0.11903829787234044,0.002207045299845783,0.8618138297872341,0.002227555170387676,0.008496808510638297,0.00011682186064067109,0.0,0.0,0.008496808510638297,0.00011682186064067109,0.08621382978723405,0.0008167907504467888,0.4538241100144886,0.0002735887877047804,0.601143631671436,0.007699452608961125,0.0,0.0
hiro_no_lp,18900,1.12,0.0,2218.86,34.04142746233579,1.04,1.955392674119396e-17,0.010608465608465607,0.00028764837464985676,0.11848994708994708,0.002193283538169417,0.8624455026455027,0.0022141679152334003,0.008456084656084656,0.00011603529089254822,0.0,0.0,0.008456084656084656,0.00011603529089254822,0.08584444444444443,0.000814106622993645,0.45381016166539623,0.00027241483560989883,0.6011157035933015,0.007694225027470756,0.0,0.0
hiro_no_lp,19000,1.12,0.0,2220.58,34.042303694320196,1.04,1.955392674119396e-17,0.010561052631578947,0.0002859105380598005,0.11795368421052632,0.00218106584023637,0.8630663157894738,0.0022015093111808054,0.008418947368421052,0.0001157500176892387,0.0,0.0,0.008418947368421052,0.0001157500176892387,0.0854778947368421,0.0008100977286942701,0.4537956263211446,0.0002709536362336201,0.6010952809294379,0.007684624816541175,0.0,0.0
hiro_no_lp,19100,1.12,0.0,2222.34,34.08469175810305,1.04,1.955392674119396e-17,0.010513089005235603,0.0002852322193063086,0.11742303664921463,0.002171527358890288,0.86368167539267,0.0021920556125303615,0.008382198952879581,0.00011489390462133651,0.0,0.0,0.008382198952879581,0.00011489390462133651,0.08511832460732985,0.0008074482828294888,0.45378200441960787,0.00026945516357247657,0.6010704441786376,0.00768187701293571,0.0,0.0
hiro_no_lp,19200,1.12,0.0,2223.86,34.081451176346846,1.04,1.955392674119396e-17,0.010461458333333331,0.0002836725238734568,0.116890625,0.002160072244281957,0.864303125,0.0021800945115427427,0.008344791666666667,0.00011388829477266085,0.0,0.0,0.008344791666666667,0.00011388829477266085,0.08474999999999999,0.0008048435697504871,0.4537676606789152,0.00026806778286863904,0.60103510684306,0.007677326344178355,0.0,0.0
hiro_no_lp,19300,1.12,0.0,2225.46,34.08461511818935,1.04,1.955392674119396e-17,0.010417616580310882,0.00028324297566573517,0.11636165803108806,0.0021493375354012917,0.8649056994818655,0.002169731945431235,0.008315025906735751,0.00011303628168322389,0.0,0.0,0.008315025906735751,0.00011303628168322389,0.08438963730569948,0.0008005803830616068,0.4537533970018386,0.0002667039165778919,0.6009883646058723,0.007678636312671586,0.0,0.0
hiro_no_lp,19400,1.12,0.0,2226.86,34.097172185100746,1.04,1.955392674119396e-17,0.010374226804123712,0.0002821306696140411,0.11582577319587628,0.002138676460672239,0.865518556701031,0.002159048601870181,0.008281443298969073,0.00011291913698202323,0.0,0.0,0.008281443298969073,0.00011291913698202323,0.08402474226804124,0.0007947031073969213,0.4537395676506412,0.0002651527339139493,0.6009480109249903,0.007672529377915647,0.0,0.0
hiro_no_lp,19500,1.12,0.0,2228.84,34.10852260485221,1.04,1.955392674119396e-17,0.010326153846153844,0.00028135973448926836,0.11533538461538463,0.00212693459328962,0.866094358974359,0.002147428759174934,0.008244102564102563,0.00011204298939386073,0.0,0.0,0.008244102564102563,0.00011204298939386073,0.08369743589743589,0.0007942733352504735,0.4537281659999296,0.00026365959651693764,0.6008686539444505,0.007656893338130355,0.0,0.0
hiro_no_lp,19600,1.12,0.0,2230.56,34.134489829472585,1.04,1.955392674119396e-17,0.01028061224489796,0.0002797552321417179,0.11483163265306123,0.0021174628511600197,0.8666765306122448,0.002137521375984122,0.008211224489795919,0.00011207827168816779,0.0,0.0,0.008211224489795919,0.00011207827168816779,0.08335204081632654,0.000791318645802191,0.4537145957436537,0.00026227351498231784,0.6008209050820553,0.007647232656536108,0.0,0.0
hiro_no_lp,19700,1.12,0.0,2232.04,34.14818798790271,1.04,1.955392674119396e-17,0.010234517766497461,0.00027859439867536237,0.11431979695431473,0.002106852589393569,0.8672700507614212,0.0021269950509505368,0.008175634517766497,0.00011154706688992393,0.0,0.0,0.008175634517766497,0.00011154706688992393,0.08299898477157361,0.000787984915000112,0.4537005154399894,0.0002609587942351778,0.6007946626471015,0.007639902265654534,0.0,0.0
hiro_no_lp,19800,1.12,0.0,2233.48,34.122961806516436,1.04,1.955392674119396e-17,0.010191919191919191,0.00027648826454018693,0.11380808080808082,0.002095472619537322,0.8678606060606061,0.0021149832271996558,0.00813939393939394,0.00011107699856778126,0.0,0.0,0.00813939393939394,0.00011107699856778126,0.08264848484848486,0.0007851521355960101,0.45368703859453824,0.0002598050255466031,0.6007619791027404,0.007637999841723757,0.0,0.0
hiro_no_lp,19900,1.12,0.0,2234.98,34.118778000463294,1.04,1.955392674119396e-17,0.010150753768844221,0.00027500894284103016,0.11330552763819095,0.002084666390348255,0.8684331658291459,0.002104886490111897,0.008110552763819095,0.00011035680603345663,0.0,0.0,0.008110552763819095,0.00011035680603345663,0.08230552763819096,0.0007810674166775892,0.4536732332878565,0.0002586196000815219,0.6007577895517237,0.007633711798293368,0.0,0.0
hiro_no_lp,20000,1.12,0.0,2236.7,34.13792253641163,1.04,1.955392674119396e-17,0.010112000000000001,0.0002733188315383142,0.11281600000000001,0.002074963210886066,0.8689969999999999,0.0020950521935926922,0.008075,0.00011040047692887222,0.0,0.0,0.008075,0.00011040047692887222,0.081973,0.0007777967443427646,0.4536600136411616,0.00025732277324608434,0.600719188533565,0.007631156788799062,0.0,0.0
hiro_no_safety,100,0.4837124019659385,0.015267241770067577,44.12,1.8884482345814715,0.40371240196593855,0.015267241770067575,0.225,0.029625209893340672,0.6452,0.027994518413869702,0.04800000000000001,0.006420630015498352,0.0388,0.005155856586723214,0.04300000000000001,0.007985957062499249,0.08180000000000001,0.00955623527614621,0.225,0.029625209893340672,0.4221341017451785,0.0040818666725703084,0.5163555775285279,0.012238471393857366,0.3440000000000001,0.063887656499994
hiro_no_safety,200,0.7735476030946005,0.016753594547945283,115.14,1.8038530190361168,0.6935476030946007,0.01675359454794528,0.1862,0.021450255695160257,0.7007000000000001,0.02165735488022864,0.034600000000000006,0.0035965970310950367,0.03830000000000001,0.0035817280061730093,0.04020000000000001,0.004882204252931961,0.0785,0.005894047498821785,0.1862,0.021450255695160257,0.43896803127994277,0.0024189802847392507,0.4712939789333282,0.011746936956922254,0.6432000000000001,0.07811526804691142
hiro_no_safety,300,0.9746858312372262,0.012175390808949249,198.5,1.9424894610067898,0.8946858312372262,0.012175390808949249,0.1718,0.015733094083272576,0.7245333333333334,0.016427055830711298,0.03153333333333334,0.0025505501607396355,0.03626666666666666,0.0026643527375713755,0.03586666666666667,0.0033746554371858303,0.07213333333333334,0.004074988696894581,0.17239999999999994,0.01570881289980527,0.45284709815063723,0.0017673730811924747,0.47734855712989693,0.00902002879863924,0.8608000000000001,0.08099173049245997
hiro_no_safety,400,1.0912714847650482,0.006194345599907774,286.82,2.2067965516576655,1.0112714847650484,0.006194345599907775,0.13895,0.012321395445090045,0.7696500000000001,0.013146546454239202,0.028150000000000005,0.0020376682351979417,0.0313,0.002016817051794278,0.03195,0.002846668299637888,0.06325,0.0033898482899049373,0.16825000000000004,0.011962579835743233,0.46026739791478877,0.002416406654593915,0.5157654919325672,0.011614224839600937,1.0224000000000002,0.09109338558841244
hiro_no_safety,500,1.1175304148156524,0.0014872336355676624,372.46,2.390834539636394,1.0375304148156526,0.0014872336355676626,0.11572,0.009887037070872967,0.8002800000000001,0.010597652416204915,0.02636,0.0016695985097242598,0.029000000000000005,0.0017126182366452238,0.02864,0.002368804055438361,0.05764,0.002822469609026384,0.21344000000000002,0.012547905264649243,0.45920564165435634,0.003384474010901332,0.5574286559022963,0.015044035146168193,1.1456000000000002,0.09475216221753448
hiro_no_safety,600,1.12,0.0,454.26,2.770516786685495,1.04,2.104110403597227e-17,0.09993333333333332,0.008285982480607489,0.8216,0.008795736959580561,0.024700000000000003,0.001422758012738565,0.02716666666666667,0.001380336480060547,0.0266,0.0019616273497814083,0.05376666666666668,0.0022308952068701656,0.24346666666666672,0.015422091525778158,0.4518346007653787,0.003963307080500813,0.6016080212080429,0.01553886134516336,1.2768000000000002,0.09415811278950764
hiro_no_safety,700,1.12,0.0,534.66,3.2859142796276997,1.04,2.104110403597227e-17,0.08977142857142859,0.006953688655852538,0.8356571428571428,0.007523718984336711,0.023485714285714283,0.0012245986346187216,0.025942857142857143,0.0012396073594748886,0.025142857142857144,0.0016584693595028607,0.05108571428571428,0.0019939767694069585,0.25657142857142856,0.01752114210484177,0.44400394873842836,0.004284975496113883,0.6389932878502802,0.015523134164433875,1.4080000000000001,0.09287428413216027
hiro_no_safety,800,1.12,0.0,613.12,3.900459418256955,1.04,2.104110403597227e-17,0.0808,0.006119323692123141,0.84795,0.0066538656863081155,0.023000000000000003,0.0011025249314595095,0.024525,0.0010978236819884576,0.023725,0.0014008424943146001,0.04825,0.0017068290207640743,0.25670000000000004,0.017695906363925422,0.4361201933881558,0.004403359637129673,0.6703684243911441,0.015656437422242205,1.5184,0.08965391963613449
hiro_no_safety,900,1.12,0.0,692.02,4.209560547135532,1.04,2.104110403597227e-17,0.07375555555555555,0.005385598967697717,0.8577777777777778,0.005781439621038238,0.022244444444444445,0.0009558086465439951,0.023555555555555555,0.0010079052613579393,0.022666666666666672,0.0012714275806032245,0.04622222222222223,0.0015111911410046863,0.2525333333333333,0.017425652168270314,0.42896326493285986,0.0042954569185594685,0.6976952224813633,0.014864272502907182,1.6320000000000006,0.09154278580343223
hiro_no_safety,1000,1.12,0.0,768.52,4.573503100714473,1.04,2.104110403597227e-17,0.06766000000000001,0.0048304822930711035,0.8654999999999999,0.005150807347060327,0.021820000000000003,0.0008772359187486894,0.022940000000000002,0.0009184770002564027,0.022080000000000002,0.0011724177008669405,0.04502,0.0014160854349874778,0.24794,0.01688833458035336,0.42303132114104536,0.0041532862936016325,0.7199013017622812,0.013785712360071502,1.7664000000000004,0.09379341606935529
hiro_no_safety,1100,1.12,0.0,844.92,4.500234914503274,1.04,2.104110403597227e-17,0.06323636363636363,0.004425897810452861,0.871690909090909,0.00464797266091754,0.021436363636363635,0.0008152245049200631,0.022199999999999998,0.0008448907889597427,0.021436363636363635,0.00109648851502684,0.04363636363636363,0.0013139366098640765,0.24114545454545452,0.015450917614138877,0.4174760229867022,0.003808633918819032,0.7389112754143585,0.012559564414685207,1.8864,0.09649098932236198
hiro_no_safety,1200,1.12,0.0,921.24,4.497578486796863,1.04,2.104110403597227e-17,0.05946666666666666,0.004065420239453236,0.8766499999999998,0.004293411738203254,0.02096666666666666,0.0007851224322104742,0.021666666666666664,0.0007860749532961514,0.02125,0.001055234764478154,0.04291666666666667,0.0012906101670041978,0.23486666666666664,0.014094481157281756,0.41273634031957257,0.0034781607244952282,0.7548717412900267,0.01144536830452069,2.0400000000000005,0.10130253738990287
hiro_no_safety,1300,1.12,0.0,998.12,4.526442942784733,1.04,2.104110403597227e-17,0.05619999999999999,0.003713076726316089,0.8813230769230769,0.003944184911255686,0.020492307692307695,0.0007513655402662711,0.02109230769230769,0.0007053849492149061,0.02089230769230769,0.00098812170031138,0.041984615384615384,0.0011706448525701256,0.22992307692307695,0.01295097254620382,0.40874138593351234,0.003199436504598371,0.7684019266799375,0.010495223454200548,2.1728000000000005,0.1027646568323836
hiro_no_safety,1400,1.12,0.0,1074.42,4.593881467645362,1.04,2.104110403597227e-17,0.05345714285714285,0.0034274390744275752,0.8848999999999999,0.0036179483395181165,0.020157142857142856,0.0006945644858995356,0.021042857142857144,0.0006505724259957962,0.02044285714285714,0.0009203810123150472,0.041485714285714285,0.0010881283580603716,0.2250571428571429,0.012066400353573195,0.40522995062497974,0.0029883094703996383,0.7801177432153774,0.009735033535662777,2.2896000000000005,0.10308267337928534
hiro_no_safety,1500,1.12,0.0,1150.2,4.820618979647611,1.04,2.104110403597227e-17,0.05104,0.003210083885002514,0.8882533333333333,0.0033716916765779118,0.01988,0.000649769538771047,0.020706666666666665,0.0005936657327718803,0.02012,0.0008794329238626992,0.040826666666666664,0.0010341225864516856,0.22082666666666667,0.01127968993317911,0.40216099418063694,0.0027900066153828678,0.7900537373194466,0.00904563367781218,2.414400000000001,0.10553195086352397
hiro_no_safety,1600,1.12,0.0,1226.42,4.7773350952434654,1.04,2.104110403597227e-17,0.04888750000000001,0.003010996533965295,0.8911125,0.0032402862094864024,0.0197,0.0006356841886936485,0.020575,0.0005900536122303824,0.019725000000000003,0.000837414327022198,0.0403,0.0010178947361478745,0.2163875,0.010541770202632103,0.3993351454179333,0.002615761428942672,0.7991111626290334,0.008472583705835741,2.524800000000001,0.10718903385884142
hiro_no_safety,1700,1.12,0.0,1302.66,4.721086868983646,1.04,2.104110403597227e-17,0.047047058823529414,0.002872204000820438,0.8939882352941178,0.003081561530687079,0.019305882352941176,0.000581155473956202,0.02011764705882353,0.000543561735421722,0.01954117647058824,0.0007724311970002809,0.03965882352941177,0.0009505966148466438,0.21338823529411766,0.009884818762852299,0.3969821333809264,0.0024665025862211382,0.8065898003634938,0.008024260966023267,2.6576000000000004,0.10505064279203828
hiro_no_safety,1800,1.12,0.0,1379.1,4.760144912903044,1.04,2.104110403597227e-17,0.045411111111111103,0.0027415694544953846,0.8959777777777778,0.0029184153056402906,0.019044444444444447,0.0005623260908059563,0.020033333333333334,0.0005279800304674755,0.019533333333333333,0.000735206842003732,0.03956666666666667,0.0009050807012845552,0.21115555555555557,0.00929600352473427,0.39506220053898145,0.0023372240882949366,0.8127441051514974,0.007593644560312633,2.8128000000000015,0.10586978524853748
hiro_no_safety,1900,1.12,0.0,1456.54,4.8042676606431955,1.04,2.104110403597227e-17,0.04386315789473683,0.002578656245213717,0.8982315789473684,0.0027528968086253168,0.018799999999999997,0.0005377995295580658,0.019757894736842106,0.0005237769053651836,0.019347368421052634,0.0006945936121600021,0.03910526315789473,0.0008720832198849399,0.2091157894736842,0.008915143079730098,0.3932950192979898,0.0022222914948144554,0.8182337056624159,0.0071322981219354925,2.940800000000001,0.1055782290483204
hiro_no_safety,2000,1.12,0.0,1533.78,4.899670126338993,1.04,2.104110403597227e-17,0.04239,0.002444581262920177,0.9001799999999999,0.0026398345650082413,0.018860000000000002,0.0005283860678847369,0.01945,0.0005115502648512536,0.019119999999999998,0.0006789187081270466,0.03857,0.0008508111375838557,0.20725000000000002,0.008638821371800528,0.3917069500813024,0.002139973550992541,0.8233092712482157,0.006791587655595029,3.0592000000000015,0.10862699330032753
hiro_no_safety,2100,1.12,0.0,1610.32,4.918473298884191,1.04,2.104110403597227e-17,0.04110476190476191,0.0023392831858283997,0.9017809523809523,0.0025459199805501604,0.018828571428571427,0.0004956584147403533,0.019419047619047617,0.0005021661624765774,0.018866666666666667,0.0006658178686527001,0.038285714285714284,0.0008145104515426266,0.20579047619047613,0.008225650059108087,0.3903495561511709,0.002042525056405541,0.8277505339496806,0.0064561086403756695,3.1696000000000013,0.11185740193365372
hiro_no_safety,2200,1.12,0.0,1687.2,4.972495780361636,1.04,2.104110403597227e-17,0.039909090909090915,0.0022302146335094405,0.9036363636363635,0.002446527135442414,0.01865454545454545,0.0005059870928204198,0.019190909090909092,0.0004789884348589452,0.018609090909090912,0.000631629621760925,0.0378,0.0007876556460567353,0.20374545454545456,0.007821735827662116,0.3889209631441197,0.001931717524985962,0.832045759519906,0.006077331487368753,3.2752000000000017,0.11116681342992289
hiro_no_safety,2300,1.12,0.0,1764.4,4.989621882529,1.04,2.104110403597227e-17,0.03886086956521739,0.002126905792747971,0.9050260869565219,0.002345266605811788,0.018600000000000002,0.0005162817208883953,0.019,0.0004467302518348201,0.01851304347826087,0.0006124979480396356,0.03751304347826087,0.0007520443954531763,0.2028521739130435,0.007478561723999202,0.3878378882421439,0.001838390236430169,0.835618857630148,0.005780720521524216,3.4064000000000023,0.11269962243929303
hiro_no_safety,2400,1.12,0.0,1841.56,4.999115023722515,1.04,2.104110403597227e-17,0.037816666666666665,0.0020388989292109147,0.9063916666666667,0.002241468139806746,0.018575,0.000521516898368065,0.018808333333333333,0.00043854305528404894,0.018408333333333332,0.0005911394604304508,0.03721666666666667,0.0007409162679411035,0.20110833333333333,0.007225372688486617,0.38666116835378256,0.0017674602821733823,0.8391901159111202,0.0055698352404362035,3.5344000000000015,0.11349877640264662
hiro_no_safety,2500,1.12,0.0,1918.68,5.138127984360984,1.04,2.104110403597227e-17,0.037048,0.0019720459488789294,0.907792,0.002164959989261242,0.018416,0.0005050549374037624,0.018600000000000002,0.0004517178096907811,0.018144,0.0005612534077892997,0.036744000000000006,0.0007239808318581087,0.200168,0.007078910004876658,0.3856743483463302,0.0017190590574187345,0.8422066966827711,0.005408876310016172,3.628800000000002,0.11225068155786003
hiro_no_safety,2600,1.12,0.0,1995.68,5.313474592476936,1.04,2.104110403597227e-17,0.03633846153846154,0.0018962410142968145,0.9088615384615385,0.002098007979821746,0.018323076923076925,0.00048597775162601215,0.018438461538461536,0.00044683675337709036,0.018038461538461538,0.000554400777592697,0.03647692307692307,0.000722802980941097,0.19911538461538467,0.0070352524617686004,0.38474788762570356,0.001695314724202667,0.8452275254195777,0.005285505602144674,3.7520000000000016,0.11531536173928104
hiro_no_safety,2700,1.12,0.0,2073.04,5.433678800418962,1.04,2.104110403597227e-17,0.035444444444444445,0.001829012598652023,0.9102074074074074,0.00202094682896308,0.01814814814814815,0.0004843510049246902,0.018266666666666667,0.0004208182356533017,0.017933333333333336,0.000541659414904523,0.0362,0.0007130744187503748,0.1973851851851852,0.006878342775649102,0.3837049141635708,0.0016556022604773102,0.8483633869600328,0.005141595039257898,3.873600000000002,0.11699843361937703
hiro_no_safety,2800,1.12,0.0,2149.38,5.63269537103305,1.04,2.104110403597227e-17,0.034735714285714286,0.001758829987173791,0.911292857142857,0.00194400181722894,0.017885714285714286,0.00047069914414433453,0.0183,0.00043021550540538634,0.017785714285714283,0.0005195070229125655,0.03608571428571429,0.0006995536150347626,0.19535,0.00668843489847117,0.3826466211077826,0.0016019387392349226,0.8515569298149422,0.004953848504039653,3.984000000000002,0.11636957313241475
hiro_no_safety,2900,1.12,0.0,2227.02,5.596754890659627,1.04,2.104110403597227e-17,0.03403448275862069,0.0016847362659368436,0.9122482758620688,0.0018685538808837522,0.017682758620689652,0.00045969222891786745,0.018282758620689656,0.0004158394159525277,0.017751724137931035,0.0005038366234735172,0.036034482758620694,0.0006750925547904883,0.19399310344827586,0.006428003976238819,0.38180235269440943,0.001537871109733338,0.8540870585139018,0.004735224565862708,4.118400000000002,0.11689009664585605
hiro_no_safety,3000,1.12,0.0,2303.54,5.560077080657887,1.04,2.104110403597227e-17,0.033506666666666664,0.001627045790546519,0.9131666666666667,0.0018047367758019372,0.017519999999999997,0.00045913850117944386,0.018146666666666665,0.0004098736047638176,0.017660000000000002,0.0005006562586669657,0.03580666666666667,0.0006714177641818518,0.19217333333333328,0.006201888674367809,0.3808705572534526,0.0014891323508462537,0.8568073451656596,0.004569921893151861,4.238400000000002,0.12015750208007184
hiro_no_safety,3100,1.12,0.0,2380.62,5.703839737852216,1.04,2.104110403597227e-17,0.032890322580645164,0.0015666836481497374,0.9141870967741936,0.001755161309076636,0.01733548387096774,0.0004538466342256006,0.018000000000000002,0.00041217842903221933,0.017587096774193546,0.0004876299023864911,0.035587096774193555,0.0006670060792289576,0.1906064516129032,0.0059733503173586425,0.3800203622677782,0.001431058910634176,0.8592921953454379,0.00439572786118958,4.361600000000003,0.12093221579184989
hiro_no_safety,3200,1.12,0.0,2457.4,5.701127707994019,1.04,2.104110403597227e-17,0.0323875,0.0015150909668251284,0.9148750000000001,0.0016987296423972773,0.0173,0.0004341856968944913,0.01793125,0.0004069009698129188,0.01750625,0.00047266561858230803,0.035437500000000004,0.0006551405831372908,0.18894375,0.005790065947797741,0.3792083192468989,0.0013894277907603447,0.8617068841323288,0.004270613517136339,4.481600000000002,0.12100239835707095
hiro_no_safety,3300,1.12,0.0,2533.72,5.785417276327135,1.04,2.104110403597227e-17,0.031878787878787875,0.0014818606112706912,0.9156121212121212,0.0016661041384975264,0.017315151515151516,0.0004215845712553576,0.017824242424242423,0.00039207398116812044,0.01736969696969697,0.0004648342857554403,0.035193939393939395,0.0006430872531155136,0.18795757575757574,0.005624853156549002,0.37856255666886945,0.0013445649445315722,0.8637075117631099,0.004130740640791751,4.585600000000003,0.12271625143943632
hiro_no_safety,3400,1.12,0.0,2610.62,5.6732735394180684,1.04,2.104110403597227e-17,0.031347058823529415,0.0014271641610362944,0.9164823529411765,0.0016108601487266785,0.017158823529411765,0.0004166753994800789,0.01769411764705882,0.0003814385594305279,0.017317647058823528,0.00044968898384385985,0.035011764705882346,0.0006269358129211125,0.1870058823529412,0.005422862270920944,0.3779385561772811,0.001292050696537439,0.8655650842159665,0.003973794135981754,4.710400000000003,0.12231540360552998
hiro_no_safety,3500,1.12,0.0,2687.8,5.731118065937422,1.04,2.104110403597227e-17,0.030908571428571428,0.001391176814048699,0.9172971428571428,0.001566139203050593,0.01708,0.0004227822800329632,0.017548571428571427,0.00037684677838259776,0.017165714285714284,0.0004331025774174031,0.03471428571428572,0.0006174607754717279,0.18584,0.005216212575804882,0.3772741983625615,0.0012418170393281767,0.8675735535702791,0.003844199568053957,4.806400000000003,0.12126872167687297
hiro_no_safety,3600,1.12,0.0,2764.56,5.6852232379481915,1.04,2.104110403597227e-17,0.030416666666666668,0.0013587025753764484,0.9180944444444443,0.0015392531310873155,0.017,0.00041315603443874187,0.017455555555555554,0.00036760342100186595,0.01703333333333333,0.00042720534777911643,0.03448888888888889,0.0006081333346259647,0.1845166666666667,0.005062501831322046,0.3766080697616853,0.0012055014593490426,0.869472692025265,0.003724641221693123,4.905600000000003,0.12303514016038565
hiro_no_safety,3700,1.12,0.0,2842.22,5.513344849415047,1.04,2.104110403597227e-17,0.03005945945945946,0.0013229737476524934,0.9187297297297298,0.00148178567753383,0.016886486486486486,0.0003923235920354622,0.017367567567567566,0.0003551964072297033,0.016956756756756754,0.0004138167669059603,0.03432432432432433,0.0005833566699692979,0.18332432432432433,0.004927725579878358,0.376002728473789,0.0011758192676814437,0.8711630220774446,0.0036222747341279004,5.019200000000003,0.12248976300416435
hiro_no_safety,3800,1.12,0.0,2918.76,5.634482755175257,1.04,2.104110403597227e-17,0.029594736842105264,0.0012869714207560039,0.9193947368421053,0.0014335144005768483,0.016810526315789474,0.00037733875067434106,0.017242105263157895,0.00035212060386689956,0.016957894736842106,0.000405050371690684,0.0342,0.0005807977460540552,0.18192105263157896,0.004756280975434686,0.37537275139718196,0.001135016505292238,0.872948859356991,0.003507280759071502,5.1552000000000024,0.12313531299396803
hiro_no_safety,3900,1.12,0.0,2996.44,5.658741476869288,1.04,2.104110403597227e-17,0.029148717948717942,0.0012442019456924405,0.9201333333333332,0.001400996955758725,0.01675897435897436,0.0003634142711967885,0.01710769230769231,0.000347274384574958,0.01685128205128205,0.00039635256887473377,0.03395897435897436,0.0005741533608192099,0.1805897435897436,0.004617170710858591,0.37475513636487634,0.0011023975071183367,0.8746655868955299,0.003410079678313955,5.257600000000004,0.12366200148891704
hiro_no_safety,4000,1.12,0.0,3073.62,5.693024016195575,1.04,2.104110403597227e-17,0.028789999999999996,0.0012090298016279373,0.9207899999999999,0.0013829752015720545,0.016655,0.0003541942566284375,0.016985,0.00034288764745250036,0.016780000000000003,0.0003859549513735974,0.033765,0.0005721606917141871,0.17916500000000002,0.004487167701300213,0.37414045059507706,0.0010724938838710335,0.8763647047178967,0.003319868933822413,5.369600000000003,0.12350558443955126
hiro_no_safety,4100,1.12,0.0,3151.6,5.766475951389999,1.04,2.104110403597227e-17,0.028419512195121954,0.0011731814422963136,0.9214780487804879,0.0013390930684936452,0.016595121951219514,0.0003635039861292687,0.01684390243902439,0.0003451700969149077,0.016663414634146344,0.00037510713463532173,0.033507317073170735,0.0005616521555018017,0.1781609756097561,0.004392744213629749,0.3736197634890259,0.0010498042832980479,0.8778786390778466,0.00324954554066028,5.465600000000003,0.12303514016038565
hiro_no_safety,4200,1.12,0.0,3228.16,5.774564918675691,1.04,2.104110403597227e-17,0.028052380952380954,0.0011506394007633782,0.9220857142857145,0.0013043951163141145,0.016514285714285714,0.0003599507373187499,0.016776190476190476,0.0003354927968295488,0.01657142857142857,0.000363866098512009,0.03334761904761905,0.0005457635358031498,0.1772095238095238,0.004277619176898982,0.37313644929213835,0.001021359393183727,0.8792607321994369,0.0031638787883371262,5.568000000000003,0.12225900910003512
hiro_no_safety,4300,1.12,0.0,3304.88,5.872984847622899,1.04,2.104110403597227e-17,0.027702325581395352,0.0011168650573944628,0.9227627906976745,0.0012722064643669105,0.016427906976744188,0.00035139137699224384,0.016651162790697675,0.00033036020982474555,0.01645581395348837,0.00034828686218307695,0.03310697674418604,0.000527382242256789,0.17633023255813954,0.004211226750698364,0.37267140833777374,0.0010033519234593413,0.8804898379679236,0.0030863496750454873,5.660800000000004,0.11981068059097859
hiro_no_safety,4400,1.12,0.0,3381.88,5.923225817207432,1.04,2.104110403597227e-17,0.027313636363636363,0.0010916565543798683,0.9233636363636364,0.0012491015492683331,0.01635454545454545,0.00034476544883060796,0.01656818181818182,0.0003266337041046272,0.016399999999999998,0.00034910434034149304,0.03296818181818182,0.0005182375551835578,0.1751818181818182,0.004096764516970127,0.37217320889040933,0.0009785750873998894,0.8818439178050161,0.003007066505768016,5.772800000000003,0.12288472780020566
hiro_no_safety,4500,1.12,0.0,3458.94,5.840981885586968,1.04,2.104110403597227e-17,0.02697777777777778,0.0010713051075248914,0.9239511111111111,0.0012195152872773877,0.016262222222222223,0.0003410114932056723,0.016497777777777778,0.0003198361888603469,0.01631111111111111,0.000345375816354518,0.03280888888888889,0.0005057795471995002,0.17456888888888883,0.003990026164468961,0.37179482171563344,0.0009535636262055583,0.882898910348666,0.0029300455557040887,5.8720000000000026,0.1243352938876266
hiro_no_safety,4600,1.12,0.0,3534.34,5.797227345719606,1.04,2.104110403597227e-17,0.02663913043478261,0.0010464540900445125,0.9244391304347827,0.0012096516872981053,0.016278260869565218,0.00034006650781355567,0.016465217391304344,0.00031449738778093096,0.01617826086956522,0.00034037550436323387,0.03264347826086957,0.0004976453952291435,0.17347391304347823,0.0039291421282870295,0.3713316033610812,0.0009374891469467716,0.8841790572387923,0.0028692880201388144,5.953600000000003,0.12525818560567015
hiro_no_safety,4700,1.12,0.0,3610.88,5.858371996466219,1.04,2.104110403597227e-17,0.026353191489361705,0.0010157072415166305,0.9249744680851064,0.0011911619486874368,0.016170212765957447,0.00032646131506620186,0.016425531914893612,0.00030961292591481684,0.01607659574468085,0.00033418951827070444,0.03250212765957446,0.0004918214906960352,0.17237446808510637,0.003825004781598802,0.3708686992159555,0.0009148733710084303,0.8854198715124304,0.0028075219646488347,6.044800000000002,0.12565525886978499
hiro_no_safety,4800,1.12,0.0,3688.06,5.781279429048097,1.04,2.104110403597227e-17,0.026083333333333333,0.0009961661200700966,0.9255624999999997,0.0011720939421324874,0.0160375,0.00032294011874461263,0.0163125,0.00030907992438827846,0.016004166666666667,0.00033575280511877295,0.03231666666666667,0.0004977144474513615,0.172075,0.003714781522158418,0.3705729963554949,0.0009024942479683995,0.886323178776091,0.002782764944873142,6.145600000000004,0.12892907716560892
hiro_no_safety,4900,1.12,0.0,3764.34,5.849724221652484,1.04,2.104110403597227e-17,0.025865306122448983,0.0009781471020588216,0.9260244897959184,0.0011433960768908063,0.015987755102040816,0.0003148477479191775,0.016216326530612245,0.00030506327942006814,0.01590612244897959,0.00032904126424426766,0.03212244897959184,0.0004934956753846007,0.17141632653061226,0.003628829654492353,0.37022007922401984,0.0008881273344704271,0.8873227843127914,0.0027404467686006633,6.235200000000004,0.12898417558375305
hiro_no_safety,5000,1.12,0.0,3841.34,5.8901238682792965,1.04,2.104110403597227e-17,0.025619999999999997,0.000960633294514932,0.9264760000000001,0.0011228082868324377,0.015979999999999998,0.00030884908143305337,0.016104,0.0003057671516373335,0.015819999999999997,0.0003202677451312082,0.031924,0.0004879909667949494,0.170656,0.0035697826607369192,0.36986068798206245,0.0008784705943825228,0.8883026880628343,0.0027143018036348294,6.328000000000006,0.1281070980524834
hiro_no_safety,5100,1.12,0.0,3918.42,5.815327390015219,1.04,2.104110403597227e-17,0.025364705882352945,0.0009452652282386977,0.9269529411764706,0.001105335190258466,0.015929411764705883,0.0003150512204960733,0.016015686274509805,0.00030171279111393346,0.015737254901960783,0.0003114568836796687,0.03175294117647059,0.00047590731406358934,0.16995686274509805,0.00357232499322848,0.36951663737991325,0.0008805404119692871,0.8892530434406855,0.0027098438580287552,6.420800000000005,0.12707440854130497
hiro_no_safety,5200,1.12,0.0,3994.42,5.99238223897301,1.04,2.104110403597227e-17,0.025099999999999997,0.0009341021324595481,0.9274730769230769,0.0010867877695668945,0.0158,0.00030712074071624407,0.01596923076923077,0.00029776772842971335,0.015657692307692306,0.0003073040132363083,0.03162692307692307,0.00047349154145148986,0.16954615384615385,0.003599667563714033,0.3692355732393046,0.0008892922427855722,0.8899698522913766,0.0027040215559678083,6.513600000000004,0.12783846950630437
hiro_no_safety,5300,1.12,0.0,4071.36,6.001888138285301,1.04,2.104110403597227e-17,0.02488301886792453,0.0009182262637954475,0.9278943396226416,0.001071968163300043,0.015728301886792456,0.0002997983207706952,0.01587924528301887,0.0002961213021301039,0.015615094339622644,0.0003073986615557919,0.031494339622641504,0.00046784999468499984,0.16900377358490565,0.003648010899428841,0.3689386681172331,0.0009022558332761109,0.8907843559878255,0.0027266123278472075,6.620800000000004,0.1303370324996559
hiro_no_safety,5400,1.12,0.0,4148.7,6.138087849565172,1.04,2.104110403597227e-17,0.02461851851851852,0.0009034058032221646,0.9283333333333331,0.0010586771415825784,0.015692592592592595,0.00030365991609563334,0.01579259259259259,0.0002874744917072193,0.015562962962962962,0.00030696769360471083,0.03135555555555555,0.00045978318443760203,0.16827407407407408,0.003657896778305525,0.3686119418709871,0.0009072776684461374,0.8916273335526799,0.0027289600106809087,6.723200000000005,0.13261004363723516
hiro_no_safety,5500,1.12,0.0,4224.82,6.238176735200104,1.04,2.104110403597227e-17,0.024418181818181815,0.0008926037420814478,0.9287636363636365,0.0010386103304183335,0.015632727272727274,0.00029626288736768675,0.01570909090909091,0.0002755696043610357,0.015476363636363635,0.0003001608609039832,0.031185454545454544,0.00044303009152916166,0.16757454545454542,0.003592892704986182,0.3682866030992303,0.0008881228076165734,0.8925221729592933,0.002672401198707002,6.809600000000004,0.1320707787977527
hiro_no_safety,5600,1.12,0.0,4301.0,6.351666983508168,1.04,2.104110403597227e-17,0.02415714285714286,0.0008799362458447506,0.9292571428571429,0.0010168094705377496,0.015560714285714287,0.00029543459752723046,0.015614285714285716,0.0002658530469368325,0.015410714285714286,0.0002982076298553688,0.031025000000000004,0.0004364798154796121,0.1669964285714286,0.0035339825912161396,0.3679976000961968,0.0008691562606760977,0.893247522812546,0.002607981373396895,6.904000000000005,0.13359701817520536
hiro_no_safety,5700,1.12,0.0,4377.36,6.385171597265856,1.04,2.104110403597227e-17,0.023936842105263163,0.000863599071043132,0.9296701754385966,0.0010071401675111268,0.015505263157894737,0.0002877249744010587,0.015557894736842104,0.00026115432534874175,0.015329824561403506,0.00029974308674809926,0.03088771929824561,0.00043161387648686086,0.16632280701754387,0.0035002795904504613,0.36769814503682435,0.0008569790140589156,0.8940219661938668,0.0025640246499566534,6.990400000000003,0.1366828475571334
hiro_no_safety,5800,1.12,0.0,4455.4,6.445564841226018,1.04,2.104110403597227e-17,0.02377931034482759,0.0008521005644199413,0.9300758620689655,0.0009959046427317447,0.01541379310344828,0.00028605381558537884,0.015472413793103448,0.0002555795865100467,0.015258620689655174,0.0003034758640136419,0.03073103448275862,0.0004294357402030268,0.16579655172413793,0.003494114366459922,0.3674256305880998,0.0008513341251671001,0.8947636331172625,0.0025409126829493154,7.080000000000004,0.14081280090232998
hiro_no_safety,5900,1.12,0.0,4532.32,6.557528155502199,1.04,2.104110403597227e-17,0.023559322033898305,0.0008353335436975433,0.9306033898305085,0.000972969936320555,0.015315254237288134,0.00028447055600839047,0.015355932203389832,0.00024692588443548595,0.015166101694915253,0.00029989982830455505,0.030522033898305087,0.000424049411749377,0.1650237288135593,0.0034431154837295456,0.3670959478420228,0.0008374372503649294,0.895610782946876,0.0024975562206672078,7.158400000000005,0.1415527189597501
hiro_no_safety,6000,1.12,0.0,4610.44,6.383598882595737,1.04,2.104110403597227e-17,0.02332333333333333,0.0008281664308508337,0.9311099999999999,0.0009606971438843641,0.015203333333333336,0.00027747198587937813,0.015273333333333335,0.00024710385966293094,0.015090000000000001,0.00029742698564754215,0.030363333333333332,0.0004227565839247221,0.16420666666666667,0.003386174906714982,0.3667627313834527,0.0008255213300690791,0.89648674413408,0.002463830133113911,7.243200000000005,0.14276495311082033
hiro_no_safety,6100,1.12,0.0,4688.24,6.632053272723681,1.04,2.104110403597227e-17,0.02316065573770492,0.0008155270232109188,0.9314918032786886,0.0009514222661044089,0.015101639344262294,0.00027337905717527035,0.015173770491803278,0.0002483389856799449,0.015072131147540984,0.0002925586323122088,0.030245901639344264,0.000417315491372852,0.16378032786885244,0.0033593993849054906,0.36652966171433987,0.0008238946951218557,0.8971048090328374,0.002450017505277237,7.355200000000005,0.14276861256835804
hiro_no_safety,6200,1.12,0.0,4766.28,6.725646315957071,1.04,2.104110403597227e-17,0.023006451612903225,0.0008043126340615097,0.9318516129032258,0.0009315852566932483,0.014996774193548385,0.0002730386552188718,0.015119354838709678,0.0002500317463756793,0.015025806451612904,0.00028897941066754183,0.030145161290322582,0.00041541804319073856,0.16301935483870966,0.0033103376062930314,0.3662286282091339,0.0008143461757321395,0.8978869881280709,0.002414805510668367,7.452800000000005,0.1433337876911009
hiro_no_safety,6300,1.12,0.0,4842.84,6.773499381970225,1.04,2.104110403597227e-17,0.02284444444444444,0.0007877178957215636,0.9321555555555555,0.0009122084571022221,0.01499047619047619,0.00027192586440392085,0.01505079365079365,0.0002467257732593407,0.014958730158730161,0.00028849241438874256,0.030009523809523816,0.0004088281307032791,0.16232063492063492,0.0033068529997951845,0.3659543760039316,0.0008090174698902688,0.8985662696962429,0.0023867956094582757,7.5392000000000055,0.14540017685192638
hiro_no_safety,6400,1.12,0.0,4920.06,6.804884800116541,1.04,2.104110403597227e-17,0.02268125,0.0007780721080704171,0.93251875,0.0009053439348148985,0.0149125,0.00026644568596888285,0.014978125000000002,0.00024779842153822677,0.014909375000000002,0.0002815364895741486,0.02988749999999999,0.00040423460050433333,0.16169062500000003,0.003331555851152655,0.3656902455145447,0.000810352552066284,0.8992402185361885,0.002367943139488943,7.633600000000006,0.1441466826619642
hiro_no_safety,6500,1.12,0.0,4998.24,6.77586111705007,1.04,2.104110403597227e-17,0.02249230769230769,0.0007603506268265276,0.9329323076923077,0.0008924095649095675,0.014864615384615388,0.00026063710225169515,0.014879999999999997,0.00024347204736000148,0.014830769230769232,0.000277445869680167,0.029710769230769228,0.00039994299799135587,0.16135384615384615,0.003368977718574676,0.36549340263522145,0.0008168787790560889,0.8997011119955389,0.002366446175281926,7.712000000000005,0.14427185223368696
hiro_no_safety,6600,1.12,0.0,5075.4,6.831559417997669,1.04,2.104110403597227e-17,0.022303030303030304,0.0007465493165298636,0.9334,0.000875424437988618,0.014757575757575758,0.0002558144883583404,0.014803030303030302,0.00024274291052970486,0.014736363636363634,0.0002727551006210982,0.02953939393939394,0.00039965315447083367,0.16096969696969698,0.0034438691907638054,0.3652813245692641,0.0008297728163933295,0.9001810269488584,0.002384964394466818,7.780800000000004,0.14401469312794
hiro_no_safety,6700,1.12,0.0,5153.3,6.868220219211949,1.04,2.104110403597227e-17,0.022098507462686566,0.0007405250800441682,0.9338567164179105,0.0008651080543805035,0.014674626865671645,0.00025201223722579204,0.01471044776119403,0.0002366318947176885,0.014659701492537314,0.000266866816442644,0.02937014925373134,0.0003912865208079233,0.16057910447761192,0.0035356612440036405,0.36507249637726785,0.0008471072411470836,0.9006444845913322,0.0024199988496563228,7.857600000000004,0.14304061361325732
hiro_no_safety,6800,1.12,0.0,5230.24,6.714684486638374,1.04,2.104110403597227e-17,0.021894117647058828,0.0007262546398131663,0.9342647058823529,0.0008590870190616172,0.014591176470588236,0.0002500720184382137,0.014650000000000002,0.00023993362604066322,0.0146,0.0002642065451687226,0.029249999999999998,0.00039173208787421495,0.15985,0.0036098733810581334,0.3648012071836185,0.0008609348065701896,0.9012660748493694,0.0024513648369830143,7.9424000000000055,0.1437283605717852
hiro_no_safety,6900,1.12,0.0,5307.24,6.558344738902165,1.04,2.104110403597227e-17,0.02170724637681159,0.000712182699431072,0.9346724637681159,0.0008424192255727077,0.014510144927536233,0.00024366128808978344,0.014591304347826088,0.00023824605899170452,0.014518840579710144,0.00025765178364477794,0.02911014492753623,0.0003871582466614144,0.15915652173913045,0.0036154396643774435,0.3645351278700121,0.0008625601880048926,0.9019095036962679,0.00245496274571202,8.014400000000006,0.14222378457191756
hiro_no_safety,7000,1.12,0.0,5384.32,6.695258145333387,1.04,2.104110403597227e-17,0.02153714285714286,0.000702759006161684,0.9350114285714285,0.0008357569199959491,0.014465714285714287,0.0002424987923816095,0.01452,0.00023924635244767446,0.014465714285714283,0.00025875136692884705,0.028985714285714285,0.000388404397301831,0.1581942857142857,0.0035610993721076948,0.36421683691754836,0.0008494653332102915,0.9027085348439643,0.002418059435814652,8.100800000000005,0.14490076548015451
hiro_no_safety,7100,1.12,0.0,5462.16,6.935290409292497,1.04,2.104110403597227e-17,0.021369014084507042,0.0006992991251992664,0.9354845070422535,0.000830090572461199,0.014366197183098594,0.00024148222436503014,0.014397183098591549,0.00023479393882624172,0.014383098591549294,0.0002576911055923436,0.028780281690140845,0.000387711478760018,0.1573098591549296,0.0035225320564487867,0.363901516903899,0.0008384123190460451,0.9034686145856216,0.002381570024571981,8.169600000000004,0.1463685479764513
hiro_no_safety,7200,1.12,0.0,5537.98,7.02627662886298,1.04,2.104110403597227e-17,0.021225,0.00068977671649549,0.9358527777777779,0.0008197399444138504,0.014269444444444446,0.00023752610549927094,0.01432222222222222,0.00023344128805981483,0.014330555555555555,0.00025587361898782757,0.028652777777777777,0.0003844345236815188,0.15645555555555554,0.0034702335348060103,0.36360214319001555,0.0008247969976221841,0.9042327359179724,0.0023455635225518327,8.254400000000006,0.1473832045369888
hiro_no_safety,7300,1.12,0.0,5614.92,7.138846874242194,1.04,2.104110403597227e-17,0.02104657534246576,0.0006792581360435624,0.9362054794520549,0.0008154272661448401,0.014235616438356162,0.00023011701658635597,0.014260273972602742,0.0002357207641033086,0.014252054794520545,0.0002519818542588116,0.02851232876712329,0.0003826822059894853,0.1557150684931507,0.00342990269840933,0.3633287312752121,0.0008161869979322857,0.9049554914596495,0.0023212839580613372,8.323200000000005,0.1471574028871461
hiro_no_safety,7400,1.12,0.0,5691.9,7.3093314694719,1.04,2.104110403597227e-17,0.020875675675675675,0.0006692940776629633,0.936562162162162,0.0008072837423990341,0.014178378378378377,0.0002289363673344805,0.014181081081081084,0.00023044759841610006,0.014202702702702701,0.0002479849772633141,0.028383783783783784,0.00037796368418554485,0.1552162162162162,0.0033571578437546403,0.3631185355939142,0.0008003793041105373,0.9054818521628784,0.0022723369475264378,8.408000000000007,0.14680710653988208
hiro_no_safety,7500,1.12,0.0,5768.76,7.311023826233581,1.04,2.104110403597227e-17,0.02071733333333333,0.0006610362510256666,0.9369040000000001,0.0007854115665039481,0.014125333333333333,0.00022429038515002885,0.014114666666666666,0.00022447148307083047,0.014138666666666666,0.00024300342933108302,0.028253333333333335,0.0003690178175371264,0.15450133333333332,0.0033178165319502732,0.3628663259836219,0.0007913748343237556,0.9060989748470624,0.0022402471963130013,8.483200000000005,0.14580205759864998
hiro_no_safety,7600,1.12,0.0,5845.42,7.232189382566396,1.04,2.104110403597227e-17,0.020550000000000002,0.0006534834925197117,0.9372184210526316,0.0007687488265515493,0.014068421052631577,0.00021997589535896662,0.014063157894736842,0.00022102705595997743,0.0141,0.0002398472670589164,0.02816315789473684,0.00036394317251826306,0.15364736842105262,0.003271028932721978,0.36258493712713247,0.0007785944261891312,0.9068190436962318,0.0022049425733029386,8.572800000000006,0.14582713837182132
hiro_no_safety,7700,1.12,0.0,5922.5,7.335084824850705,1.04,2.104110403597227e-17,0.020423376623376625,0.0006474162547164721,0.9375636363636363,0.0007676816787815125,0.013966233766233767,0.0002165911370932633,0.014002597402597404,0.0002199494861949714,0.014044155844155843,0.00024158693891849012,0.02804675324675325,0.00036289652502786014,0.15285454545454547,0.0032320206214390204,0.36231385843744235,0.0007703532449298705,0.9074895044644772,0.002181911884928006,8.651200000000005,0.14881755437379005
hiro_no_safety,7800,1.12,0.0,6001.06,7.399857141478187,1.04,2.104110403597227e-17,0.020269230769230772,0.0006394984424213688,0.9379897435897435,0.0007650719603122207,0.013864102564102563,0.0002119486849030565,0.01392820512820513,0.00022056514292914894,0.013948717948717947,0.00023888288990007867,0.02787692307692308,0.0003611015690101552,0.15206410256410258,0.0031981992083484063,0.3620276372151801,0.0007621498689216255,0.9082095692995037,0.002152019472897175,8.704000000000004,0.14906292329764922
hiro_no_safety,7900,1.12,0.0,6077.06,7.424526920955973,1.04,2.104110403597227e-17,0.020093670886075946,0.0006336220241984126,0.9383417721518987,0.0007573313747146662,0.013815189873417722,0.0002097028654241124,0.013850632911392406,0.00022064713841602344,0.01389873417721519,0.00024044513762885587,0.027749367088607597,0.00036253583801509697,0.15125822784810125,0.003162221633785442,0.36176074287292503,0.0007539822014942407,0.9088593282317919,0.002129934727373965,8.784000000000006,0.15196132698143702
hiro_no_safety,8000,1.12,0.0,6154.08,7.387846611227145,1.04,2.104110403597227e-17,0.019964999999999997,0.0006240507076466508,0.9386399999999998,0.0007459383215734632,0.013762499999999997,0.0002055433937996886,0.0137925,0.00021828441706794803,0.013839999999999996,0.000241039415863879,0.027632499999999994,0.00035951728549741326,0.1504375,0.0031187309567534426,0.36149308944649766,0.0007435320034672352,0.9095306785634157,0.002103094513827988,8.857600000000005,0.15426522615288268
hiro_no_safety,8100,1.12,0.0,6231.04,7.369986569921028,1.04,2.104110403597227e-17,0.019787654320987655,0.0006173246648200677,0.9390493827160492,0.000734552551018816,0.013681481481481482,0.0002032949011881484,0.013716049382716049,0.00021776127739749632,0.013765432098765431,0.00023814748920424376,0.027481481481481485,0.0003572375601135577,0.14957283950617284,0.0030787128974352367,0.3612095757441944,0.000733255378149653,0.9102068781377382,0.00207107745419984,8.920000000000007,0.1543195730043501
hiro_no_safety,8200,1.12,0.0,6307.24,7.526961606146809,1.04,2.104110403597227e-17,0.01963170731707317,0.0006109643578902097,0.9393560975609755,0.000728189986414856,0.013648780487804877,0.000201544377783889,0.013648780487804877,0.0002148681922268553,0.013714634146341463,0.00024153178411731753,0.027363414634146332,0.0003600652087582844,0.14891951219512195,0.0030405284240013837,0.36098738029650973,0.0007218436110541041,0.9107421325024848,0.002030823376219597,8.996800000000006,0.15844485038096046
hiro_no_safety,8300,1.12,0.0,6383.4,7.567707980731858,1.04,2.104110403597227e-17,0.01949879518072289,0.0006047494270594778,0.9396385542168676,0.0007247088051246708,0.013595180722891566,0.0002024950936028278,0.013614457831325302,0.0002140626755393012,0.01365301204819277,0.00023780670847550016,0.027267469879518065,0.00035910132200906613,0.1482867469879518,0.003027971267924762,0.36077160912987105,0.0007174849317396305,0.9112627009482427,0.002011042885944585,9.065600000000007,0.1579036544277323
hiro_no_safety,8400,1.12,0.0,6460.08,7.546797671995773,1.04,2.104110403597227e-17,0.019347619047619044,0.0005943359538705482,0.9399833333333335,0.0007110552963107636,0.013530952380952381,0.0002011009657064598,0.01355952380952381,0.00021157583582524407,0.013578571428571431,0.00023554047247691736,0.027138095238095235,0.0003544433121790125,0.14763809523809526,0.003019435784521122,0.3605455438490178,0.0007121919339622474,0.911785190760493,0.001996154585572796,9.124800000000006,0.15828319750448858
hiro_no_safety,8500,1.12,0.0,6537.3,7.447955478943637,1.04,2.104110403597227e-17,0.019218823529411764,0.0005915179474020393,0.9403294117647059,0.0007081516145082995,0.01344235294117647,0.00020159129672305657,0.013489411764705882,0.00020703290244822745,0.01352,0.00023756027559769361,0.027009411764705882,0.00035170796958405116,0.14706823529411767,0.0030230970024454186,0.360340222872725,0.0007093930333450769,0.9122143725843275,0.0019731295086898443,9.193600000000007,0.16154098740643175
hiro_no_safety,8600,1.12,0.0,6615.32,7.6534340698293395,1.04,2.104110403597227e-17,0.019069767441860463,0.0005829405190838499,0.9407023255813953,0.0007034875680038704,0.01338372093023256,0.00020209196098209986,0.013418604651162791,0.00020433919355058845,0.013425581395348836,0.0002327528847625372,0.026844186046511623,0.00034266022957970887,0.14633255813953489,0.003027603040757536,0.3600938462493991,0.0007083785908814727,0.9127946017197569,0.001960027635229975,9.236800000000006,0.16013398471662577
hiro_no_safety,8700,1.12,0.0,6692.64,7.849490299324134,1.04,2.104110403597227e-17,0.01894942528735632,0.0005728612920580015,0.9410436781609195,0.0006967485703388062,0.013303448275862068,0.0002002155864170524,0.013351724137931033,0.00020167947321259483,0.013351724137931035,0.00023333928433840416,0.026703448275862067,0.0003401740892935813,0.14555402298850575,0.0029964913247814084,0.3598390804561877,0.0007019149573879849,0.9134138986380393,0.0019407518276175055,9.292800000000005,0.16240414189952943
hiro_no_safety,8800,1.12,0.0,6769.32,7.755047862324176,1.04,2.104110403597227e-17,0.018829545454545456,0.0005685179896039253,0.941359090909091,0.0006896042751703883,0.01324090909090909,0.00019443254400344228,0.013279545454545454,0.0001967170790983153,0.013290909090909091,0.00023108947273477846,0.026570454545454543,0.00033521355432450416,0.144775,0.002964318590591645,0.3595884718342495,0.0006955749905792504,0.9140096176839008,0.0019247679126420034,9.356800000000007,0.16268698880528418
hiro_no_safety,8900,1.12,0.0,6846.9,7.753248167243014,1.04,2.104110403597227e-17,0.01875730337078652,0.0005547404471835782,0.9416516853932585,0.0006877499227191009,0.013184269662921348,0.00019292671627878683,0.01321573033707865,0.00019247961972636732,0.013191011235955057,0.00022847131105820976,0.026406741573033705,0.0003268885476394099,0.14421573033707866,0.0029185922476359207,0.359389210766568,0.0006854076177259587,0.9144884991044969,0.0018988829656181841,9.392000000000007,0.1626715734734455
hiro_no_safety,9000,1.12,0.0,6924.98,7.666331906326466,1.04,2.104110403597227e-17,0.018666666666666668,0.000549013637168446,0.941931111111111,0.0006817041027814458,0.013117777777777775,0.0001905663807638961,0.01316888888888889,0.000192273006543039,0.013115555555555554,0.00022449989212047812,0.026284444444444447,0.0003230797877564298,0.1436777777777778,0.0028948416778180027,0.3591966710614325,0.0006794083904652315,0.9149407495834833,0.0018775152657731478,9.443200000000006,0.1616399223267444
hiro_no_safety,9100,1.12,0.0,7001.04,7.72612636263662,1.04,2.104110403597227e-17,0.01857142857142857,0.0005412530448436536,0.9422153846153846,0.0006844393873470505,0.013065934065934063,0.00018838958649031588,0.013087912087912091,0.00019224841299530815,0.013059340659340661,0.00022576205773324035,0.02614725274725275,0.00032447745402711044,0.14316263736263737,0.0028873953263858984,0.35901143211681635,0.0006778391617781924,0.9153936143313086,0.0018694327474318628,9.507200000000006,0.1643547780297991
hiro_no_safety,9200,1.12,0.0,7078.34,7.918493466279442,1.04,2.104110403597227e-17,0.018445652173913044,0.0005362631089176603,0.9425217391304348,0.0006767122789684071,0.01299782608695652,0.00018664802966993513,0.013026086956521738,0.00019071863227712772,0.013008695652173915,0.00022376288242903318,0.02603478260869565,0.00032276091377540106,0.14274565217391305,0.0028944412768543044,0.3588545229485621,0.0006829618041655765,0.9157275824210899,0.0018837642832534064,9.574400000000006,0.1646894814677686
hiro_no_safety,9300,1.12,0.0,7156.1,8.085575465744222,1.04,2.104110403597227e-17,0.018333333333333333,0.0005275441103234675,0.9428516129032256,0.0006672485727288861,0.012933333333333335,0.00018593872030412277,0.012948387096774192,0.00018675039002464072,0.012933333333333335,0.00021886118275970626,0.02588172043010753,0.00031476524778764164,0.14235698924731183,0.0029108083589423515,0.3586961893873084,0.0006845404116115911,0.9160547630647998,0.001888319262997804,9.622400000000006,0.1628327199732216
hiro_no_safety,9400,1.12,0.0,7234.84,8.296217972851318,1.04,2.104110403597227e-17,0.018253191489361702,0.00052334467957863,0.9431021276595746,0.000657767614636653,0.012891489361702129,0.00018327259318903373,0.012880851063829786,0.00018157984498039218,0.012872340425531915,0.00021640398190063908,0.0257531914893617,0.00030917756233604616,0.1421468085106383,0.002946348299542079,0.3585855128241907,0.0006943638152377686,0.916267753051676,0.0019205255040107576,9.680000000000007,0.1627357943892807
hiro_no_safety,9500,1.12,0.0,7312.48,8.537993837870241,1.04,2.104110403597227e-17,0.018183157894736842,0.0005188193086624532,0.9433536842105263,0.0006424556456286658,0.012829473684210526,0.00017971378177613538,0.012823157894736845,0.0001800921240878125,0.012810526315789472,0.0002163167172342711,0.025633684210526315,0.0003098655242383996,0.14158315789473686,0.0029524338243262687,0.3583948800133968,0.0006969809059760232,0.9167330305895214,0.0019241668350815958,9.736000000000006,0.16440070509804616
hiro_no_safety,9600,1.12,0.0,7389.46,8.623471056438033,1.04,2.104110403597227e-17,0.018066666666666665,0.0005193615258736664,0.943675,0.0006391748595914783,0.01276666666666667,0.0001787489197277983,0.012750000000000001,0.00018039741024633018,0.012741666666666667,0.00020980433061035028,0.02549166666666667,0.00030416957877647983,0.14095625,0.0029652338349141967,0.35818924606183555,0.0007015183713911441,0.9171989756039933,0.0019315193152637587,9.785600000000008,0.1611297259087491
hiro_no_safety,9700,1.12,0.0,7466.06,8.803496986066017,1.04,2.104110403597227e-17,0.01794639175257732,0.0005157990915335771,0.9440041237113402,0.0006322583738026719,0.01269896907216495,0.00017928178102080802,0.012676288659793816,0.0001789250101615865,0.012674226804123712,0.00021025667341251287,0.025350515463917523,0.00030403365674858737,0.1404618556701031,0.0029943871352181213,0.35800724455345617,0.0007099356585300738,0.9176198523534727,0.0019594535199265154,9.835200000000007,0.16315917856811016
hiro_no_safety,9800,1.12,0.0,7543.96,8.89021291726389,1.04,2.104110403597227e-17,0.017814285714285717,0.0005119760150917614,0.9443081632653062,0.0006293480195389986,0.012644897959183676,0.00018213619254755904,0.0126265306122449,0.00017769458068971568,0.012606122448979594,0.00020987629262744184,0.025232653061224485,0.00030296918235957584,0.13995714285714286,0.0030308686367578786,0.3578374846647487,0.0007201907501782267,0.9179746039644691,0.001994458572188437,9.883200000000008,0.16454301341991448
hiro_no_safety,9900,1.12,0.0,7621.4,9.06574625180083,1.04,2.104110403597227e-17,0.017684848484848484,0.000505172856752632,0.9445979797979797,0.0006215517621886692,0.012595959595959596,0.00018023659900095413,0.012567676767676767,0.00017479006848429785,0.012553535353535355,0.0002082734526613,0.025121212121212117,0.0002995227497080405,0.13933737373737373,0.0030710503882116456,0.3576391477918021,0.0007300891995644996,0.9184259147707254,0.002021050192139894,9.942400000000006,0.16495257450774978
hiro_no_safety,10000,1.12,0.0,7699.08,9.33082842965583,1.04,2.104110403597227e-17,0.017578,0.0004998799039442843,0.94493,0.0006148983655857283,0.01252,0.00017737312223050007,0.012490000000000001,0.0001721710113313421,0.012482000000000002,0.00020671759302320184,0.024971999999999994,0.000294563530446978,0.13883,0.0031309374614889867,0.3574608122749168,0.0007448579281433461,0.9187812904982589,0.0020812328510000453,9.985600000000007,0.16537407441856167
hiro_no_safety,10100,1.12,0.0,7777.54,9.517511679605578,1.04,2.104110403597227e-17,0.017441584158415843,0.0004940005860794824,0.9452594059405941,0.0006074179326267477,0.012455445544554456,0.00017765565451889766,0.012441584158415842,0.00017056865564111931,0.012401980198019804,0.00020471232487336572,0.024843564356435643,0.0002909162748081351,0.13855445544554457,0.0031759379949565514,0.3573422285889772,0.0007598170068372591,0.9189419987561045,0.0021564424204948813,10.020800000000008,0.16540755849767966
hiro_no_safety,10200,1.12,0.0,7855.22,9.763291933961366,1.04,2.104110403597227e-17,0.017341176470588235,0.0004870055432656113,0.945535294117647,0.0006038166474185957,0.012398039215686274,0.00017751701662372033,0.01238823529411765,0.00016957216037222572,0.012337254901960781,0.0002034114961579544,0.024725490196078434,0.00028926231133726807,0.1383,0.003209165606464202,0.3572296487637021,0.0007713834071468989,0.9191396257247227,0.0022168571831909416,10.067200000000009,0.1659837808648909
hiro_no_safety,10300,1.12,0.0,7933.14,10.053043401510461,1.04,2.104110403597227e-17,0.01722912621359223,0.0004817231432230629,0.945833009708738,0.0005979970067888821,0.012345631067961165,0.00017640855157818102,0.0123126213592233,0.00016686698577678697,0.012279611650485437,0.0002025390869731576,0.02459223300970874,0.0002878239712430723,0.13818058252427184,0.0032808355810839936,0.3571475323215878,0.0007919732749730995,0.9192330118074803,0.002304931523434137,10.118400000000007,0.16689220766588198
hiro_no_safety,10400,1.12,0.0,8010.88,10.39311546070724,1.04,2.104110403597227e-17,0.01711346153846154,0.0004755881739682473,0.9461173076923076,0.0005856798151826038,0.012273076923076925,0.00017521701485417702,0.012265384615384614,0.000168372305277317,0.012230769230769233,0.0002003235216937818,0.024496153846153845,0.0002867237029369327,0.1378903846153846,0.003379209560616008,0.35703077569360503,0.0008177514394017313,0.9194082964402982,0.002404214840422098,10.176000000000005,0.16666917004922657
hiro_no_safety,10500,1.12,0.0,8088.74,10.617767550436486,1.04,2.104110403597227e-17,0.01702857142857143,0.0004702447072396838,0.9463980952380954,0.0005799665998001133,0.012211428571428573,0.0001750886674351162,0.012198095238095239,0.00016647280131225768,0.012163809523809526,0.00019733126211339525,0.024361904761904758,0.0002838422636851218,0.1375009523809524,0.00347844788451923,0.35688558590887937,0.0008414586882898572,0.9196664812914507,0.002503042511987144,10.217600000000006,0.16575826017525214
hiro_no_safety,10600,1.12,0.0,8166.88,10.882213160258631,1.04,2.104110403597227e-17,0.016926415094339623,0.00046424680709683763,0.9466849056603774,0.0005754259941324984,0.012137735849056603,0.00017407078205373318,0.012150943396226415,0.00016604736206211798,0.0121,0.00019592943522983672,0.024250943396226413,0.0002818666057363945,0.13703962264150943,0.0035985219493150215,0.35672587644187687,0.0008687233982364583,0.9200255169644954,0.0025784000069830706,10.260800000000007,0.16614816107490168
hiro_no_safety,10700,1.12,0.0,8244.8,11.119095543895902,1.04,2.104110403597227e-17,0.01682803738317757,0.00045800744576138627,0.9469962616822432,0.0005658992177962895,0.012071028037383177,0.00017081857457754222,0.012080373831775699,0.0001656360966534388,0.01202429906542056,0.00019315562561238476,0.024104672897196262,0.0002778427298622118,0.13659626168224298,0.0036763974374146038,0.3565669071290973,0.0008845487218303526,0.920370512025292,0.0026216072435930296,10.292800000000009,0.16534121552420153
hiro_no_safety,10800,1.12,0.0,8322.1,11.349341435537488,1.04,2.104110403597227e-17,0.016824074074074075,0.00044189595931247764,0.9471870370370371,0.0005510200984065979,0.011996296296296297,0.00016850751253586637,0.012018518518518517,0.0001635939135845535,0.011974074074074074,0.00019020851267932361,0.023992592592592593,0.00027466943160866635,0.13627222222222224,0.0037391433785931953,0.3564401548453278,0.0008962449906433134,0.9206492951637404,0.002690907030404959,10.345600000000006,0.16434015495493576
hiro_no_safety,10900,1.12,0.0,8399.14,11.651714772635705,1.04,2.104110403597227e-17,0.01678348623853211,0.0004365701797104272,0.9474238532110094,0.0005460400571312176,0.011921100917431194,0.00016649280628290054,0.011974311926605506,0.0001639525600090706,0.011897247706422018,0.00018875491298991345,0.023871559633027527,0.0002725703169667557,0.1359412844036697,0.003823692498152707,0.35631332045203606,0.0009136777305913904,0.9208888083232115,0.002769011750651597,10.374400000000007,0.16459428412720467
hiro_no_safety,11000,1.12,0.0,8477.7,11.987314723728343,1.04,2.104110403597227e-17,0.016749090909090908,0.000426896056287721,0.9476618181818182,0.0005335183802214021,0.011863636363636363,0.00016231688178684273,0.011903636363636363,0.0001615703424021147,0.011821818181818182,0.00018852133426421796,0.023725454545454546,0.0002702857941597012,0.1358381818181818,0.0039030728063615657,0.3562356103521285,0.0009295890090112324,0.9210013627032516,0.002848905152252075,10.403200000000009,0.16589877415251197
hiro_no_safety,11100,1.12,0.0,8554.92,12.401541707977032,1.04,2.104110403597227e-17,0.016648648648648647,0.0004249443605170429,0.9479567567567567,0.0005318193305632638,0.011812612612612612,0.00016147922626670884,0.011836036036036036,0.00016095009837674047,0.011745945945945946,0.00018625341047688536,0.02358198198198198,0.00026844465233554323,0.13553693693693694,0.004011410383711495,0.3561150809563227,0.0009510488263663613,0.9212066822174414,0.0029305962483773098,10.43040000000001,0.16539302850347434
hiro_no_safety,11200,1.12,0.0,8631.9,12.755767003074912,1.04,2.104110403597227e-17,0.01654285714285714,0.0004202378543484692,0.9482625,0.0005238929567907236,0.011739285714285714,0.00016037460052886754,0.011778571428571426,0.00015863245089609224,0.011676785714285714,0.00018371403321920177,0.023455357142857146,0.0002633272204129538,0.135125,0.00411737380817169,0.35597147120413225,0.000973284233623818,0.921451922671798,0.003021306888291032,10.462400000000008,0.1646077737644049
hiro_no_safety,11300,1.12,0.0,8709.54,13.20659111881608,1.04,2.104110403597227e-17,0.016559292035398233,0.00045964626735847767,0.9484247787610619,0.0005333400992515591,0.011676106194690263,0.0001586769977868966,0.011729203539823008,0.00015574502914133154,0.01161061946902655,0.0001835344570817649,0.02333982300884956,0.00026149317121448195,0.1346353982300885,0.0042018769103196124,0.3558097822178145,0.000991122739934586,0.9218315320961044,0.0030362037270201493,10.496000000000008,0.1659151492019156
hiro_no_safety,11400,1.12,0.0,8786.72,13.407979348286663,1.04,2.104110403597227e-17,0.016487719298245614,0.0004538483826205857,0.9486701754385964,0.0005248120300751891,0.011617543859649122,0.00015815628574224267,0.011677192982456144,0.00015430619948979667,0.011547368421052633,0.00018124581350138322,0.02322456140350877,0.00025760412394620403,0.13399473684210522,0.004217585091896414,0.35561743142571756,0.000994403206152391,0.922262621598637,0.0030540350366016476,10.531200000000007,0.16529618191326162
hiro_no_safety,11500,1.12,0.0,8863.56,13.49942281456991,1.04,2.104110403597227e-17,0.016375652173913045,0.00044848292213365946,0.9489617391304348,0.0005170532550094573,0.01156695652173913,0.00015723960393059324,0.011605217391304348,0.0001534191163240596,0.011490434782608696,0.0001798629074700638,0.023095652173913045,0.0002561176189042193,0.1333026086956522,0.004173627977547288,0.3554121126901788,0.0009837392352908601,0.9227396424020818,0.0030254926711773215,10.571200000000008,0.16547387487245885
hiro_no_safety,11600,1.12,0.0,8941.76,13.537900238114583,1.04,2.104110403597227e-17,0.01628793103448276,0.0004448211080271724,0.9492327586206898,0.0005129144019444199,0.011501724137931033,0.00015744465822411998,0.011544827586206894,0.00015426743690064154,0.011432758620689654,0.00017919273602041186,0.022977586206896553,0.0002556029661671137,0.13267413793103447,0.004133622470993695,0.35522306591720293,0.0009736339880013921,0.9231727198248953,0.0029977881447759243,10.609600000000007,0.16629085902694235
hiro_no_safety,11700,1.12,0.0,9019.16,13.391479471999334,1.04,2.104110403597227e-17,0.016198290598290598,0.0004414708181161373,0.9495282051282051,0.0005115877968474675,0.011441025641025641,0.00015912433446434998,0.011470085470085472,0.00015263980393657545,0.011362393162393163,0.00017773701715766176,0.022832478632478632,0.0002542617117373582,0.13225299145299144,0.004095159286386676,0.3550767190506491,0.0009649874237359775,0.9234899538157026,0.0029727989664300332,10.635200000000008,0.16636184805957152
hiro_no_safety,11800,1.12,0.0,9096.9,13.196265705548239,1.04,2.104110403597227e-17,0.016108474576271188,0.00043679501556008737,0.9498135593220338,0.0005052532573695209,0.011374576271186439,0.0001582262856092051,0.011393220338983052,0.00015150421162126771,0.011310169491525423,0.00017811362500840073,0.022703389830508475,0.0002541825145655303,0.1319271186440678,0.004054654784561812,0.35495113494137415,0.0009554321877998191,0.9237304350361738,0.0029444132505863137,10.676800000000007,0.16813926200793042
hiro_no_safety,11900,1.12,0.0,9174.76,13.09274795371819,1.04,2.104110403597227e-17,0.01600168067226891,0.00043200670408354973,0.9501226890756302,0.0005005481877930281,0.0113109243697479,0.00015641294093543653,0.011321008403361343,0.0001514326656064463,0.011243697478991595,0.0001774925289630369,0.022564705882352945,0.0002534718337344844,0.1314857142857143,0.004034481870729519,0.35480378589302214,0.0009500382339054453,0.9240124186579947,0.002925871603703782,10.704000000000008,0.16897288757281126
hiro_no_safety,12000,1.12,0.0,9253.96,12.999559176199407,1.04,2.104110403597227e-17,0.015918333333333333,0.0004279922673978829,0.9503816666666667,0.0004925700221870695,0.011245,0.00015513526392596456,0.011268333333333333,0.00015042061209893308,0.011186666666666668,0.000175457936635379,0.022455000000000006,0.0002511335977129041,0.13133999999999998,0.00400641834833301,0.3547244315517339,0.0009413221726044011,0.9241366896253116,0.0029025160676239333,10.73920000000001,0.168439619169964
hiro_no_safety,12100,1.12,0.0,9332.52,12.918085408149496,1.04,2.104110403597227e-17,0.01585123966942149,0.00042834206982411997,0.9506247933884298,0.000491815454046726,0.011181818181818182,0.00015498762871173378,0.011204958677685952,0.00014857449834744274,0.011137190082644627,0.00017498243342607589,0.022342148760330582,0.00024852473589838186,0.13110413223140494,0.003997619031298708,0.35462821274981854,0.0009377229887193192,0.9242915588052579,0.00288938411447987,10.780800000000008,0.16938299555644162
hiro_no_safety,12200,1.12,0.0,9410.5,12.983230942807948,1.04,2.104110403597227e-17,0.015752459016393442,0.00042515169849180977,0.950883606557377,0.0004886499218385244,0.01112622950819672,0.0001532090323224757,0.011152459016393444,0.00014565935201946032,0.011085245901639345,0.00017335843125499211,0.022237704918032782,0.00024514492690883103,0.13082950819672132,0.003992805726937947,0.3545231301540502,0.0009342995890383521,0.9244666315250478,0.0028816264332866565,10.819200000000007,0.16919782890487248
hiro_no_safety,12300,1.12,0.0,9489.16,12.97691388110251,1.04,2.104110403597227e-17,0.015660162601626018,0.00042200343793103346,0.9511560975609757,0.0004856447387403798,0.011066666666666667,0.0001523327874929256,0.011084552845528456,0.00014451620596707437,0.01103252032520325,0.00017409597102152567,0.022117073170731708,0.00024461992803221413,0.13033333333333333,0.0039988115730211415,0.3543689435644542,0.00093525934535726,0.9247566750548464,0.0028888342509629933,10.85600000000001,0.17131043548518138
hiro_no_safety,12400,1.12,0.0,9566.74,13.09655851351641,1.04,2.104110403597227e-17,0.015693548387096773,0.000413727627050946,0.9513080645161291,0.0004629117128820797,0.01100806451612903,0.00015151850183916076,0.011029032258064517,0.00014256995065626621,0.010961290322580643,0.00017303886674478505,0.021990322580645164,0.00024144607070421793,0.1298258064516129,0.003993499942807075,0.3542080139171348,0.0009326277464903385,0.9251509204790193,0.002880244246045946,10.87360000000001,0.17165455581082692
hiro_no_safety,12500,1.12,0.0,9643.42,13.198827715415657,1.04,2.104110403597227e-17,0.015598399999999998,0.0004109107217200468,0.9515904,0.00045740358279206667,0.010948799999999998,0.00014897545065533177,0.010964800000000002,0.0001420348448193511,0.0108976,0.00017299535442624238,0.0218624,0.00024116224702004063,0.1291824,0.003974493889587371,0.3540197724567433,0.0009269479222533825,0.9255429718627423,0.002862894561428882,10.89760000000001,0.17299535442624253
hiro_no_safety,12600,1.12,0.0,9720.22,13.231973953038054,1.04,2.104110403597227e-17,0.015490476190476188,0.00040785885599907423,0.951863492063492,0.0004552587780764427,0.010898412698412699,0.00014696326886366054,0.010903174603174602,0.0001395228716082474,0.010844444444444443,0.00017128453798738897,0.021747619047619047,0.00023783043259488666,0.12854761904761905,0.003960523243938043,0.35383605814452324,0.0009223416896900849,0.9259307693292902,0.002849573467110339,10.931200000000008,0.17265481429128826
hiro_no_safety,12700,1.12,0.0,9798.14,13.388085168902832,1.04,2.104110403597227e-17,0.015393700787401574,0.0004060368475502905,0.9521622047244094,0.00045315060801911133,0.010837795275590551,0.00014509831594720888,0.010825196850393702,0.00013755038959215653,0.010781102362204724,0.0001694747669332126,0.021606299212598427,0.00023507139234009493,0.12793858267716535,0.003954558784172833,0.35365409332288567,0.000919604688504584,0.9263024857753055,0.002841567323465834,10.95360000000001,0.17218636320414413
hiro_no_safety,12800,1.12,0.0,9875.0,13.533752213617323,1.04,2.104110403597227e-17,0.015309375,0.00040422104204145736,0.952409375,0.0004518607010044631,0.01078125,0.00014553502957770568,0.010770312499999999,0.00013749003471541464,0.0107296875,0.00016944610888705675,0.021500000000000005,0.00023365109292926663,0.12745781250000002,0.003954031245692989,0.3535066500042964,0.0009170113769016176,0.926583370610051,0.002834126902735254,10.987200000000009,0.17351281550034622
hiro_no_safety,12900,1.12,0.0,9952.42,13.657803032459846,1.04,2.104110403597227e-17,0.015210852713178293,0.00040085099852043594,0.9526852713178294,0.0004463753769161169,0.01072248062015504,0.0001443123833053026,0.010710077519379843,0.00013522061769808308,0.010671317829457365,0.0001686714740645723,0.02138139534883721,0.0002315295504427852,0.12697984496124032,0.003957966363148267,0.3533591729202378,0.0009148241068869173,0.926843640480926,0.0028321361535262905,11.01280000000001,0.17406896123463875
hiro_no_safety,13000,1.12,0.0,10030.28,13.831287808768192,1.04,2.104110403597227e-17,0.015124615384615386,0.00039863848710398685,0.9529676923076923,0.00044425020175374347,0.01065846153846154,0.00014355131428640233,0.01064923076923077,0.0001341768591728673,0.0106,0.00016723527366810376,0.021249230769230767,0.00022884134527882116,0.12650923076923076,0.003968673911019066,0.35321167650341356,0.0009143050881426241,0.9271056073560033,0.0028370894786839814,11.024000000000008,0.17392468461482802
hiro_no_safety,13100,1.12,0.0,10106.96,14.009936998212288,1.04,2.104110403597227e-17,0.015024427480916031,0.0003960569200560386,0.9532488549618321,0.00043986014956921127,0.010603053435114505,0.00014203899681194593,0.010580152671755725,0.00013380904384015672,0.01054351145038168,0.00016526414434440485,0.0211236641221374,0.0002268479983203825,0.12607175572519083,0.003972325242941117,0.35307331694297583,0.0009126762122302342,0.9273531707785139,0.0028427024384412897,11.049600000000007,0.17319682327293648
hiro_no_safety,13200,1.12,0.0,10183.54,13.82320468469964,1.04,2.104110403597227e-17,0.01493181818181818,0.0003938992534613401,0.9535287878787879,0.00043689761743432177,0.010534848484848487,0.00014141357083844017,0.010522727272727272,0.00013376640888765345,0.01048181818181818,0.0001636707172075095,0.021004545454545446,0.00022492927035982937,0.12544242424242424,0.0039339154617716665,0.35289060764300556,0.000903499641744087,0.9277461449797785,0.0028178671434894624,11.068800000000008,0.1728362773711302
hiro_no_safety,13300,1.12,0.0,10259.62,13.936851458325462,1.04,2.104110403597227e-17,0.014828571428571429,0.0003908138726074406,0.9538075187969927,0.0004337120127328694,0.010485714285714287,0.00013943983745202138,0.010454135338345865,0.00013211093927223855,0.01042406015037594,0.0001635020049132687,0.0208781954887218,0.00022412141695115346,0.12478796992481202,0.003908322601985024,0.3527046793235397,0.0008973952782416546,0.9281315157746443,0.0028010499209156423,11.091200000000008,0.173966133227718
hiro_no_safety,13400,1.12,0.0,10336.56,13.94587672220791,1.04,2.104110403597227e-17,0.014738805970149253,0.000387627456732054,0.9540791044776118,0.00042960768545146613,0.010420895522388061,0.00013847395269323473,0.010391044776119402,0.0001321369975589872,0.010370149253731342,0.00016256454189561684,0.02076119402985075,0.0002221171282406041,0.12415522388059702,0.003889579005127704,0.35252249728244545,0.0008926430229856589,0.9285127844082254,0.0027871726451202177,11.116800000000007,0.17426918891210139
hiro_no_safety,13500,1.12,0.0,10414.24,13.919786533666999,1.04,2.104110403597227e-17,0.014650370370370371,0.000385320576240178,0.9543511111111112,0.00042678344123000774,0.010362962962962964,0.00013810638727317914,0.010327407407407407,0.00013106476925908313,0.010308148148148146,0.00016165710560405024,0.02063555555555556,0.00022013725864201915,0.12361481481481482,0.003867109151260241,0.35236022161359387,0.0008868871615188769,0.9288468443048646,0.0027717062907699824,11.132800000000008,0.1745896740523744
hiro_no_safety,13600,1.12,0.0,10491.02,13.832806022242183,1.04,2.104110403597227e-17,0.014551470588235296,0.0003822793469667096,0.9546367647058822,0.0004251511754623707,0.010295588235294117,0.00013665946201678683,0.010267647058823527,0.0001298237739135038,0.010248529411764707,0.0001608877517194634,0.020516176470588232,0.00021881530419295918,0.1231264705882353,0.003864582589060604,0.3522118443298771,0.0008862522659499716,0.9291210508358138,0.002770018132269572,11.150400000000007,0.1750458738707763
hiro_no_safety,13700,1.12,0.0,10570.36,14.226412917169103,1.04,2.104110403597227e-17,0.014459854014598539,0.0003800329957068179,0.9549211678832118,0.00042283900074861053,0.010226277372262773,0.0001364253944563003,0.010204379562043795,0.00012842381078907738,0.010188321167883213,0.0001600561454898317,0.020392700729927007,0.00021748225372701926,0.12283649635036495,0.003961734750433947,0.3521086182362292,0.0009082970080663978,0.929269213378754,0.0028283018236381894,11.166400000000008,0.17542153545685568
hiro_no_safety,13800,1.12,0.0,10649.38,14.643320968263716,1.04,2.104110403597227e-17,0.014363768115942026,0.00037694404197408717,0.9551999999999999,0.0004212808437441657,0.010169565217391305,0.0001361212398453653,0.010142028985507248,0.00012722327227703822,0.01012463768115942,0.00015927287422105646,0.020266666666666665,0.00021514605099291867,0.12292898550724639,0.004110853552757277,0.35209479425932877,0.0009400070690237755,0.9291444053913778,0.00292080523479121,11.177600000000007,0.1758372531400465
hiro_no_safety,13900,1.12,0.0,10729.22,15.172351061542633,1.04,2.104110403597227e-17,0.014273381294964029,0.0003746480754566882,0.955484892086331,0.00041837125021903344,0.010107913669064748,0.00013515195445026328,0.010077697841726619,0.00012583680308955554,0.010056115107913668,0.0001583439732592864,0.02013381294964029,0.00021392012012851912,0.12273237410071941,0.004270874952837271,0.35201337589631554,0.0009763916821300489,0.9292043980691388,0.003036941653342952,11.182400000000007,0.1760784982643266
hiro_no_safety,14000,1.12,0.0,10808.52,15.77278048036023,1.04,2.104110403597227e-17,0.014185714285714284,0.00037153508228397953,0.9557542857142858,0.0004163123246876044,0.010045714285714286,0.00013371256633416497,0.010017142857142858,0.0001253160934675425,0.009997142857142857,0.0001567176861520517,0.020014285714285714,0.0002119994656307851,0.1224342857142857,0.0044140969323799946,0.3519101342303063,0.00100912443434008,0.9293420767834594,0.0031348083465136344,11.196800000000007,0.17552380849029806
hiro_no_safety,14100,1.12,0.0,10888.26,16.22351052878356,1.04,2.104110403597227e-17,0.014092198581560285,0.00036874561286881117,0.9560283687943262,0.000414450194971575,0.00997872340425532,0.00013269449046550197,0.009960283687943262,0.00012491476755298553,0.009940425531914895,0.0001548046062766252,0.01990070921985816,0.00021010542873903959,0.12215744680851064,0.0045515278576795755,0.3518113234431798,0.0010401885894474158,0.9294946143476017,0.0032191721774891646,11.212800000000009,0.1746195958800334
hiro_no_safety,14200,1.12,0.0,10966.64,16.81689529452267,1.04,2.104110403597227e-17,0.013999999999999997,0.0003659483533405343,0.9563014084507041,0.00041016796135119176,0.00992112676056338,0.00013196557129514802,0.009897183098591548,0.00012339779584603284,0.009880281690140845,0.00015398928121001384,0.019777464788732393,0.00020814361755963265,0.12182112676056339,0.004695043738323626,0.35169957789438816,0.0010728905296585088,0.9296702109284848,0.0033111324494963534,11.224000000000007,0.17493182345457586
hiro_no_safety,14300,1.12,0.0,11043.6,17.249217669334502,1.04,2.104110403597227e-17,0.013914685314685316,0.00036320516529616187,0.9565636363636364,0.0004077882920419082,0.009864335664335665,0.00013205584073077835,0.009834965034965035,0.00012236453272571575,0.009822377622377622,0.00015233648277948643,0.019657342657342657,0.00020603896097841405,0.1214125874125874,0.004788123309212778,0.35157184538430314,0.0010949962494521313,0.9299118464392222,0.003361468515353582,11.236800000000008,0.17427293629973262
hiro_no_safety,14400,1.12,0.0,11122.04,17.604729420220682,1.04,2.104110403597227e-17,0.013830555555555558,0.00036058941034381993,0.9568305555555557,0.0004066287093669494,0.009806944444444445,0.0001323620911252334,0.00977222222222222,0.00012086965466566547,0.00975972222222222,0.0001513696444944508,0.019531944444444446,0.00020384247017121493,0.12108333333333332,0.004873848715087088,0.3514619969336203,0.0011153918748916971,0.9301044587198207,0.003404757007477594,11.243200000000009,0.17437783045760746
hiro_no_safety,14500,1.12,0.0,11199.8,17.922349517987254,1.04,2.104110403597227e-17,0.013743448275862071,0.0003578079894376913,0.9570882758620691,0.00040527134013240316,0.009746206896551724,0.00013177596793223587,0.009717241379310345,0.00012002329362116422,0.009704827586206895,0.00015010381679183643,0.01942206896551724,0.00020239906459451458,0.12064137931034483,0.004967333802522315,0.35132708030277476,0.0011373203684472517,0.9303703043858482,0.003453093166665894,11.257600000000009,0.17412042747853043
hiro_no_safety,14600,1.12,0.0,11277.18,18.427191310447636,1.04,2.104110403597227e-17,0.013656164383561646,0.0003559056392244589,0.9573493150684932,0.0004028329507427326,0.009686301369863013,0.00013117517698408145,0.00966027397260274,0.00011908405379420523,0.009647945205479453,0.00014885680382683926,0.01930821917808219,0.00020073022433165567,0.12017260273972599,0.005068744087056742,0.351186917644628,0.001161086285071925,0.9306206453899354,0.0035294962667713078,11.268800000000008,0.1738647468697484
hiro_no_safety,14700,1.12,0.0,11355.22,18.828642748618446,1.04,2.104110403597227e-17,0.013578231292517005,0.00035252731101252687,0.9576054421768708,0.00039895201108487314,0.009627210884353742,0.00012999472235174518,0.009602721088435373,0.00011805656379850294,0.00958639455782313,0.00014773975568367268,0.019189115646258505,0.00019924710081204122,0.11968027210884355,0.005164264280833168,0.35104095454230694,0.0011838793642131478,0.9308926536594352,0.0036031608739197805,11.273600000000009,0.17374195268399922
hiro_no_safety,14800,1.12,0.0,11433.08,19.183067363416825,1.04,2.104110403597227e-17,0.013493243243243242,0.0003505721875212107,0.9578472972972972,0.00039550802293327603,0.009578378378378377,0.00012961074245432868,0.009547297297297298,0.00011741594600099024,0.009533783783783783,0.00014653069207602365,0.019081081081081083,0.0001974970465769749,0.11910405405405405,0.00523386090075431,0.3508778814170952,0.0012007231320090397,0.9312295182762901,0.0036537218279369716,11.288000000000006,0.17349233941801215
hiro_no_safety,14900,1.12,0.0,11510.58,19.54273370888337,1.04,2.104110403597227e-17,0.013409395973154364,0.00034845554010378956,0.958091275167785,0.00039261088219162004,0.009527516778523488,0.00012880369079321127,0.009491275167785234,0.00011618316499721615,0.009480536912751678,0.00014569321238621876,0.01897181208053691,0.00019596002004870544,0.11853691275167785,0.005301107279111331,0.35071708310368566,0.0012168124821513532,0.9315619171297408,0.003702936799108789,11.300800000000008,0.17366630916437295
hiro_no_safety,15000,1.12,0.0,11588.16,19.86939724648877,1.04,2.104110403597227e-17,0.013324,0.0003465725146870535,0.9583266666666667,0.00039133587130792965,0.009476,0.0001288780822743066,0.009438666666666666,0.00011476233945778176,0.009434666666666668,0.00014385984613087205,0.018873333333333336,0.00019311740228617312,0.11796266666666667,0.005367583953381506,0.3505559420795604,0.001232927943312026,0.9318973716823115,0.003752067065544287,11.321600000000007,0.17263181535704664
hiro_no_safety,15100,1.12,0.0,11666.06,20.161964797355335,1.04,2.104110403597227e-17,0.013249006622516556,0.00034411818732054365,0.958558940397351,0.0003900007655013077,0.009425165562913906,0.00012886678090218398,0.009389403973509933,0.00011427208625131104,0.009377483443708609,0.00014279134111429257,0.018766887417218544,0.0001914614955561653,0.11742384105960266,0.005435487063656002,0.3504012903349221,0.0012491283529204073,0.9322229106741182,0.003801619508353845,11.328000000000007,0.17249194006606555
hiro_no_safety,15200,1.12,0.0,11743.06,20.107352904256853,1.04,2.104110403597227e-17,0.013172368421052632,0.00034193114010493944,0.9587907894736842,0.00038611186803775866,0.009373684210526317,0.00012867691227582648,0.009336842105263159,0.00011324840883209735,0.009326315789473684,0.00014125986748230045,0.01866315789473684,0.0001887431465031608,0.11678026315789475,0.005441593103467298,0.3502237683851396,0.0012507833027410834,0.9326128442646799,0.003806191248659408,11.340800000000009,0.17177199885847746
hiro_no_safety,15300,1.12,0.0,11819.72,20.15246052734312,1.04,2.104110403597227e-17,0.013099346405228758,0.00034001335943230614,0.9590183006535947,0.00038429035942466193,0.00932156862745098,0.00012914741601863938,0.009286274509803922,0.0001117774587942349,0.009274509803921568,0.0001401462516700052,0.01856078431372549,0.0001870071870854537,0.11610196078431373,0.005404692446109914,0.35003895524151546,0.0012425232245603034,0.9330278858449597,0.0037800339060176168,11.352000000000007,0.17153901204408656
hiro_no_safety,15400,1.12,0.0,11896.94,20.23400673547947,1.04,2.104110403597227e-17,0.013031168831168831,0.0003356914078394852,0.9592337662337662,0.00037759090470500706,0.009271428571428571,0.0001286624205829561,0.009235064935064935,0.00011095007470217351,0.009228571428571428,0.00013901837013478868,0.018463636363636363,0.00018494909445678385,0.11551298701298701,0.005369066075103427,0.34987502237313217,0.001234619336408839,0.9334055430691166,0.0037545762200376686,11.369600000000009,0.17127063200605977
hiro_no_safety,15500,1.12,0.0,11973.86,20.2917498063642,1.04,2.104110403597227e-17,0.012976774193548386,0.0003296036551940786,0.9594348387096774,0.000370023115366916,0.009221935483870968,0.0001285099368998781,0.00918709677419355,0.00011022979825051467,0.009179354838709675,0.0001381755873477762,0.018366451612903224,0.00018444641597755346,0.11497419354838709,0.005333166881742134,0.3497230659093921,0.0012270320781770851,0.9337409989637819,0.0037307888209142676,11.382400000000008,0.17133772831124264
hiro_no_safety,15600,1.12,0.0,12051.14,20.25146021442223,1.04,2.104110403597227e-17,0.012905128205128203,0.00032689326876964204,0.9596641025641026,0.0003677013501424643,0.009171794871794871,0.00012716532812254754,0.009133333333333334,0.00010894341913105757,0.009125641025641024,0.00013756712496003113,0.01825897435897436,0.00018321757002067886,0.1144448717948718,0.005301802578474238,0.34957247379227047,0.0012206221744538795,0.9340433714370192,0.0037113700012043416,11.388800000000009,0.17168377195011894
hiro_no_safety,15700,1.12,0.0,12127.52,20.172080928342314,1.04,2.104110403597227e-17,0.012828025477707007,0.0003251350163294237,0.9598929936305732,0.00036604701514363525,0.009121019108280254,0.00012566097544409148,0.009082802547770701,0.00010763219714373972,0.00907515923566879,0.00013696295787812035,0.01815796178343949,0.0001812162163630187,0.11392866242038217,0.005276232918918233,0.349425515656716,0.0012155867412885905,0.93433215851281,0.003696354514189181,11.398400000000008,0.17202547509491933
hiro_no_safety,15800,1.12,0.0,12206.62,20.196239092201985,1.04,2.104110403597227e-17,0.012774683544303798,0.0003238725776645049,0.9601000000000002,0.0003659648840550877,0.009065822784810128,0.00012482060086954226,0.009037974683544303,0.00010615305693626886,0.009021518987341774,0.00013674294187543626,0.018059493670886075,0.0001800217842480226,0.11347341772151898,0.005251663419646849,0.34929217425552045,0.0012106935628331931,0.9345964892202118,0.0036823585155680632,11.403200000000009,0.17284307853055159
hiro_no_safety,15900,1.12,0.0,12283.72,20.43198852539911,1.04,2.104110403597227e-17,0.012710691823899372,0.0003225066102627367,0.9603144654088049,0.0003661140782101879,0.00901383647798742,0.00012359064549650938,0.00899119496855346,0.00010542357533946857,0.008969811320754716,0.0001361521312987472,0.017961006289308176,0.0001790021702594936,0.11302012578616352,0.005231251739086829,0.34916024777386406,0.0012065112487942061,0.9348465236796131,0.003671925150625677,11.40960000000001,0.17318551101200655
hiro_no_safety,16000,1.12,0.0,12361.5,20.405826498871367,1.04,2.104110403597227e-17,0.01264375,0.00032011761430729787,0.9605262499999999,0.0003629136011335963,0.00896125,0.00012329047851248178,0.00894375,0.000104784308345812,0.008924999999999999,0.0001346409624724593,0.01786875,0.00017682403985722235,0.11259499999999999,0.005210098685852939,0.34903547011103386,0.001201915934261954,0.9350868095275253,0.0036597464296116724,11.424000000000008,0.1723404319647481
hiro_no_safety,16100,1.12,0.0,12439.16,20.32594320928155,1.04,2.104110403597227e-17,0.012577639751552794,0.000318470652007311,0.9607329192546584,0.0003604494567737622,0.008915527950310557,0.00012180701799434672,0.008896894409937888,0.00010419862695512065,0.008877018633540372,0.00013315396580076784,0.01777391304347826,0.00017520624529896692,0.11217763975155279,0.0051841911917372765,0.34891278263796677,0.0011954717159456786,0.9353304743942832,0.0036381880179960995,11.433600000000007,0.17150230795138915
hiro_no_safety,16200,1.12,0.0,12516.24,20.24929446994666,1.04,2.104110403597227e-17,0.012508641975308644,0.00031596630616366196,0.960943209876543,0.0003573160901091915,0.00887037037037037,0.0001209399538837455,0.008848148148148148,0.00010302918647837034,0.00882962962962963,0.0001323569411918981,0.01767777777777778,0.00017354793089061936,0.11169382716049382,0.005156134398714706,0.3487735973832448,0.0011884438725349507,0.9356479489657927,0.003613445142131151,11.443200000000008,0.1715345957847001
hiro_no_safety,16300,1.12,0.0,12593.72,20.36495669586581,1.04,2.104110403597227e-17,0.012462576687116565,0.00031424426103813553,0.9611263803680983,0.00035609907531983475,0.008826993865030674,0.00011945941406835927,0.008803680981595093,0.000102346683907752,0.008780368098159508,0.00013201915927714967,0.0175840490797546,0.00017218905106939275,0.11120981595092026,0.005122931731857591,0.3486356397799652,0.0011807152011203844,0.9359539443945823,0.003588678176426594,11.449600000000007,0.17215298369740334
hiro_no_safety,16400,1.12,0.0,12672.0,20.14030378953341,1.04,2.104110403597227e-17,0.012418292682926829,0.0003138771903181989,0.9612951219512195,0.0003581381559216341,0.008785365853658536,0.00011921825679034071,0.008764634146341465,0.00010335886176042496,0.00873658536585366,0.0001314152505248609,0.01750121951219512,0.00017278585445210334,0.11090609756097561,0.005075176933340285,0.34854022353992115,0.0011702263121324823,0.936130538528319,0.0035568002597887887,11.462400000000008,0.1724168086886177
hiro_no_safety,16500,1.12,0.0,12750.18,20.072779618992808,1.04,2.104110403597227e-17,0.012373333333333333,0.00031508662097673993,0.961470303030303,0.0003607920506935145,0.008740606060606062,0.00011833683124699451,0.008722424242424243,0.00010261606858896388,0.008693333333333332,0.00013112421912184677,0.017415757575757574,0.00017245536214643983,0.11067393939393938,0.005029925890594348,0.3484610439466627,0.0011605170142906527,0.9362484988685098,0.003527152721495952,11.475200000000008,0.17308396924083785
hiro_no_safety,16600,1.12,0.0,12828.56,20.281330713496196,1.04,2.104110403597227e-17,0.012307228915662653,0.00031321163502712277,0.9616710843373493,0.00035847401384930176,0.00869277108433735,0.00011757307289258682,0.008680722891566265,0.00010194575218121456,0.008648192771084338,0.0001308560473235703,0.017328915662650605,0.0001718897811203613,0.1104566265060241,0.004999474464398972,0.34838425875642726,0.0011540501246068706,0.9363581321035447,0.0035078177746311234,11.484800000000007,0.17377683084570153
hiro_no_safety,16700,1.12,0.0,12907.58,20.350883047581167,1.04,2.104110403597227e-17,0.012245508982035927,0.0003123310952616268,0.9618658682634731,0.00035671969521558977,0.008649101796407184,0.00011683034065199772,0.008632335329341318,0.00010125019693802525,0.008607185628742514,0.00012986584658584687,0.017239520958083832,0.00017094305372161733,0.11025269461077845,0.004966415755596443,0.34831272831223276,0.0011467110654253317,0.9364511527823036,0.0034871249917755543,11.499200000000009,0.17350077103869152
hiro_no_safety,16800,1.12,0.0,12985.64,20.38984861470561,1.04,2.104110403597227e-17,0.012183333333333332,0.00031065447223547853,0.9620559523809523,0.0003548770447965088,0.008608333333333334,0.00011561986993846247,0.008589285714285714,0.00010051653467177496,0.008563095238095238,0.0001287023997284723,0.017152380952380954,0.00016973913776761117,0.11003690476190474,0.00493441526723998,0.34823626670134616,0.0011396136971509826,0.9365858425788612,0.0034699319568178137,11.508800000000008,0.1729760252350669
hiro_no_safety,16900,1.12,0.0,13062.96,20.56585162499293,1.04,2.104110403597227e-17,0.01211834319526627,0.00030946144073427554,0.9622414201183431,0.0003518134731642695,0.008565680473372781,0.00011518004276532358,0.008545562130177516,0.00010023363388060426,0.008528994082840238,0.00012829778760117033,0.017074556213017754,0.00016919825424031976,0.10977988165680472,0.004907778975148507,0.34815313929963465,0.0011334181202683185,0.9367319862533523,0.0034528044830695426,11.531200000000007,0.1734586088367824
hiro_no_safety,17000,1.12,0.0,13140.58,20.717144433280076,1.04,2.104110403597227e-17,0.012052941176470591,0.0003078258049935056,0.9624270588235294,0.0003507849702200068,0.00852,0.00011399319955384921,0.008503529411764705,9.994221902461095e-05,0.008496470588235295,0.00012771074583634742,0.017,0.00016949811058196245,0.10944,0.0048844208698629165,0.34805190018275667,0.0011277380875612838,0.936924715249134,0.003434321962143524,11.555200000000008,0.1736866143374326
hiro_no_safety,17100,1.12,0.0,13218.24,20.82119328462993,1.04,2.104110403597227e-17,0.011985964912280702,0.00030596046688423297,0.962616374269006,0.00034794418006100136,0.008478362573099415,0.00011299512636585227,0.008465497076023391,9.997958347119389e-05,0.008453801169590644,0.00012744672367606504,0.016919298245614035,0.00016913891383163652,0.10904327485380119,0.004857745392593696,0.34793746863126856,0.0011213139820062735,0.9371511067861573,0.0034142638772655786,11.564800000000009,0.1743471179888571
hiro_no_safety,17200,1.12,0.0,13295.0,21.01946619644927,1.04,2.104110403597227e-17,0.011926744186046515,0.0003044719997638397,0.9628011627906976,0.0003469919952597472,0.008436046511627908,0.00011275203737106155,0.00842093023255814,9.957581582773148e-05,0.008415116279069766,0.00012679990763394104,0.016836046511627907,0.00016817728925901286,0.1086174418604651,0.004828381999052874,0.34781491312561114,0.0011142972851674402,0.9374059019915978,0.0033932100721683392,11.579200000000009,0.17447667290430302
hiro_no_safety,17300,1.12,0.0,13373.04,21.171543473757986,1.04,2.104110403597227e-17,0.011863583815028904,0.0003024576217602693,0.96298612716763,0.00034384159448045564,0.008399999999999998,0.0001115415912513793,0.008378034682080924,9.860062759182047e-05,0.008372254335260116,0.0001264833003143803,0.016750289017341036,0.00016830428248134548,0.10817687861271677,0.0048015931467084725,0.34769066693913314,0.0011077452115262755,0.9376647939022332,0.0033740641717817767,11.58720000000001,0.17505288763510243
hiro_no_safety,17400,1.12,0.0,13450.16,21.26365798775949,1.04,2.104110403597227e-17,0.011804597701149427,0.0003001289893936516,0.9631586206896552,0.0003408162966616109,0.008360919540229885,0.00011089811633506075,0.008342528735632184,9.717691315316211e-05,0.008333333333333333,0.00012575252544200845,0.016675862068965517,0.00016614906644401968,0.10775172413793102,0.0047763826792367675,0.3475711277217099,0.0011018008762765975,0.9379225681151262,0.003356351110316844,11.600000000000009,0.17504751541527597
hiro_no_safety,17500,1.12,0.0,13528.3,21.40788048683885,1.04,2.104110403597227e-17,0.01176342857142857,0.0002960464634784701,0.9633245714285714,0.00033688358860278056,0.008321142857142859,0.00011067039664266395,0.00829942857142857,9.622353539033684e-05,0.008291428571428571,0.00012547286652195424,0.01659085714285714,0.00016517745559468665,0.10738285714285714,0.0047477671728785725,0.3474621859258494,0.0010951241402868948,0.9381474272995421,0.0033372367765596824,11.608000000000011,0.1756620131307361
hiro_no_safety,17600,1.12,0.0,13606.86,21.40654124708766,1.04,2.104110403597227e-17,0.011714772727272726,0.0002929090161246391,0.9634897727272725,0.00033431741876565897,0.008277272727272729,0.0001107285666990144,0.008260227272727273,9.572266104610062e-05,0.008257954545454546,0.00012552186979135696,0.016518181818181817,0.0001644027738592713,0.10708977272727271,0.004717030872793945,0.34736836843906027,0.0010887313682866081,0.9383541766372463,0.0033207904550625954,11.627200000000007,0.17673479266623074
hiro_no_safety,17700,1.12,0.0,13683.58,21.39023408674422,1.04,2.104110403597227e-17,0.011658757062146894,0.0002891354342494515,0.9636644067796611,0.00033059300750665156,0.00823728813559322,0.00011072316797186452,0.0082180790960452,9.502184721418863e-05,0.008221468926553671,0.0001243382204148104,0.01643954802259887,0.00016315045555801837,0.10671977401129945,0.0047002934565127845,0.34726089566493895,0.001084183070773057,0.9385710338886838,0.0033056255466658,11.64160000000001,0.1760629201073717
hiro_no_safety,17800,1.12,0.0,13760.5,21.394511025980854,1.04,2.104110403597227e-17,0.011612359550561795,0.0002831064366990562,0.9638157303370786,0.000325244530780345,0.008203370786516853,0.00011056221255209724,0.00818314606741573,9.397398722621068e-05,0.008185393258426966,0.00012314911780668427,0.016368539325842694,0.00016194991443720488,0.1064056179775281,0.004683533287271734,0.3471683809438204,0.0010788815307567962,0.9387444098237883,0.0032858193646841277,11.656000000000008,0.1753643437567185
hiro_no_safety,17900,1.12,0.0,13837.64,21.52378390221821,1.04,2.104110403597227e-17,0.011557541899441338,0.0002805883847846643,0.9639832402234636,0.00032314148684420236,0.008168715083798883,0.00011033547695260318,0.008145251396648045,9.297599922879936e-05,0.008145251396648045,0.00012201040474883545,0.016290502793296087,0.00016020641344133575,0.10611173184357542,0.004672569602514639,0.34707883223600183,0.0010752314333767705,0.9389139668762376,0.0032724027157902394,11.66400000000001,0.17471889960033252
hiro_no_safety,18000,1.12,0.0,13915.86,21.413232795995803,1.04,2.104110403597227e-17,0.011504444444444444,0.00027956720682020575,0.9641533333333332,0.00032159043543498735,0.008131111111111112,0.00010971641679294211,0.008104444444444444,9.240004166488488e-05,0.008106666666666668,0.00012211745664496588,0.01621111111111111,0.0001599949608679892,0.10581111111111112,0.004664380176274589,0.3469875734643072,0.001072186674462923,0.939084254443644,0.0032611798387168225,11.673600000000006,0.17584913756875103
hiro_no_safety,18100,1.12,0.0,13992.4,21.612600255312138,1.04,2.104110403597227e-17,0.011448618784530386,0.0002787764767274222,0.9643226519337017,0.0003218253118644628,0.008095027624309392,0.00010963969870892467,0.008061878453038674,9.200065646891441e-05,0.00807182320441989,0.0001224787214026077,0.016133701657458564,0.0001606577226000156,0.10552596685082871,0.004664052443002517,0.34690026192751733,0.0010710118551368357,0.9392456790088989,0.003254692232990716,11.688000000000006,0.1773491885909761
hiro_no_safety,18200,1.12,0.0,14070.24,21.769601723129284,1.04,2.104110403597227e-17,0.011391208791208791,0.0002772498490300612,0.9644912087912089,0.000320292768253844,0.008058241758241758,0.0001083954190535356,0.008023076923076923,9.140959853687067e-05,0.008036263736263736,0.00012205396575954648,0.01605934065934066,0.00015943180880806498,0.10533626373626374,0.004657640278830438,0.3468350086293728,0.001069084187550497,0.9393467343175491,0.0032471525416750326,11.700800000000006,0.17771057414589983
hiro_no_safety,18300,1.12,0.0,14148.86,21.825673143416797,1.04,2.104110403597227e-17,0.01133333333333333,0.00027634660421545665,0.9646601092896173,0.0003193268140116521,0.008019672131147541,0.00010796069478234807,0.007986885245901638,9.069358577513458e-05,0.008,0.00012095640248709798,0.01598688524590164,0.00015835384509685637,0.10515081967213114,0.004659855007100779,0.3467711329458371,0.0010688475861783283,0.9394301849123587,0.003246241774018967,11.712000000000007,0.17708017324111158
hiro_no_safety,18400,1.12,0.0,14226.92,22.053605193727766,1.04,2.104110403597227e-17,0.011301086956521737,0.000276830780873713,0.9648119565217391,0.00031987279893687555,0.007978260869565218,0.00010709783913366695,0.00795108695652174,8.971675591873184e-05,0.007957608695652174,0.0001199989109488537,0.015908695652173913,0.00015725482716973774,0.10487391304347826,0.004659930240638147,0.3466852589776755,0.0010689119215387568,0.9395959200896986,0.003247036048663757,11.713600000000007,0.1766383969167128
hiro_no_safety,18500,1.12,0.0,14305.12,22.14978030019573,1.04,2.104110403597227e-17,0.011246486486486486,0.00027516975520607315,0.9649708108108108,0.0003173283322744216,0.007944864864864865,0.0001064011966612424,0.007912432432432432,8.910661573957568e-05,0.007925405405405407,0.00011992643451981473,0.015837837837837838,0.0001569373401137945,0.10471783783783783,0.004649288951400127,0.3466282625889416,0.0010664541073019248,0.9396832637489486,0.003242562917165873,11.729600000000007,0.17749112308932596
hiro_no_safety,18600,1.12,0.0,14383.62,22.138467583344053,1.04,2.104110403597227e-17,0.011195698924731181,0.0002730306612587587,0.9651215053763441,0.00031515036329843733,0.007910752688172044,0.00010619106614124793,0.007878494623655913,8.8311760077508e-05,0.007893548387096773,0.00011941808468876878,0.015772043010752686,0.00015550869362190652,0.10464623655913977,0.004638286452803499,0.3465924514790924,0.001064108561317998,0.9397056302929334,0.003236899488665036,11.745600000000007,0.1776941100168881
hiro_no_safety,18700,1.12,0.0,14461.9,22.227694620973747,1.04,2.104110403597227e-17,0.011179679144385028,0.0002804714179630409,0.9652449197860963,0.0003199114486862041,0.007877005347593584,0.00010529381584992998,0.007840641711229947,8.766232934052965e-05,0.007857754010695188,0.00011869809204881118,0.015698395721925135,0.00015469520599872982,0.10469625668449196,0.0046271727324215224,0.3465828939595274,0.0010618503800758825,0.9396601999854197,0.0032292460508729207,11.75520000000001,0.17757234570502167
hiro_no_safety,18800,1.12,0.0,14540.52,22.319630601873353,1.04,2.104110403597227e-17,0.011169148936170215,0.000287746162204014,0.965363829787234,0.0003270245522704891,0.007844680851063828,0.00010384777717629075,0.0078031914893617015,8.640255366871963e-05,0.007819148936170212,0.00011781791758853681,0.015622340425531914,0.00015322623779683502,0.10476276595744678,0.004630662979440509,0.34657683537539696,0.0010634184874357404,0.939599283782532,0.0032326755615289214,11.760000000000007,0.1771981480531595
hiro_no_safety,18900,1.12,0.0,14620.0,22.497256068513,1.04,2.104110403597227e-17,0.011146031746031747,0.00029033842960358335,0.9654973544973544,0.0003308698343762031,0.007807407407407407,0.00010348531067621151,0.007767195767195768,8.659110199014171e-05,0.007782010582010581,0.00011722222898466091,0.01554920634920635,0.00015366529734687795,0.10482751322751323,0.004644249902233711,0.3465704301644776,0.0010672255719578819,0.9395306712694759,0.0032430869159475835,11.76640000000001,0.17724001022480745
hiro_no_safety,19000,1.12,0.0,14699.3,22.569516193850717,1.04,2.104110403597227e-17,0.011110526315789473,0.0002914782657414218,0.9656326315789475,0.0003332396310531639,0.0077768421052631575,0.00010261502524243829,0.00773157894736842,8.609925421349915e-05,0.00774842105263158,0.00011642526354790244,0.015479999999999999,0.00015238982298412262,0.1048,0.0046627619348272534,0.34654460438117207,0.001071820841209144,0.9395224942831741,0.003257028842892548,11.777600000000009,0.17696640059281185
hiro_no_safety,19100,1.12,0.0,14778.18,22.604653485149324,1.04,2.104110403597227e-17,0.011077486910994765,0.00028963886029871654,0.9657675392670158,0.00033033139605121445,0.007741361256544503,0.00010217034924705544,0.007699476439790576,8.624935945783926e-05,0.00771413612565445,0.0001161564149941417,0.015413612565445024,0.00015286611465454563,0.10488900523560207,0.0046925714938395174,0.3465427706049117,0.001078365989589094,0.9394498305212621,0.003276819899014863,11.78720000000001,0.17748700211104865
hiro_no_safety,19200,1.12,0.0,14859.4,22.853267528620364,1.04,2.104110403597227e-17,0.011026041666666667,0.00028906321819179026,0.96591875,0.00032959129375389806,0.007707291666666667,0.0001016107562403221,0.007667708333333334,8.551421860164477e-05,0.007680208333333334,0.00011507710939565437,0.015347916666666666,0.00015105771964892385,0.10502500000000001,0.004739526388235317,0.3465542135878516,0.0010886646339790928,0.9393270602376964,0.0033104194860595457,11.796800000000008,0.1767584400317253
hiro_no_safety,19300,1.12,0.0,14938.74,23.093347571125683,1.04,2.104110403597227e-17,0.010976165803108808,0.00028762305227877433,0.9660642487046632,0.0003281247667493507,0.007673575129533678,0.0001012441499721555,0.007634196891191709,8.472678765047336e-05,0.007651813471502591,0.00011453090368881455,0.0152860103626943,0.00014991768053954448,0.10512124352331606,0.00479449941723135,0.3465554939708131,0.001101022460069513,0.939253903660484,0.0033496985461134066,11.814400000000008,0.17683571529552986
hiro_no_safety,19400,1.12,0.0,15018.32,23.237609206470722,1.04,2.104110403597227e-17,0.010932989690721649,0.00028608318501455534,0.966201030927835,0.00032671331670416464,0.007639175257731957,0.00010014727540500738,0.007602061855670104,8.47728284481625e-05,0.007624742268041238,0.00011390626774008069,0.01522680412371134,0.00014983055927375407,0.10526185567010309,0.004864284090637476,0.34656843388837977,0.0011173438935872294,0.9391301713856186,0.003399186874448771,11.833600000000008,0.17678252753260537
hiro_no_safety,19500,1.12,0.0,15098.42,23.739643757105657,1.04,2.104110403597227e-17,0.010879999999999999,0.00028500093157980233,0.9663548717948717,0.00032489447463557726,0.007606153846153846,9.916329374705854e-05,0.007569230769230768,8.386278693775344e-05,0.0075897435897435885,0.00011281099812407418,0.01515897435897436,0.0001484199182669302,0.10544205128205128,0.00493178904691967,0.3465905189035836,0.0011333303731951357,0.9389563140803425,0.0034511739149724135,11.840000000000009,0.17598515707355586
hiro_no_safety,19600,1.12,0.0,15176.42,24.12748606203036,1.04,2.104110403597227e-17,0.010831632653061226,0.0002837037683937855,0.9664938775510205,0.00032338867392988756,0.007577551020408163,9.84719503413913e-05,0.007534693877551021,8.317268697125481e-05,0.007562244897959184,0.0001127387756474217,0.015096938775510202,0.0001483679312883681,0.10543061224489796,0.004991066776017449,0.3465707624017362,0.0011472409860680312,0.938937512681447,0.003499633871493505,11.857600000000009,0.17677440021515733
hiro_no_safety,19700,1.12,0.0,15254.88,24.643923620815162,1.04,2.104110403597227e-17,0.010779695431472081,0.00028247040402274364,0.966638578680203,0.00032188845111057467,0.007547208121827412,9.751155544437975e-05,0.007504568527918781,8.312989119815279e-05,0.0075299492385786804,0.0001119630316871967,0.01503451776649746,0.00014744683916942776,0.10537766497461928,0.005049101375495979,0.346541389261562,0.0011606914813877774,0.938936582080087,0.0035476950812593283,11.86720000000001,0.17645373793902216
hiro_no_safety,19800,1.12,0.0,15333.98,24.967170117445615,1.04,2.104110403597227e-17,0.010735353535353534,0.0002809118746790954,0.9667767676767676,0.00032013399226769716,0.007517171717171717,9.660956626777316e-05,0.007472727272727271,8.213657506170548e-05,0.007497979797979798,0.00011134708175171376,0.01497070707070707,0.00014634261580179225,0.10540606060606059,0.005106970676148134,0.34653070490679105,0.0011748894653343183,0.9388844614238525,0.0036001992004734405,11.87680000000001,0.17637377749471478
hiro_no_safety,19900,1.12,0.0,15411.86,25.342599612155826,1.04,2.104110403597227e-17,0.010727638190954774,0.0002773683555032864,0.9668793969849248,0.000313560246194445,0.007483417085427135,9.63327386555785e-05,0.007440201005025126,8.199390652705966e-05,0.007469346733668341,0.00011100642507303984,0.014909547738693468,0.00014592654334897166,0.10561809045226132,0.005161558637484082,0.3465613486827611,0.0011880323444967247,0.9387174403052261,0.0036477869475577403,11.89120000000001,0.17672222871627957
hiro_no_safety,20000,1.12,0.0,15491.72,25.81504133608299,1.04,2.104110403597227e-17,0.010721000000000001,0.00027702902669693853,0.9669840000000001,0.00031081013300005255,0.00745,9.588470968314193e-05,0.0074069999999999995,8.159144112776854e-05,0.007437999999999999,0.00011022759386369456,0.014845000000000002,0.00014464065254051825,0.105916,0.005230106222825767,0.34661120923273314,0.0012045316761880567,0.9384968133315426,0.0037028622959591573,11.900800000000011,0.17636415018191143
novelty,100,0.40634969306406843,0.013484528479612854,40.24,2.4011153870734363,0.32634969306406847,0.013484528479612852,0.264,0.027318230438403476,0.5257999999999999,0.027204576445734947,0.0978,0.016704612585530174,0.1124,0.019937780770206505,0.0,0.0,0.1124,0.019937780770206505,0.264,0.027318230438403476,0.4363489254202544,0.0031424346925208032,0.5470865768987205,0.011390934583826832,0.0,0.0
novelty,200,0.6644252212657193,0.017051522814538412,95.6,3.458795354761893,0.5844252212657193,0.017051522814538412,0.2169,0.018393038834054052,0.5529,0.02070496834785589,0.1149,0.01364752351011654,0.1153,0.014983262771015733,0.0,0.0,0.1153,0.014983262771015733,0.2169,0.018393038834054052,0.4427767934121967,0.002229256952312022,0.48465243525031204,0.011751728744116533,0.0,0.0
novelty,300,0.8647400281291062,0.014133228786357465,162.96,4.561771943587943,0.7847400281291063,0.014133228786357465,0.18480000000000005,0.016276287998816193,0.5888666666666666,0.01833564858602757,0.11853333333333335,0.01108334126131372,0.10779999999999999,0.011256486162458673,0.0,0.0,0.10779999999999999,0.011256486162458673,0.18480000000000005,0.016276287998816193,0.45249866703030533,0.0014136176894850962,0.4607749696825955,0.010723693974284526,0.0,0.0
novelty,400,1.0028421251738484,0.011877946929544522,247.48,4.853380055093941,0.9228421251738483,0.011877946929544523,0.17485,0.015798864916602748,0.62835,0.017369573737911207,0.1024,0.008526357693071765,0.0944,0.008930731167361016,0.0,0.0,0.0944,0.008930731167361016,0.18169999999999997,0.015918228544659106,0.4645553246368979,0.0011505468850826585,0.4547850516819413,0.009859760501198358,0.0,0.0
novelty,500,1.0880754935724983,0.006741862640044206,335.72,5.004327922826768,1.0080754935724985,0.006741862640044207,0.1622,0.01471461858153313,0.66392,0.016906847785463034,0.08811999999999999,0.007157564287564048,0.08576,0.00737887552962053,0.0,0.0,0.08576,0.00737887552962053,0.21583999999999995,0.014982421264227472,0.47310138884128067,0.0011896063312438298,0.4720506108265208,0.01208749052885851,0.0,0.0
novelty,600,1.1126213367034838,0.0029545206081506886,428.4,5.165584701282367,1.032621336703484,0.0029545206081506886,0.15413333333333334,0.01579799062971326,0.6934999999999999,0.01754432352591172,0.07743333333333334,0.006095649167685932,0.07493333333333332,0.006198705153355117,0.0,0.0,0.07493333333333332,0.006198705153355117,0.3061,0.014774388730444203,0.48057111526509727,0.001598539009431522,0.48605803378728146,0.014965995326068514,0.0,0.0
novelty,700,1.116929850058427,0.0014220195577283963,521.94,5.193827576841494,1.036929850058427,0.0014220195577283956,0.14768571428571428,0.0175522016688384,0.7165428571428571,0.018667171459428717,0.06897142857142857,0.005204048019099126,0.0668,0.005328299026170223,0.0,0.0,0.0668,0.005328299026170223,0.3932,0.013118659433142632,0.4865214418589388,0.0018309431572074652,0.4949798690828419,0.01692450824218073,0.0,0.0
novelty,800,1.1195056389178202,0.00034758185678031333,616.36,5.239236585610541,1.0395056389178203,0.0003475818567803125,0.14185,0.01863064871196308,0.735275,0.019538008810145068,0.06259999999999999,0.004576704544734772,0.06027500000000001,0.004649074134289799,0.0,0.0,0.06027500000000001,0.004649074134289799,0.4608,0.011542720119413015,0.49125876659833695,0.0019556848903020275,0.49973643860237205,0.018189203840261584,0.0,0.0
novelty,900,1.12,0.0,711.42,5.260176919504686,1.04,2.0557335828564922e-17,0.1365111111111111,0.019527319596718874,0.7507111111111112,0.020298397803490867,0.057488888888888895,0.0040460700428483895,0.05528888888888888,0.004109677999890818,0.0,0.0,0.05528888888888888,0.004109677999890818,0.5147999999999999,0.010315625722116941,0.49541645020675623,0.0019791105732817785,0.5008162125797595,0.018490001919951104,0.0,0.0
novelty,1000,1.12,0.0,806.16,5.361492329566461,1.04,2.0557335828564922e-17,0.13024000000000002,0.01978004684173484,0.7646200000000001,0.02054098719881887,0.0536,0.0036296961136644784,0.05153999999999999,0.0037107906633140563,0.0,0.0,0.05153999999999999,0.0037107906633140563,0.55764,0.009200787898826036,0.4988381180755151,0.0019835036243006613,0.5005654181827953,0.018526995253639125,0.0,0.0
novelty,1100,1.12,0.0,901.52,5.360493428399886,1.04,2.0557335828564922e-17,0.12378181818181819,0.019394013296086775,0.7777636363636365,0.020141516697843937,0.05014545454545455,0.0033007826545485737,0.04830909090909092,0.0033883920784119758,0.0,0.0,0.04830909090909092,0.0033883920784119758,0.5931818181818183,0.00843805121947755,0.5018660664604938,0.0018840388451610403,0.4985674971362836,0.017782400481356497,0.0,0.0
novelty,1200,1.12,0.0,996.6,5.391603449355492,1.04,2.0557335828564922e-17,0.11876666666666667,0.018787543516469093,0.78805,0.01959688140421774,0.047233333333333336,0.003023850768372632,0.04594999999999999,0.003150604628291135,0.0,0.0,0.04594999999999999,0.003150604628291135,0.6225999999999999,0.007752866487661851,0.5044083589574285,0.001725154494435723,0.49817085794448035,0.01640284146628768,0.0,0.0
novelty,1300,1.12,0.0,1091.94,5.346935799968014,1.04,2.0557335828564922e-17,0.11283076923076923,0.017609134097707764,0.7985999999999999,0.018377539017653283,0.044738461538461546,0.0027640244098582913,0.04383076923076922,0.002901639143837183,0.0,0.0,0.04383076923076922,0.002901639143837183,0.6474307692307693,0.007173951255840884,0.5066238293964072,0.0015778723342621003,0.49829354112529367,0.015209748857795836,0.0,0.0
novelty,1400,1.12,0.0,1186.92,5.364497047387442,1.04,2.0557335828564922e-17,0.10777142857142857,0.016220929400127322,0.8073428571428571,0.016909355321126033,0.04302857142857142,0.002562712796296444,0.04185714285714286,0.0026762720937652663,0.0,0.0,0.04185714285714286,0.0026762720937652663,0.6688142857142856,0.006691500635733176,0.5084318651545078,0.0014550159423002093,0.4997519879620546,0.013791174700526864,0.0,0.0
novelty,1500,1.12,0.0,1282.1,5.33660826322319,1.04,2.0557335828564922e-17,0.10368000000000001,0.015027355132143969,0.8148133333333335,0.015662891888566597,0.04128000000000001,0.0023586644439562983,0.04022666666666667,0.0025042085211619894,0.0,0.0,0.04022666666666667,0.0025042085211619894,0.6873999999999999,0.006231490505721924,0.5100789839854307,0.0013379447045295584,0.49558068297827906,0.012486290016305473,0.0,0.0
novelty,1600,1.12,0.0,1377.22,5.40614087715752,1.04,2.0557335828564922e-17,0.099025,0.014036204553414934,0.8223374999999998,0.014656133027904484,0.040025000000000005,0.0022270627906436284,0.0386125,0.0023558092818496534,0.0,0.0,0.0386125,0.0023558092818496534,0.7036374999999999,0.00585482015138826,0.5116634865477068,0.001250469004512193,0.49021805310289784,0.011590972891873465,0.0,0.0
novelty,1700,1.12,0.0,1472.8,5.458115096639431,1.04,2.0557335828564922e-17,0.09489411764705884,0.013153120280882669,0.8293058823529411,0.013751398642361532,0.038435294117647054,0.0021220848524924453,0.03736470588235294,0.002225557869696459,0.0,0.0,0.03736470588235294,0.002225557869696459,0.7183176470588236,0.005533675911925773,0.5129804151946165,0.0011681641325785891,0.4883609067210673,0.010805294030037079,0.0,0.0
novelty,1800,1.12,0.0,1567.46,5.462914673934956,1.04,2.0557335828564922e-17,0.09066666666666669,0.012441640030620945,0.8355888888888887,0.012990678383661296,0.0373,0.0020297615556486223,0.036444444444444446,0.002096139777121396,0.0,0.0,0.036444444444444446,0.002096139777121396,0.7308777777777777,0.005225769287965708,0.5141378651554611,0.0010963551922142916,0.48625363293801377,0.010279436223468092,0.0,0.0
novelty,1900,1.12,0.0,1662.86,5.43743712138169,1.04,2.0557335828564922e-17,0.08825263157894737,0.011660734876485565,0.840115789473684,0.01219238522390642,0.03628421052631579,0.001918304907792439,0.03534736842105263,0.0019767064579882952,0.0,0.0,0.03534736842105263,0.0019767064579882952,0.7424105263157894,0.004957028072419813,0.5151337435635477,0.0010250461564323033,0.48399869155794945,0.00965131816021939,0.0,0.0
novelty,2000,1.12,0.0,1758.2,5.411853958238907,1.04,2.0557335828564922e-17,0.08606000000000001,0.011001647743007612,0.84419,0.011534649574925391,0.03534,0.0018235668121479253,0.034409999999999996,0.0018933120747105846,0.0,0.0,0.034409999999999996,0.0018933120747105846,0.75262,0.004707366350644876,0.5159649722480671,0.0009589578522108808,0.48068809492075937,0.008978308749345926,0.0,0.0
novelty,2100,1.12,0.0,1853.06,5.400786790754073,1.04,2.0557335828564922e-17,0.08473333333333333,0.010372937678729958,0.8471333333333331,0.01088661107544668,0.03461904761904762,0.0017243656786903284,0.03351428571428571,0.0018033186020421073,0.0,0.0,0.03351428571428571,0.0018033186020421073,0.7618285714285714,0.0044824999470576,0.5168630266390832,0.0009034022248158905,0.4769516441371466,0.008381755343392678,0.0,0.0
novelty,2200,1.12,0.0,1948.74,5.4743789136116545,1.04,2.0557335828564922e-17,0.08289090909090908,0.00985176658133702,0.8506090909090909,0.010356176806308152,0.03380909090909091,0.0016678525606119853,0.03269090909090909,0.0017246264270959122,0.0,0.0,0.03269090909090909,0.0017246264270959122,0.7704181818181817,0.004271026385491254,0.5176781561152085,0.0008617731153453633,0.47420900570924657,0.007775089226229906,0.0,0.0
novelty,2300,1.12,0.0,2044.08,5.504346334618542,1.04,2.0557335828564922e-17,0.0806,0.009399745540914476,0.8542782608695652,0.009877396327940097,0.03309565217391304,0.0015803097668321531,0.03202608695652174,0.0016614696695716486,0.0,0.0,0.03202608695652174,0.0016614696695716486,0.777895652173913,0.004034654864422089,0.5183631267046954,0.0008244959321722335,0.47174319709255697,0.007226702669541292,0.0,0.0
novelty,2400,1.12,0.0,2139.4,5.456170444402131,1.04,2.0557335828564922e-17,0.07900833333333333,0.008949712194032221,0.8571333333333334,0.009401624250561859,0.032400000000000005,0.001505449285436214,0.03145833333333334,0.0015765271723538635,0.0,0.0,0.03145833333333334,0.0015765271723538635,0.7847749999999999,0.0038720722609610876,0.5189889726058872,0.0007866393849620939,0.46909363799683634,0.006700402716251688,0.0,0.0
novelty,2500,1.12,0.0,2234.9,5.514970349800955,1.04,2.0557335828564922e-17,0.07829599999999999,0.008526501763708878,0.8592320000000002,0.00893255885362472,0.031639999999999995,0.0014469334215956903,0.030832000000000002,0.0015073952124544552,0.0,0.0,0.030832000000000002,0.0015073952124544552,0.7914639999999998,0.0037268816751284397,0.5195109921502495,0.00074948630999996,0.4675421611339564,0.0062641736000715684,0.0,0.0
novelty,2600,1.12,0.0,2330.5,5.49599111783734,1.04,2.0557335828564922e-17,0.07676923076923078,0.008136180917526025,0.8619384615384617,0.008534571079677545,0.030976923076923076,0.0013934919549545757,0.030315384615384616,0.0014442374322309074,0.0,0.0,0.030315384615384616,0.0014442374322309074,0.7976153846153846,0.003590683513039027,0.5200820340887425,0.0007218376708617186,0.4647088312764419,0.0058925394820841795,0.0,0.0
novelty,2700,1.12,0.0,2425.98,5.448421602554603,1.04,2.0557335828564922e-17,0.07542962962962962,0.007833694617929845,0.8643777777777778,0.008201991344761364,0.030385185185185185,0.0013432886094335097,0.029807407407407407,0.0013847983097637576,0.0,0.0,0.029807407407407407,0.0013847983097637576,0.8034518518518519,0.0034627507907888278,0.5206466945698589,0.0006902419139077386,0.4625284963692681,0.0053681621085672005,0.0,0.0
novelty,2800,1.12,0.0,2521.6,5.433756921846456,1.04,2.0557335828564922e-17,0.07487142857142857,0.00748056457187797,0.8659142857142856,0.007856468033570532,0.029942857142857146,0.0013008247151743758,0.02927142857142857,0.001335174350265162,0.0,0.0,0.02927142857142857,0.001335174350265162,0.8087571428571428,0.003334647040862101,0.5212000408038181,0.0006627019506585706,0.46005530396414607,0.005033717537976216,0.0,0.0
novelty,2900,1.12,0.0,2617.12,5.455545016638708,1.04,2.0557335828564922e-17,0.0756,0.007095665817365896,0.8661379310344828,0.007474294482888538,0.029393103448275865,0.0012634506728432836,0.028868965517241375,0.0012796903214409277,0.0,0.0,0.028868965517241375,0.0012796903214409277,0.8137103448275862,0.003211649788330274,0.5216650076905639,0.0006347487738014027,0.4580128221885114,0.004746463255533183,0.0,0.0
novelty,3000,1.12,0.0,2712.9,5.466726812345422,1.04,2.0557335828564922e-17,0.07597999999999999,0.006775984068067378,0.8666799999999999,0.007127303446729954,0.028973333333333337,0.0012322514099870068,0.02836666666666667,0.0012264747705565703,0.0,0.0,0.02836666666666667,0.0012264747705565703,0.8184066666666666,0.0031038165373465086,0.5220810626387746,0.0006102473767119501,0.45714083631539415,0.00452002552788154,0.0,0.0
novelty,3100,1.12,0.0,2808.34,5.473096351560914,1.04,2.0557335828564922e-17,0.07549032258064517,0.006507300741668016,0.8679741935483871,0.006850462778613552,0.028535483870967746,0.0011911960164587949,0.028000000000000004,0.0011904038430025855,0.0,0.0,0.028000000000000004,0.0011904038430025855,0.822574193548387,0.003002296048455748,0.5224819223311712,0.0005892694290248364,0.4565346247498965,0.004303768422380969,0.0,0.0
novelty,3200,1.12,0.0,2903.56,5.514371575941452,1.04,2.0557335828564922e-17,0.07473125,0.006275445714006199,0.8693625,0.006623411197627484,0.028175,0.0011506902320798946,0.02773125,0.0011625264013899086,0.0,0.0,0.02773125,0.0011625264013899086,0.8264374999999998,0.002945116049652097,0.5228429872794157,0.0005736562660336266,0.4560149870339395,0.004141276607598307,0.0,0.0
novelty,3300,1.12,0.0,2999.28,5.592198647605941,1.04,2.0557335828564922e-17,0.0753757575757576,0.005966346843203012,0.8694727272727272,0.006359670171975414,0.027769696969696972,0.0011171434979547533,0.027381818181818177,0.001138610765194275,0.0,0.0,0.027381818181818177,0.001138610765194275,0.8302484848484849,0.0028590665175759174,0.5231661082441602,0.0005610710130679883,0.45589436084185087,0.0040353176579719825,0.0,0.0
novelty,3400,1.12,0.0,3095.16,5.605490020270033,1.04,2.0557335828564922e-17,0.07584117647058823,0.005702298412811964,0.8697823529411766,0.006091010032836228,0.027388235294117647,0.0010855841949275673,0.026988235294117646,0.001106839768441358,0.0,0.0,0.026988235294117646,0.001106839768441358,0.8338999999999999,0.0027741888654720737,0.5235340254060062,0.0005420237576116088,0.45422286736317213,0.003976905369048662,0.0,0.0
novelty,3500,1.12,0.0,3191.06,5.531535565671228,1.04,2.0557335828564922e-17,0.07586285714285715,0.005480289105486752,0.870462857142857,0.005887072163553978,0.02702285714285714,0.00105562383970906,0.026651428571428576,0.0010637658737879003,0.0,0.0,0.026651428571428576,0.0010637658737879003,0.8373085714285715,0.0026967219368147924,0.5238723040903925,0.0005243960626926983,0.4527405700502797,0.003896088464820895,0.0,0.0
novelty,3600,1.12,0.0,3287.02,5.533754676196491,1.04,2.0557335828564922e-17,0.0759888888888889,0.005297618512573541,0.8710111111111111,0.005704371690817425,0.026650000000000004,0.001027138981480302,0.026350000000000002,0.0010374691694945933,0.0,0.0,0.026350000000000002,0.0010374691694945933,0.8405444444444444,0.0026409373836860013,0.5241742832358015,0.0005092193123924015,0.4519864899242701,0.003772468270363009,0.0,0.0
novelty,3700,1.12,0.0,3383.26,5.5079764053264295,1.04,2.0557335828564922e-17,0.07517297297297298,0.00511908549444129,0.8724972972972975,0.005516895234930484,0.026313513513513517,0.0009950836947000834,0.026016216216216213,0.0010156072508520134,0.0,0.0,0.026016216216216213,0.0010156072508520134,0.8437621621621623,0.0025631580564090145,0.5245009163031128,0.0004971199628872779,0.4515167769041413,0.0036454725197552487,0.0,0.0
novelty,3800,1.12,0.0,3479.84,5.487600866071267,1.04,2.0557335828564922e-17,0.07481578947368421,0.004944849611341424,0.8735842105263159,0.005328089745471816,0.025936842105263157,0.0009688506029089148,0.025663157894736846,0.0009918897759351722,0.0,0.0,0.025663157894736846,0.0009918897759351722,0.8468105263157895,0.0025006487936470438,0.5247429822865403,0.0004748868348963302,0.4513399038669547,0.003321055889570042,0.0,0.0
novelty,3900,1.12,0.0,3575.74,5.5229990374204245,1.04,2.0557335828564922e-17,0.07532307692307692,0.0047174513422900965,0.8736717948717948,0.005063153286886565,0.025605128205128204,0.0009516483516483516,0.0254,0.0009734609869536625,0.0,0.0,0.0254,0.0009734609869536625,0.8495435897435897,0.002452695283058686,0.5249911905267143,0.000456375949843063,0.45064840903195097,0.0031343502615463663,0.0,0.0
novelty,4000,1.12,0.0,3671.66,5.495349425297945,1.04,2.0557335828564922e-17,0.07464499999999999,0.004590690946616527,0.8749099999999999,0.004931778252790152,0.02535,0.0009279943261614024,0.025095,0.000940008955667282,0.0,0.0,0.025095,0.000940008955667282,0.85224,0.002391694387001886,0.5252754609311148,0.00044090778234937895,0.4494408112533307,0.0030166673872997827,0.0,0.0
novelty,4100,1.12,0.0,3767.7,5.586883326696777,1.04,2.0557335828564922e-17,0.07407317073170731,0.004450830492284124,0.8760292682926828,0.004781925201156968,0.025063414634146346,0.0008977265196743118,0.024834146341463418,0.0009252479239735142,0.0,0.0,0.024834146341463418,0.0009252479239735142,0.8547756097560975,0.0023299877445862637,0.5255575794399515,0.00043625531382786764,0.4482439193113311,0.0029726611855111374,0.0,0.0
novelty,4200,1.12,0.0,3863.96,5.536665171787959,1.04,2.0557335828564922e-17,0.07342857142857144,0.004336893421131521,0.8772428571428571,0.00465563684334818,0.02484285714285714,0.0008753759365089322,0.024485714285714288,0.000908751879365211,0.0,0.0,0.024485714285714288,0.000908751879365211,0.8572238095238096,0.0022849914835452075,0.5258096354432229,0.0004286923452586176,0.447215475584905,0.002944856949571316,0.0,0.0
novelty,4300,1.12,0.0,3960.14,5.456171192478536,1.04,2.0557335828564922e-17,0.07331627906976744,0.0041731796663070884,0.877841860465116,0.004494057842073698,0.024665116279069768,0.0008611103418550141,0.024176744186046508,0.0008812935964297785,0.0,0.0,0.024176744186046508,0.0008812935964297785,0.8595581395348837,0.002236077849633835,0.5260660939584745,0.00041540392368257287,0.4462138305036667,0.002821803574540842,0.0,0.0
novelty,4400,1.12,0.0,4056.56,5.48341916273831,1.04,2.0557335828564922e-17,0.07281818181818182,0.004080981563856959,0.878890909090909,0.004389277248558787,0.02442727272727273,0.000835728160612982,0.02386363636363636,0.0008626837828302871,0.0,0.0,0.02386363636363636,0.0008626837828302871,0.8617727272727274,0.002191758047668042,0.5263027561362492,0.0004060248077159106,0.4450355881532053,0.0027422061291018647,0.0,0.0
novelty,4500,1.12,0.0,4152.82,5.53848796871419,1.04,2.0557335828564922e-17,0.07240888888888888,0.003966624986283557,0.87976,0.004261872968460526,0.024173333333333335,0.0008214138331627739,0.023657777777777778,0.0008494946254507382,0.0,0.0,0.023657777777777778,0.0008494946254507382,0.8639422222222222,0.002126783312008026,0.5265271135687156,0.0004016898073041291,0.4440018384156432,0.0027421319278825075,0.0,0.0
novelty,4600,1.12,0.0,4249.06,5.597186611073789,1.04,2.0557335828564922e-17,0.07248695652173913,0.0038449821803599052,0.8801565217391304,0.004122867209414466,0.023960869565217386,0.0008107503165393657,0.023395652173913043,0.0008307413362647971,0.0,0.0,0.023395652173913043,0.0008307413362647971,0.8659869565217391,0.0020912335092884166,0.5267398167833557,0.0003928167109370246,0.44299909899510526,0.002658954044827449,0.0,0.0
novelty,4700,1.12,0.0,4345.38,5.597586214483116,1.04,2.0557335828564922e-17,0.07168085106382979,0.0037380247658044814,0.8814127659574469,0.004003032636108684,0.023706382978723406,0.00079212059113702,0.0232,0.0008175096239186994,0.0,0.0,0.0232,0.0008175096239186994,0.8679744680851066,0.0020560348967560605,0.5269518864053214,0.0003832107378414172,0.44199334828820064,0.002607511803539282,0.0,0.0
novelty,4800,1.12,0.0,4441.74,5.6302252827656805,1.04,2.0557335828564922e-17,0.070725,0.0036597087275521724,0.8827999999999999,0.0039065180066790856,0.02349166666666666,0.0007735475747102669,0.022983333333333328,0.0007994036538658421,0.0,0.0,0.022983333333333328,0.0007994036538658421,0.8699041666666667,0.002019289507775731,0.5271896072367674,0.0003787312818448496,0.44076651306287623,0.0026217474670574615,0.0,0.0
novelty,4900,1.12,0.0,4538.02,5.641572367302417,1.04,2.0557335828564922e-17,0.07037142857142857,0.0035590238072071684,0.8835102040816326,0.00378830188932787,0.023289795918367346,0.0007569995407547961,0.022828571428571424,0.0007899531907463132,0.0,0.0,0.022828571428571424,0.0007899531907463132,0.8716857142857141,0.0019816479873266337,0.5273766889887936,0.00036907076144906227,0.43969332180791876,0.0025834424224500897,0.0,0.0
novelty,5000,1.12,0.0,4634.52,5.675672395660019,1.04,2.0557335828564922e-17,0.06968400000000001,0.003499168834253678,0.88464,0.0036911366536499786,0.023064,0.0007385687206360969,0.022611999999999997,0.0007794589436897618,0.0,0.0,0.022611999999999997,0.0007794589436897618,0.873436,0.0019422241826087445,0.5275852596374798,0.0003639600602507277,0.438370877650188,0.002573732741044569,0.0,0.0
novelty,5100,1.12,0.0,4730.96,5.685208879188168,1.04,2.0557335828564922e-17,0.06908235294117647,0.003370931426659107,0.8856,0.003566877574923073,0.022894117647058822,0.0007247178004421304,0.02242352941176471,0.0007627438121767436,0.0,0.0,0.02242352941176471,0.0007627438121767436,0.8751764705882354,0.0019207518006493613,0.5278086785477144,0.0003537442975499844,0.4374649481139023,0.0024559382123723623,0.0,0.0
novelty,5200,1.12,0.0,4827.26,5.681750951735831,1.04,2.0557335828564922e-17,0.06838846153846152,0.003286806986888903,0.8866499999999999,0.0034819478996944296,0.022707692307692314,0.0007109567395906559,0.022253846153846152,0.0007459596115475272,0.0,0.0,0.022253846153846152,0.0007459596115475272,0.8768576923076923,0.0018724708015208143,0.5279946961468432,0.00034201843689776626,0.43703072213455557,0.0023645720522317087,0.0,0.0
novelty,5300,1.12,0.0,4923.76,5.630279653764265,1.04,2.0557335828564922e-17,0.06849433962264151,0.003181326106747489,0.886954716981132,0.003398215350522938,0.02249433962264151,0.0006843238458414039,0.022056603773584905,0.0007242051406757109,0.0,0.0,0.022056603773584905,0.0007242051406757109,0.8784641509433961,0.0018354113700490445,0.5281499945704752,0.00033522869745357257,0.4364392301814237,0.0023649763290302783,0.0,0.0
novelty,5400,1.12,0.0,5020.74,5.685772433299217,1.04,2.0557335828564922e-17,0.06868518518518518,0.0031146780204053016,0.8872,0.003348540268277728,0.02224814814814815,0.0006791888957127177,0.02186666666666667,0.000710115989281309,0.0,0.0,0.02186666666666667,0.000710115989281309,0.880114814814815,0.0018047671786967333,0.5283458844831663,0.0003271437254425978,0.43553809453172737,0.0022729496865020195,0.0,0.0
novelty,5500,1.12,0.0,5117.6,5.751521537819362,1.04,2.0557335828564922e-17,0.06871636363636364,0.0030894524997460114,0.88756,0.003323340194580164,0.022065454545454544,0.0006717539968485515,0.02165818181818182,0.000696910561875168,0.0,0.0,0.02165818181818182,0.000696910561875168,0.8816836363636366,0.0017847071351076722,0.5285355910737735,0.0003247522895772578,0.43479910905655805,0.002214814409722939,0.0,0.0
novelty,5600,1.12,0.0,5213.94,5.751337732587586,1.04,2.0557335828564922e-17,0.06856785714285715,0.0029713266427488587,0.8880142857142858,0.0031849104739689327,0.021939285714285713,0.0006601183191938222,0.021478571428571427,0.0006770936801716927,0.0,0.0,0.021478571428571427,0.0006770936801716927,0.8830964285714283,0.0017562259838563893,0.5286889092289158,0.0003180849346970252,0.4344232969658837,0.00217064438266533,0.0,0.0
novelty,5700,1.12,0.0,5309.8,5.71014135426736,1.04,2.0557335828564922e-17,0.06767719298245614,0.0029145383128465463,0.8891543859649125,0.003111933058568105,0.0218,0.0006465545617358981,0.021368421052631578,0.0006639286492149752,0.0,0.0,0.021368421052631578,0.0006639286492149752,0.8843649122807018,0.0017312447282210087,0.528853482835939,0.00031138615786377536,0.43376665370396766,0.0021193009686817092,0.0,0.0
novelty,5800,1.12,0.0,5406.76,5.7263130568010165,1.04,2.0557335828564922e-17,0.06690344827586206,0.0028454404474951168,0.8903172413793103,0.0030332564216368355,0.021596551724137932,0.0006364564428229647,0.021182758620689652,0.0006513092148649162,0.0,0.0,0.021182758620689652,0.0006513092148649162,0.8857517241379311,0.0016982844175438296,0.5290380304546622,0.0003057040196922286,0.4330615642393269,0.002082260701223945,0.0,0.0
novelty,5900,1.12,0.0,5503.48,5.731562453926966,1.04,2.0557335828564922e-17,0.06651186440677966,0.002746851828018294,0.8910305084745762,0.0029373038537908883,0.02142372881355932,0.0006256163819745727,0.021033898305084748,0.0006442543741115557,0.0,0.0,0.021033898305084748,0.0006442543741115557,0.8870813559322032,0.0016689838515799712,0.5291986098370487,0.0003008840006632471,0.43239658056046776,0.0020540335690943583,0.0,0.0
novelty,6000,1.12,0.0,5600.18,5.762701322349809,1.04,2.0557335828564922e-17,0.06604333333333334,0.002687123110734768,0.8918200000000002,0.002871262097361721,0.02127666666666667,0.0006116705128797126,0.020860000000000004,0.0006345023225165623,0.0,0.0,0.020860000000000004,0.0006345023225165623,0.8883833333333334,0.0016345424512515159,0.5293572090964005,0.00029631942862954865,0.43160852950005,0.002100810702750187,0.0,0.0
novelty,6100,1.12,0.0,5697.36,5.727538916569343,1.04,2.0557335828564922e-17,0.06597377049180327,0.0026582897089136234,0.8922196721311475,0.0028031141818888887,0.021114754098360656,0.0005989092202596919,0.020691803278688522,0.0006215986098882587,0.0,0.0,0.020691803278688522,0.0006215986098882587,0.889616393442623,0.0016078105326174593,0.5295273812620653,0.00029198222508999854,0.4303584243843479,0.0021397289995460124,0.0,0.0
novelty,6200,1.12,0.0,5794.42,5.745492643306205,1.04,2.0557335828564922e-17,0.06585483870967743,0.002611997868165556,0.892683870967742,0.002735665526158163,0.020951612903225808,0.0005869609331449361,0.020509677419354843,0.0006149675916499644,0.0,0.0,0.020509677419354843,0.0006149675916499644,0.890916129032258,0.001575157002355003,0.5296864666424391,0.00028514044846116076,0.4292459148312357,0.002114486415999095,0.0,0.0
novelty,6300,1.12,0.0,5891.38,5.777428988251237,1.04,2.0557335828564922e-17,0.06568571428571428,0.002546159904746674,0.8931746031746033,0.0026908715295792516,0.020777777777777773,0.0005771097566737987,0.02036190476190476,0.0006102603259912035,0.0,0.0,0.02036190476190476,0.0006102603259912035,0.8921523809523809,0.0015569575139823333,0.5298527407850205,0.0002814354925099966,0.42818617628564937,0.0020656754058024336,0.0,0.0
novelty,6400,1.12,0.0,5988.56,5.821014709215049,1.04,2.0557335828564922e-17,0.06506562499999999,0.0025223454881911933,0.8941187500000002,0.0026545716486384586,0.02059375,0.0005704861089546388,0.020221874999999997,0.0006022665589022346,0.0,0.0,0.020221874999999997,0.0006022665589022346,0.8933218750000002,0.001542614597854161,0.5300278681642243,0.00027810545224971213,0.4268976670037468,0.00204763552976974,0.0,0.0
novelty,6500,1.12,0.0,6085.6,5.828781508819063,1.04,2.0557335828564922e-17,0.06468923076923078,0.002503246494879944,0.8947846153846154,0.002641722586656681,0.02044,0.0005584149597192541,0.020086153846153847,0.0005986122501347189,0.0,0.0,0.020086153846153847,0.0005986122501347189,0.8944492307692308,0.001512942768831874,0.5301802280986925,0.00027394393263931437,0.42577552057673457,0.0020755473563596988,0.0,0.0
novelty,6600,1.12,0.0,6182.78,5.780494294237672,1.04,2.0557335828564922e-17,0.0643151515151515,0.00244187787661996,0.8954454545454544,0.002581195503869012,0.020281818181818182,0.0005502607262133478,0.019957575757575757,0.0005893497017641008,0.0,0.0,0.019957575757575757,0.0005893497017641008,0.8955454545454544,0.001492665551565275,0.530346969724881,0.00027101494454580234,0.4244536643292159,0.0021175423931259598,0.0,0.0
novelty,6700,1.12,0.0,6280.0,5.774610155584495,1.04,2.0557335828564922e-17,0.06390746268656716,0.002393109532838936,0.8961462686567164,0.0025237734805703765,0.02013134328358209,0.000541991346920969,0.01981492537313433,0.0005818287879405472,0.0,0.0,0.01981492537313433,0.0005818287879405472,0.8966626865671641,0.0014759218929073766,0.5305071412080555,0.0002665928344809406,0.4232862240533958,0.0021216251726264334,0.0,0.0
novelty,6800,1.12,0.0,6377.04,5.779764842331654,1.04,2.0557335828564922e-17,0.06343823529411764,0.0023515860818790484,0.8969088235294119,0.0024827150856949966,0.019985294117647056,0.0005330051783622796,0.01966764705882353,0.0005711938779039325,0.0,0.0,0.01966764705882353,0.0005711938779039325,0.8977264705882354,0.0014595214441193445,0.5306595595056157,0.00026029821667940885,0.4221237023413036,0.002080009052966407,0.0,0.0
novelty,6900,1.12,0.0,6474.3,5.845441272775682,1.04,2.0557335828564922e-17,0.06281159420289856,0.0023075219173805395,0.897823188405797,0.0024423394019122903,0.019852173913043482,0.000528992435523258,0.01951304347826087,0.0005684617071897606,0.0,0.0,0.01951304347826087,0.0005684617071897606,0.8987623188405798,0.0014374388576574287,0.5307956004606061,0.00025436623890854823,0.4213152770555761,0.0020182172371050622,0.0,0.0
novelty,7000,1.12,0.0,6571.78,5.837548409098757,1.04,2.0557335828564922e-17,0.06210571428571429,0.0022698201393993368,0.8988171428571426,0.002406069792226434,0.01968857142857143,0.0005230654844675118,0.019388571428571432,0.0005588564512566743,0.0,0.0,0.019388571428571432,0.0005588564512566743,0.8997028571428571,0.0014114710632052367,0.530919765968483,0.0002512985076979096,0.4208443988316366,0.001994773566267295,0.0,0.0
novelty,7100,1.12,0.0,6668.66,5.818100538625216,1.04,2.0557335828564922e-17,0.061861971830985914,0.002287574306250171,0.8992647887323945,0.0024088811181542584,0.019580281690140845,0.0005078319359235107,0.01929295774647887,0.0005480006252317449,0.0,0.0,0.01929295774647887,0.0005480006252317449,0.900594366197183,0.0013886115831395441,0.5310213402836009,0.0002480154586616928,0.42059047384156273,0.001992962818553426,0.0,0.0
novelty,7200,1.12,0.0,6765.56,5.806200767019582,1.04,2.0557335828564922e-17,0.06181944444444445,0.0023183986807020006,0.8995388888888889,0.00242851449772466,0.019458333333333334,0.0004944140287212957,0.019183333333333333,0.0005459146469122053,0.0,0.0,0.019183333333333333,0.0005459146469122053,0.9015000000000001,0.0013650505257197258,0.5311353864207485,0.00024262851094204607,0.42015792223784865,0.001983730679035169,0.0,0.0
novelty,7300,1.12,0.0,6862.52,5.812951057767475,1.04,2.0557335828564922e-17,0.061824657534246576,0.0022585932196027515,0.8997342465753425,0.002369042472856087,0.01937260273972603,0.0004853085346022258,0.019068493150684932,0.0005404859912627488,0.0,0.0,0.019068493150684932,0.0005404859912627488,0.9024027397260274,0.0013478136562995791,0.5312640162250404,0.00023879963998338168,0.4194307846079488,0.001979029170965968,0.0,0.0
novelty,7400,1.12,0.0,6960.0,5.8376679716252085,1.04,2.0557335828564922e-17,0.06162162162162163,0.0021992035322508274,0.9002243243243244,0.0023330197219360196,0.01926216216216216,0.00047893897056854295,0.01889189189189189,0.0005318383912034424,0.0,0.0,0.01889189189189189,0.0005318383912034424,0.9033324324324324,0.0013318874618482072,0.5313954073818574,0.0002375502198024949,0.418730727203725,0.001982995814564266,0.0,0.0
novelty,7500,1.12,0.0,7057.54,5.851370674936788,1.04,2.0557335828564922e-17,0.06119200000000001,0.0021673157709004125,0.9009333333333334,0.002299883069097051,0.019101333333333335,0.0004719938506075453,0.018773333333333333,0.0005276981202566946,0.0,0.0,0.018773333333333333,0.0005276981202566946,0.9042693333333334,0.0013170350264024772,0.5315220872690286,0.0002329971932064699,0.41814248434693885,0.001978784140532955,0.0,0.0
novelty,7600,1.12,0.0,7154.84,5.8157674489621884,1.04,2.0557335828564922e-17,0.061107894736842104,0.0020882302709560752,0.9012921052631578,0.0022314514243704704,0.018965789473684214,0.00046649894083601026,0.01863421052631579,0.0005195985145429345,0.0,0.0,0.01863421052631579,0.0005195985145429345,0.9051473684210525,0.0012964510147942694,0.5316217982864312,0.00022992128836500395,0.4177571081859203,0.0019527022727895494,0.0,0.0
novelty,7700,1.12,0.0,7252.5,5.792694202393993,1.04,2.0557335828564922e-17,0.06076103896103897,0.0020542315361448326,0.9019090909090909,0.0021970874390766335,0.018833766233766234,0.0004611498543295757,0.018496103896103896,0.0005121009098258656,0.0,0.0,0.018496103896103896,0.0005121009098258656,0.9060207792207791,0.0012846028280530338,0.5317427437847704,0.00022745169250664953,0.41729202567726387,0.001918751420064981,0.0,0.0
novelty,7800,1.12,0.0,7350.02,5.784108419115398,1.04,2.0557335828564922e-17,0.060135897435897444,0.0020169032044548628,0.9027743589743591,0.002159506901733564,0.018715384615384616,0.00045997307068028446,0.018374358974358976,0.0005037454477978522,0.0,0.0,0.018374358974358976,0.0005037454477978522,0.9068461538461539,0.0012698001777891549,0.5318516821339198,0.00022571107501908436,0.4167263203730872,0.001925412066763319,0.0,0.0
novelty,7900,1.12,0.0,7447.5,5.788253411092193,1.04,2.0557335828564922e-17,0.05948860759493671,0.0019905073784557245,0.903645569620253,0.0021313192251100938,0.018605063291139243,0.00045328576879128475,0.018260759493670887,0.0004995910481902718,0.0,0.0,0.018260759493670887,0.0004995910481902718,0.9076354430379747,0.0012544174370533099,0.5319690476165705,0.00021984592304406613,0.41613652295161513,0.0019195085306983016,0.0,0.0
novelty,8000,1.12,0.0,7544.92,5.794567476947521,1.04,2.0557335828564922e-17,0.059387499999999996,0.0019684282616921987,0.9039750000000001,0.002115027620797113,0.018500000000000003,0.0004468854804679396,0.018137499999999997,0.0004941655768534863,0.0,0.0,0.018137499999999997,0.0004941655768534863,0.9084325,0.0012294754253048623,0.5320656610741399,0.0002147980039864837,0.41583999862295506,0.0019363510242940577,0.0,0.0
novelty,8100,1.12,0.0,7642.2,5.749605132848123,1.04,2.0557335828564922e-17,0.058943209876543216,0.0019570622372241785,0.904637037037037,0.002106683033483921,0.01838024691358025,0.0004388330287464843,0.018039506172839507,0.0004875085812883849,0.0,0.0,0.018039506172839507,0.0004875085812883849,0.9091802469135802,0.001206616099275643,0.5321625071705499,0.00021313769062453387,0.41559689813116,0.0019565396677351243,0.0,0.0
novelty,8200,1.12,0.0,7739.28,5.706426023281444,1.04,2.0557335828564922e-17,0.058721951219512195,0.0019308048532717557,0.9050536585365855,0.002083440612841634,0.018278048780487808,0.0004278291637377979,0.017946341463414634,0.0004803229093488285,0.0,0.0,0.017946341463414634,0.0004803229093488285,0.9099121951219512,0.0011919128805729655,0.5322585749892825,0.0002105213405879083,0.4153313480152645,0.0019472906421614772,0.0,0.0
novelty,8300,1.12,0.0,7837.16,5.733635809138624,1.04,2.0557335828564922e-17,0.05839277108433736,0.0018945313078699328,0.9056265060240964,0.002047866590553539,0.018163855421686744,0.0004229817482197724,0.017816867469879517,0.00047180969525874024,0.0,0.0,0.017816867469879517,0.00047180969525874024,0.9106674698795179,0.0011765717889458632,0.5323679510735438,0.00020848985043223984,0.41489598476644224,0.0019385727952319432,0.0,0.0
novelty,8400,1.12,0.0,7935.18,5.746884870456839,1.04,2.0557335828564922e-17,0.05796428571428571,0.0018580934062859729,0.9063190476190475,0.0020134067515503854,0.018033333333333332,0.00041672205657102267,0.017683333333333332,0.00046419799325804023,0.0,0.0,0.017683333333333332,0.00046419799325804023,0.9114880952380952,0.0011538849324424787,0.5324997746750493,0.00020865522728602559,0.4142417453935772,0.0019506340104300174,0.0,0.0
novelty,8500,1.12,0.0,8033.08,5.753780655945679,1.04,2.0557335828564922e-17,0.0576,0.0018116337396733063,0.9069247058823531,0.0019807534058530326,0.017910588235294116,0.000411549386336867,0.01756470588235294,0.00045804717770601836,0.0,0.0,0.01756470588235294,0.00045804717770601836,0.9122235294117648,0.001141027947909763,0.5326102786338565,0.000206906300684854,0.41352650212075986,0.0019364779589526725,0.0,0.0
novelty,8600,1.12,0.0,8130.78,5.729429219710586,1.04,2.0557335828564922e-17,0.05707906976744186,0.0018040620873492333,0.9076790697674418,0.0019674169517789612,0.017774418604651163,0.0004081920967510563,0.017467441860465116,0.00045037496228024623,0.0,0.0,0.017467441860465116,0.00045037496228024623,0.9129418604651162,0.0011211541722043578,0.5327183872063165,0.00020438827008027545,0.4129034205716981,0.0019029896045424956,0.0,0.0
novelty,8700,1.12,0.0,8228.42,5.7696666334567785,1.04,2.0557335828564922e-17,0.05648505747126437,0.0017829883956570268,0.9084873563218392,0.0019444213880097504,0.01764367816091954,0.00040385076490757785,0.017383908045977014,0.0004436483820630039,0.0,0.0,0.017383908045977014,0.0004436483820630039,0.9136390804597703,0.001108692334132273,0.5328109685670959,0.00020727253195800837,0.41232110723190835,0.0019241042415068768,0.0,0.0
novelty,8800,1.12,0.0,8326.36,5.777137205027614,1.04,2.0557335828564922e-17,0.056040909090909106,0.0017570076305459213,0.9091727272727274,0.0019265097861541588,0.01751590909090909,0.0003962636733319069,0.017270454545454547,0.0004406801090462598,0.0,0.0,0.017270454545454547,0.0004406801090462598,0.9143477272727273,0.0010928776398445163,0.5329137816500091,0.00020361740003989483,0.4114126795310284,0.001898998421341239,0.0,0.0
novelty,8900,1.12,0.0,8423.48,5.794525213421682,1.04,2.0557335828564922e-17,0.05639775280898875,0.0017252533592582602,0.9089707865168538,0.0019083239128594755,0.017426966292134832,0.0003937167702768265,0.01720449438202247,0.00043455807492452344,0.0,0.0,0.01720449438202247,0.00043455807492452344,0.9149730337078652,0.0010795628365253419,0.533002708650995,0.0002015133241547526,0.4104381003332561,0.001890656913906968,0.0,0.0
novelty,9000,1.12,0.0,8521.42,5.788030576904693,1.04,2.0557335828564922e-17,0.05608222222222223,0.0017027472059489908,0.9094911111111113,0.0018969817030637455,0.017308888888888888,0.0003886690664756739,0.017117777777777777,0.0004291754708531943,0.0,0.0,0.017117777777777777,0.0004291754708531943,0.9156755555555556,0.001064495333451862,0.5331104254979478,0.000198429173022264,0.4096084863441925,0.0018958639417618922,0.0,0.0
novelty,9100,1.12,0.0,8619.44,5.768610344452331,1.04,2.0557335828564922e-17,0.05620439560439561,0.0016806646955145725,0.9096065934065933,0.0018787400875045928,0.01718021978021978,0.00038301477087846034,0.01700879120879121,0.000424283643846881,0.0,0.0,0.01700879120879121,0.000424283643846881,0.9163846153846155,0.0010516987223080478,0.5332081158854954,0.00019490720447100506,0.4089431285042992,0.0018703891676283887,0.0,0.0
novelty,9200,1.12,0.0,8717.18,5.773386513714,1.04,2.0557335828564922e-17,0.05589130434782608,0.0016833300834199268,0.9101173913043479,0.0018824201581443291,0.017076086956521738,0.0003786050561089295,0.01691521739130435,0.0004185742120261854,0.0,0.0,0.01691521739130435,0.0004185742120261854,0.9170456521739132,0.001038678002363042,0.533316024679032,0.00019138261677559314,0.4080239112080261,0.001803051444849736,0.0,0.0
novelty,9300,1.12,0.0,8814.66,5.729380776456795,1.04,2.0557335828564922e-17,0.0555741935483871,0.0016375625298422564,0.9106129032258065,0.0018467409334783362,0.016978494623655915,0.00037327188940092167,0.016834408602150533,0.00041303806956243726,0.0,0.0,0.016834408602150533,0.00041303806956243726,0.91765376344086,0.0010208373131608362,0.5334074948518628,0.00018788169414370935,0.4072120448697358,0.0017756519303705025,0.0,0.0
novelty,9400,1.12,0.0,8912.38,5.734243006460649,1.04,2.0557335828564922e-17,0.055134042553191494,0.0016149111228775576,0.9112340425531914,0.0018171792959626259,0.016887234042553195,0.00036625584881467383,0.01674468085106383,0.00041112161334470843,0.0,0.0,0.01674468085106383,0.00041112161334470843,0.918263829787234,0.0010043439983808517,0.533516287243661,0.00018667394948879932,0.4062453727774319,0.0017731502695001607,0.0,0.0
novelty,9500,1.12,0.0,9010.42,5.765066507572544,1.04,2.0557335828564922e-17,0.05481684210526316,0.00158913878148549,0.9117621052631577,0.001786718824694191,0.016787368421052634,0.00036478165609410776,0.016633684210526314,0.00040658817803821643,0.0,0.0,0.016633684210526314,0.00040658817803821643,0.9188905263157896,0.0009891134934146238,0.5336202347653647,0.00018330895329701002,0.40532611152339265,0.001764486423342651,0.0,0.0
novelty,9600,1.12,0.0,9108.12,5.754263015985874,1.04,2.0557335828564922e-17,0.05456458333333334,0.001615289345311224,0.9121958333333333,0.0018151781566454615,0.01670625,0.0003627522042749695,0.016533333333333334,0.00040396279660766276,0.0,0.0,0.016533333333333334,0.00040396279660766276,0.9195020833333335,0.0009764412878289706,0.5337209768628326,0.0001809561986174485,0.4043968541186684,0.001772060042467971,0.0,0.0
novelty,9700,1.12,0.0,9206.26,5.74511753667443,1.04,2.0557335828564922e-17,0.054319587628865976,0.0015903459444327392,0.9126556701030927,0.0018047038470939834,0.016597938144329895,0.0003584938690695784,0.01642680412371134,0.00039971760438125826,0.0,0.0,0.01642680412371134,0.00039971760438125826,0.9201195876288659,0.0009610455848467564,0.5338126814499509,0.0001775014208358102,0.40352263440218894,0.0017805363203924932,0.0,0.0
novelty,9800,1.12,0.0,9304.26,5.789280029961077,1.04,2.0557335828564922e-17,0.05404489795918368,0.001565409699288276,0.9131122448979592,0.0017917325846667784,0.016520408163265308,0.00035529359992343603,0.016322448979591838,0.0003982229820145164,0.0,0.0,0.016322448979591838,0.0003982229820145164,0.9207122448979591,0.0009510206316037593,0.5339114065252448,0.00017471871543838757,0.40257517623233374,0.001765032535084238,0.0,0.0
novelty,9900,1.12,0.0,9402.2,5.864524964668877,1.04,2.0557335828564922e-17,0.053919191919191915,0.0015835821567340251,0.9134060606060607,0.0018186124687539008,0.016432323232323232,0.00035392610263936024,0.016242424242424246,0.0003948659480862815,0.0,0.0,0.016242424242424246,0.0003948659480862815,0.9212888888888889,0.0009408040079576825,0.5340072614935277,0.00017450285807498635,0.4017224465797062,0.0017534012244817935,0.0,0.0
novelty,10000,1.12,0.0,9500.32,5.8607960732519,1.04,2.0557335828564922e-17,0.053967999999999995,0.0016340220566542708,0.913544,0.0018697946193011008,0.01634,0.0003493200392132097,0.016148,0.0003881745872723788,0.0,0.0,0.016148,0.0003881745872723788,0.9218500000000001,0.0009316706521521602,0.5341011830491126,0.00017323264643817512,0.40079804710657774,0.0017591860466058679,0.0,0.0
novelty,10100,1.12,0.0,9598.08,5.878764273872112,1.04,2.0557335828564922e-17,0.05379207920792079,0.0016420354066351754,0.9138891089108911,0.0018694618947997818,0.016251485148514853,0.0003492691235337552,0.01606732673267327,0.00038605353161632987,0.0,0.0,0.01606732673267327,0.00038605353161632987,0.9223960396039604,0.0009241698627202778,0.5341954481071984,0.00017130969257858177,0.3999778379834244,0.0017446430376129001,0.0,0.0
novelty,10200,1.12,0.0,9696.08,5.889516109155318,1.04,2.0557335828564922e-17,0.053527450980392154,0.0016636874957785535,0.9143313725490196,0.0018877072416966837,0.016158823529411767,0.0003449894559793873,0.01598235294117647,0.00038771483823163216,0.0,0.0,0.01598235294117647,0.00038771483823163216,0.9229529411764704,0.0009151206916647163,0.5342848612343554,0.00016890188057511524,0.3991219458410532,0.0017529966316663355,0.0,0.0
novelty,10300,1.12,0.0,9794.1,5.87504233593083,1.04,2.0557335828564922e-17,0.05331067961165049,0.0016895122519943512,0.9147203883495146,0.001903444061122506,0.016069902912621357,0.00034224255811711755,0.015899029126213594,0.00038066055818807373,0.0,0.0,0.015899029126213594,0.00038066055818807373,0.923504854368932,0.000906756403278282,0.5343799120741626,0.00016614614336539865,0.39810523242992457,0.0017558739179022898,0.0,0.0
novelty,10400,1.12,0.0,9892.56,5.88253450860239,1.04,2.0557335828564922e-17,0.05305576923076922,0.0017490515526353456,0.915175,0.0019531898434472115,0.01596923076923077,0.0003384236278183257,0.0158,0.0003782283649479525,0.0,0.0,0.0158,0.0003782283649479525,0.9240557692307693,0.0008969125567211432,0.5344707429960767,0.000164161037445619,0.39726310763518596,0.001748342651937109,0.0,0.0
novelty,10500,1.12,0.0,9990.74,5.907989056682277,1.04,2.0557335828564922e-17,0.05281333333333334,0.0018113789477751372,0.9156019047619047,0.002004950493081445,0.01588190476190476,0.0003349875377826938,0.015702857142857143,0.0003764519394977681,0.0,0.0,0.015702857142857143,0.0003764519394977681,0.9246019047619047,0.0008902885735946639,0.5345596768525547,0.0001619879155935759,0.39647211576143404,0.001726264644521669,0.0,0.0
novelty,10600,1.12,0.0,10089.08,5.906471027610311,1.04,2.0557335828564922e-17,0.05303962264150943,0.0018834650868817214,0.9155547169811321,0.002062749610733864,0.0158,0.00033195511873723184,0.01560566037735849,0.00037178293393718727,0.0,0.0,0.01560566037735849,0.00037178293393718727,0.9251320754716982,0.0008789004795725896,0.5346396224873554,0.00016611353883378173,0.3956941629489297,0.001771458857314783,0.0,0.0
novelty,10700,1.12,0.0,10187.26,5.893393741802628,1.04,2.0557335828564922e-17,0.05300186915887851,0.0019281509814302303,0.9157663551401868,0.002091516105067014,0.015714018691588786,0.00032965149676960855,0.015517757009345793,0.0003677355303318039,0.0,0.0,0.015517757009345793,0.0003677355303318039,0.9256504672897197,0.000869777855432763,0.5347323355581384,0.00016400336172738543,0.39478252168796346,0.0017458253475314059,0.0,0.0
novelty,10800,1.12,0.0,10286.06,5.907201416189275,1.04,2.0557335828564922e-17,0.052864814814814816,0.0019337003131257478,0.916124074074074,0.00208147605126752,0.015601851851851851,0.00032720119590696887,0.01540925925925926,0.0003633411769116764,0.0,0.0,0.01540925925925926,0.0003633411769116764,0.9262203703703702,0.0008598277972233246,0.5348292280625634,0.0001633271617727617,0.393884572160028,0.0017219347596835251,0.0,0.0
novelty,10900,1.12,0.0,10384.68,5.8881021508441505,1.04,2.0557335828564922e-17,0.052445871559633025,0.0019210315316776972,0.9167394495412844,0.0020671770787670666,0.015504587155963305,0.00032311402546236344,0.015310091743119267,0.00036110874146511333,0.0,0.0,0.015310091743119267,0.00036110874146511333,0.9267614678899083,0.0008534404871051398,0.5349255184263262,0.00016125530538642192,0.3930501556383232,0.0017003983999927283,0.0,0.0
novelty,11000,1.12,0.0,10483.42,5.914015866859793,1.04,2.0557335828564922e-17,0.05206727272727273,0.001907172478976143,0.9173163636363637,0.0020564216235350713,0.015396363636363637,0.0003213204330753894,0.015220000000000001,0.00035933532463017096,0.0,0.0,0.015220000000000001,0.00035933532463017096,0.9272927272727273,0.0008467304992562391,0.5350139094402219,0.00015911262325405838,0.3924844354680231,0.0016908508799889485,0.0,0.0
novelty,11100,1.12,0.0,10581.9,5.936277264001577,1.04,2.0557335828564922e-17,0.05164864864864865,0.001890144002108338,0.9179135135135135,0.002037934511010928,0.015306306306306307,0.0003189920379707601,0.01513153153153153,0.00035829487117074535,0.0,0.0,0.01513153153153153,0.00035829487117074535,0.9277909909909909,0.0008416368114612004,0.535104956031344,0.0001578833221198192,0.39181565175395733,0.0016832774775633619,0.0,0.0
novelty,11200,1.12,0.0,10680.12,5.931420313784507,1.04,2.0557335828564922e-17,0.051255357142857144,0.0018699352148472811,0.9184678571428572,0.0020123595741840163,0.015226785714285715,0.00031766309551666184,0.015049999999999997,0.0003533615420857786,0.0,0.0,0.015049999999999997,0.0003533615420857786,0.9282803571428572,0.0008343740421237508,0.5351887634719482,0.00015553561848915276,0.3912756412975771,0.0016830288797694513,0.0,0.0
novelty,11300,1.12,0.0,10778.84,5.951597967550139,1.04,2.0557335828564922e-17,0.05087787610619468,0.0018580128756207877,0.9190477876106194,0.0019983652084050317,0.015123893805309733,0.0003156837255681456,0.014950442477876105,0.0003491306492528464,0.0,0.0,0.014950442477876105,0.0003491306492528464,0.9288088495575221,0.0008307787367103892,0.5352728084182177,0.00015523146145816102,0.39074117435788097,0.0017198024131911196,0.0,0.0
novelty,11400,1.12,0.0,10877.56,5.906769551168577,1.04,2.0557335828564922e-17,0.05047719298245614,0.0018437228163163874,0.9196333333333334,0.0019808121119912307,0.015024561403508772,0.0003112115967644702,0.014864912280701754,0.0003451575532957839,0.0,0.0,0.014864912280701754,0.0003451575532957839,0.9293052631578947,0.0008198777631362249,0.5353634849871358,0.00015350574998600054,0.3899265580927282,0.0017621647546266662,0.0,0.0
novelty,11500,1.12,0.0,10976.12,5.8917195438745615,1.04,2.0557335828564922e-17,0.050405217391304345,0.001816252063932539,0.9198660869565216,0.0019547794036356655,0.014937391304347826,0.00030731513296520765,0.014791304347826089,0.0003402389001311507,0.0,0.0,0.014791304347826089,0.0003402389001311507,0.9297913043478261,0.000811091660019794,0.5354524549960356,0.00015144753137948496,0.3890050347231388,0.001785327680249492,0.0,0.0
novelty,11600,1.12,0.0,11075.02,5.943989589904912,1.04,2.0557335828564922e-17,0.050300000000000004,0.0017899596892922407,0.9201655172413791,0.0019235204919667067,0.01484310344827586,0.00030584240832952044,0.014691379310344827,0.0003369084508136573,0.0,0.0,0.014691379310344827,0.0003369084508136573,0.9302931034482758,0.0008037523624700428,0.5355439873789491,0.0001500260832604558,0.3880976939208937,0.0017813734829251904,0.0,0.0
novelty,11700,1.12,0.0,11173.84,5.886294007510764,1.04,2.0557335828564922e-17,0.049989743589743584,0.0017691404178892828,0.920659829059829,0.0019003408822834613,0.014762393162393164,0.00030113999444288667,0.014588034188034187,0.0003334960043527037,0.0,0.0,0.014588034188034187,0.0003334960043527037,0.9307982905982906,0.0007964358385077202,0.535637779885842,0.0001485018920799339,0.38721644378846143,0.001769141667141047,0.0,0.0
novelty,11800,1.12,0.0,11272.58,5.9133946878839305,1.04,2.0557335828564922e-17,0.049777966101694916,0.0017483380942613842,0.9210406779661017,0.0018822641551489913,0.014672881355932204,0.0002990585316794368,0.014508474576271189,0.0003316130687097278,0.0,0.0,0.014508474576271189,0.0003316130687097278,0.9312661016949153,0.0007942272845486253,0.5357212577188883,0.00014680459177592316,0.38642368550380973,0.0017586681154603814,0.0,0.0
novelty,11900,1.12,0.0,11371.42,5.867871011200027,1.04,2.0557335828564922e-17,0.04961344537815126,0.0017187405338116076,0.9213798319327732,0.001845689147199908,0.014578151260504203,0.00029556436703148057,0.014428571428571428,0.00032786298679696527,0.0,0.0,0.014428571428571428,0.00032786298679696527,0.9317394957983194,0.0007853352038624782,0.5357993292067605,0.0001452240504524019,0.38589430781748085,0.0017472871513550517,0.0,0.0
novelty,12000,1.12,0.0,11470.46,5.867253294727422,1.04,2.0557335828564922e-17,0.04950833333333333,0.0017110771063705977,0.9216783333333335,0.001840607107399492,0.014483333333333332,0.0002932633651865576,0.01433,0.00032525901069191176,0.0,0.0,0.01433,0.00032525901069191176,0.932225,0.0007791327887429272,0.5358688439134865,0.00014420325124501714,0.38547163140551727,0.0017735026142392902,0.0,0.0
novelty,12100,1.12,0.0,11569.42,5.856521918305423,1.04,2.0557335828564922e-17,0.049391735537190076,0.001698534550491402,0.9219719008264462,0.001824896003846597,0.0143900826446281,0.00029156383792327433,0.014246280991735536,0.0003229417278720863,0.0,0.0,0.014246280991735536,0.0003229417278720863,0.932695867768595,0.0007757494500473956,0.535952755285932,0.00014269068947871577,0.38484566523827246,0.0018087639176415276,0.0,0.0
novelty,12200,1.12,0.0,11668.28,5.840466853019927,1.04,2.0557335828564922e-17,0.04901147540983606,0.0016840922020755172,0.9225065573770493,0.0018094727556803262,0.014319672131147541,0.00028787765072050463,0.014162295081967213,0.00032070878742571123,0.0,0.0,0.014162295081967213,0.00032070878742571123,0.9331459016393443,0.0007709290630873456,0.5360369172126879,0.00014127961873514622,0.3842078496777195,0.001828139985454979,0.0,0.0
novelty,12300,1.12,0.0,11766.86,5.811881566836919,1.04,2.0557335828564922e-17,0.04864715447154471,0.0016690243171401627,0.9230195121951218,0.001791287221829918,0.014248780487804879,0.0002854007136431476,0.014084552845528458,0.0003157114894522995,0.0,0.0,0.014084552845528458,0.0003157114894522995,0.9335739837398372,0.0007634822625567736,0.5361147349133856,0.0001405818807263099,0.38364237630283027,0.0018374583909303258,0.0,0.0
novelty,12400,1.12,0.0,11865.76,5.7666571507137085,1.04,2.0557335828564922e-17,0.04853064516129032,0.0016559340363544437,0.923316129032258,0.00177716496640083,0.014162903225806451,0.00028219824438989883,0.013990322580645163,0.0003117098517947718,0.0,0.0,0.013990322580645163,0.0003117098517947718,0.9340306451612902,0.0007558709666743163,0.5361922673077072,0.00013887756305436868,0.3829501809899088,0.001835515108894225,0.0,0.0
novelty,12500,1.12,0.0,11965.06,5.747007029395245,1.04,2.0557335828564922e-17,0.048302399999999995,0.00164165259095454,0.9237328000000001,0.001758348182185745,0.014064,0.00027964292099981025,0.013900800000000001,0.0003098518197527354,0.0,0.0,0.013900800000000001,0.0003098518197527354,0.9344975999999999,0.0007496107594026687,0.5362726498429783,0.0001378493345628823,0.38231336462115434,0.0018517239534429197,0.0,0.0
novelty,12600,1.12,0.0,12064.16,5.762394626952817,1.04,2.0557335828564922e-17,0.04800476190476189,0.0016250895761848285,0.9242063492063493,0.001742863102382299,0.013977777777777778,0.0002768078768123491,0.013811111111111109,0.0003070322417370469,0.0,0.0,0.013811111111111109,0.0003070322417370469,0.9349428571428572,0.000744147901675176,0.5363574106014641,0.00013730469838442238,0.3815558092207007,0.0018489152419475163,0.0,0.0
novelty,12700,1.12,0.0,12163.04,5.8018969452469,1.04,2.0557335828564922e-17,0.04787401574803149,0.0015996180842673712,0.9244866141732282,0.0017164668639289174,0.01390236220472441,0.0002756907143338774,0.01373700787401575,0.00030472031940106134,0.0,0.0,0.01373700787401575,0.00030472031940106134,0.9353700787401575,0.0007392919608039083,0.5364358789940795,0.00013690814503489277,0.38098461496466884,0.0018604712861769058,0.0,0.0
novelty,12800,1.12,0.0,12262.16,5.79875848781444,1.04,2.0557335828564922e-17,0.04769999999999999,0.001580893270642666,0.9248359374999999,0.0017033652382753741,0.013818750000000001,0.00027323142745011705,0.0136453125,0.0003025159731035381,0.0,0.0,0.0136453125,0.0003025159731035381,0.9358046875000001,0.0007349285866689295,0.5365042465696302,0.0001354333032278142,0.3805609833481764,0.0018538313842607547,0.0,0.0
novelty,12900,1.12,0.0,12361.14,5.776660287885435,1.04,2.0557335828564922e-17,0.04760930232558139,0.0015816393966248486,0.9250883720930232,0.0017068650502058027,0.013737984496124032,0.000270711823505726,0.013564341085271318,0.00029879398767070005,0.0,0.0,0.013564341085271318,0.00029879398767070005,0.9362325581395348,0.0007281130913915079,0.5365783142601525,0.000134803622399958,0.3800266692898876,0.0018452016060281728,0.0,0.0
novelty,13000,1.12,0.0,12460.3,5.821091138336207,1.04,2.0557335828564922e-17,0.047435384615384615,0.0015797025089890092,0.9254338461538459,0.0017026851223909106,0.013647692307692307,0.0002691934488598654,0.013483076923076922,0.000296198512401638,0.0,0.0,0.013483076923076922,0.000296198512401638,0.9366707692307692,0.0007232473829605643,0.5366552623919761,0.00013378100609028458,0.3795585047901501,0.0018279609780014307,0.0,0.0
novelty,13100,1.12,0.0,12559.82,5.848543513088519,1.04,2.0557335828564922e-17,0.047296183206106866,0.001586256243304567,0.9257526717557252,0.0017117292338846063,0.013555725190839696,0.0002673966103222325,0.013395419847328243,0.00029391479759805416,0.0,0.0,0.013395419847328243,0.00029391479759805416,0.9371053435114503,0.0007156981215840429,0.5367341467240803,0.0001330872454717823,0.37895630801372016,0.001812668348510445,0.0,0.0
novelty,13200,1.12,0.0,12658.92,5.85803756232688,1.04,2.0557335828564922e-17,0.04720151515151514,0.0015885181108260163,0.9260045454545456,0.0017182150434323466,0.013474242424242423,0.0002657847373027372,0.013319696969696971,0.0002916034314507631,0.0,0.0,0.013319696969696971,0.0002916034314507631,0.9375121212121212,0.000710462548125868,0.5368072657832633,0.00013261691706947817,0.3783246588966193,0.0018030414017865622,0.0,0.0
novelty,13300,1.12,0.0,12758.2,5.881551926254199,1.04,2.0557335828564922e-17,0.04688571428571429,0.001575944432464138,0.9264887218045113,0.0017049462391484783,0.013389473684210524,0.0002653460399528974,0.01323609022556391,0.0002905906601881389,0.0,0.0,0.01323609022556391,0.0002905906601881389,0.9379278195488722,0.0007060226771118749,0.5368808566023251,0.00013179504049876472,0.377601083532114,0.001792862743222051,0.0,0.0
novelty,13400,1.12,0.0,12857.66,5.885201780737853,1.04,2.0557335828564922e-17,0.04656119402985075,0.001564463739556121,0.9269925373134328,0.0016920414071346633,0.013300000000000001,0.0002634646528932007,0.013146268656716418,0.00028747002153203186,0.0,0.0,0.013146268656716418,0.00028747002153203186,0.938355223880597,0.000702017159514436,0.5369508063838819,0.00012980211968807042,0.3769734263145428,0.0017481543299655124,0.0,0.0
novelty,13500,1.12,0.0,12957.08,5.900386704725896,1.04,2.0557335828564922e-17,0.0462325925925926,0.0015533209447116945,0.927485925925926,0.0016803158709159133,0.013222222222222222,0.00026166682580867407,0.013059259259259262,0.0002863348150788699,0.0,0.0,0.013059259259259262,0.0002863348150788699,0.9387748148148145,0.0006978904893939911,0.5370305372741684,0.00012806205767808122,0.3763295627446064,0.0017090781569886887,0.0,0.0
novelty,13600,1.12,0.0,13056.4,5.89693798093726,1.04,2.0557335828564922e-17,0.045901470588235294,0.0015422426305232095,0.9279735294117647,0.0016674270092015293,0.013144117647058823,0.0002596944585062014,0.012980882352941177,0.0002842058084022087,0.0,0.0,0.012980882352941177,0.0002842058084022087,0.939170588235294,0.0006930004540138986,0.5371077077305898,0.00012666374622717275,0.3756990852540118,0.0016703566767088391,0.0,0.0
novelty,13700,1.12,0.0,13155.7,5.900760933289598,1.04,2.0557335828564922e-17,0.045607299270072996,0.001528875833869736,0.9284262773722627,0.0016535287813262672,0.013067153284671531,0.0002582870858041896,0.0128992700729927,0.00028169802258593777,0.0,0.0,0.0128992700729927,0.00028169802258593777,0.939566423357664,0.0006885183085644159,0.5371848466361524,0.00012552557457711253,0.3749679010783698,0.0016264701895961253,0.0,0.0
novelty,13800,1.12,0.0,13255.22,5.911337429387839,1.04,2.0557335828564922e-17,0.04528695652173913,0.001517321456272496,0.9289115942028985,0.0016407661629812761,0.012984057971014493,0.0002568597308441677,0.012817391304347826,0.00028093063869208385,0.0,0.0,0.012817391304347826,0.00028093063869208385,0.9399652173913045,0.0006836382492089337,0.537264407073419,0.0001246143555407121,0.3740892982082784,0.0016034461244017583,0.0,0.0
novelty,13900,1.12,0.0,13354.78,5.9191346582115205,1.04,2.0557335828564922e-17,0.044976978417266195,0.0015064205219213068,0.9293827338129497,0.001628271494828377,0.012905035971223021,0.0002550134759210316,0.012735251798561149,0.00027927931307004564,0.0,0.0,0.012735251798561149,0.00027927931307004564,0.9403654676258992,0.0006792352279771396,0.5373450547266915,0.00012354914275868956,0.3731334886532574,0.001596187332914912,0.0,0.0
novelty,14000,1.12,0.0,13454.32,5.903747685554818,1.04,2.0557335828564922e-17,0.04467142857142857,0.001495595365635133,0.9298514285714287,0.0016159307390075457,0.01282571428571429,0.00025290614076171707,0.01265142857142857,0.00027684213193471973,0.0,0.0,0.01265142857142857,0.00027684213193471973,0.9407614285714287,0.0006738360473751694,0.5374233762641214,0.00012234481244525263,0.372227247536218,0.0015933465365056644,0.0,0.0
novelty,14100,1.12,0.0,13553.7,5.903112288774248,1.04,2.0557335828564922e-17,0.04436170212765957,0.0014854379041513966,0.9303063829787235,0.0016038451736045628,0.012747517730496451,0.0002520725215185931,0.012584397163120566,0.00027424701703784155,0.0,0.0,0.012584397163120566,0.00027424701703784155,0.9411333333333333,0.0006684365662213038,0.537501151337397,0.0001215188081003021,0.37128843582317556,0.0015896270051314488,0.0,0.0
novelty,14200,1.12,0.0,13653.24,5.903548569655857,1.04,2.0557335828564922e-17,0.04405915492957747,0.001474384789981511,0.9307633802816901,0.001592120713340863,0.012674647887323944,0.0002503028621870045,0.012502816901408451,0.00027176544789863624,0.0,0.0,0.012502816901408451,0.00027176544789863624,0.9415126760563381,0.0006630083681762959,0.537576011836812,0.00012083893700412773,0.37047450841737317,0.001585498099583268,0.0,0.0
novelty,14300,1.12,0.0,13752.78,5.904843394214963,1.04,2.0557335828564922e-17,0.04376923076923076,0.0014633427877292072,0.9312069930069931,0.0015799532395831286,0.012594405594405594,0.00024893573474079223,0.012429370629370629,0.0002693586073012817,0.0,0.0,0.012429370629370629,0.0002693586073012817,0.9418867132867134,0.0006582120028346553,0.5376515689957471,0.00011965084010424527,0.369614673091903,0.0015832845663351007,0.0,0.0
novelty,14400,1.12,0.0,13852.32,5.898629380748427,1.04,2.0557335828564922e-17,0.04350138888888888,0.0014523160195607269,0.9316222222222222,0.0015692597667917995,0.012519444444444442,0.0002459840583584438,0.012356944444444445,0.0002679556697099451,0.0,0.0,0.012356944444444445,0.0002679556697099451,0.9422527777777776,0.0006528807753934153,0.5377265240698642,0.0001188422362820512,0.36872426050666796,0.001587764994240128,0.0,0.0
novelty,14500,1.12,0.0,13951.96,5.873215577900218,1.04,2.0557335828564922e-17,0.04321103448275862,0.0014426298714188173,0.9320689655172414,0.001558220820209992,0.012438620689655172,0.00024392751660440233,0.012281379310344826,0.00026570929928415994,0.0,0.0,0.012281379310344826,0.00026570929928415994,0.9426262068965516,0.0006481975187362902,0.5378024309119179,0.00011812969911550546,0.3678144943536046,0.001579550547934031,0.0,0.0
novelty,14600,1.12,0.0,14051.5,5.865516662177827,1.04,2.0557335828564922e-17,0.043023287671232875,0.001446092603879776,0.9324000000000001,0.0015612906133005903,0.012373972602739725,0.00024215281900651965,0.012202739726027393,0.0002631738166980677,0.0,0.0,0.012202739726027393,0.0002631738166980677,0.9429876712328766,0.0006439096371299532,0.5378728530477108,0.00011715533625668127,0.36696780707651333,0.0015774980281285367,0.0,0.0
novelty,14700,1.12,0.0,14151.08,5.880985617796961,1.04,2.0557335828564922e-17,0.0429482993197279,0.0014548200514742842,0.9326272108843537,0.001572997168305228,0.012299319727891157,0.00024059495790847667,0.012125170068027212,0.00026152945084815366,0.0,0.0,0.012125170068027212,0.00026152945084815366,0.9433442176870748,0.0006394863834871312,0.5379377733007351,0.0001165120862859933,0.36612693862496093,0.0015815190438689581,0.0,0.0
novelty,14800,1.12,0.0,14250.66,5.879859084803212,1.04,2.0557335828564922e-17,0.042666216216216225,0.0014448039600679329,0.933054054054054,0.001562166170119506,0.012228378378378379,0.00023938605365002064,0.012051351351351351,0.0002592036567657644,0.0,0.0,0.012051351351351351,0.0002592036567657644,0.943695945945946,0.0006343167851107419,0.5380094937836987,0.00011600267951494767,0.3652924499743719,0.0015704302955850983,0.0,0.0
novelty,14900,1.12,0.0,14350.4,5.8774560649926055,1.04,2.0557335828564922e-17,0.04239194630872484,0.0014342365937407356,0.9334765100671143,0.001550753828329302,0.012153020134228188,0.00023796763349991765,0.011978523489932886,0.0002578385099808001,0.0,0.0,0.011978523489932886,0.0002578385099808001,0.9440469798657718,0.0006300567075097227,0.5380818671563204,0.00011521645904616251,0.364453255385382,0.001563007872849081,0.0,0.0
novelty,15000,1.12,0.0,14449.98,5.86734233895117,1.04,2.0557335828564922e-17,0.04211466666666666,0.0014248752692358085,0.9338906666666666,0.0015402479524745502,0.012087999999999998,0.00023613240453536935,0.011906666666666666,0.00025614621674688364,0.0,0.0,0.011906666666666666,0.00025614621674688364,0.9443839999999999,0.0006257731653097388,0.5381481157821123,0.00011429161201517105,0.3636600252614045,0.0015592049859321085,0.0,0.0
novelty,15100,1.12,0.0,14549.48,5.858274455147756,1.04,2.0557335828564922e-17,0.04184768211920529,0.001415252086241554,0.9342966887417218,0.0015290655737380282,0.012018543046357615,0.00023502453462196943,0.011837086092715235,0.0002536946580302231,0.0,0.0,0.011837086092715235,0.0002536946580302231,0.9447205298013245,0.0006201137802909155,0.5382126371292428,0.00011342610675673904,0.3629872173789153,0.0015407143632934167,0.0,0.0
novelty,15200,1.12,0.0,14649.0,5.845074675244421,1.04,2.0557335828564922e-17,0.04166315789473684,0.0014069872699072456,0.9346210526315789,0.0015211477750209864,0.011948684210526316,0.00023340756224359848,0.011767105263157895,0.000251261796799351,0.0,0.0,0.011767105263157895,0.000251261796799351,0.9450605263157895,0.0006144743454687006,0.5382766790086585,0.00011259537243183871,0.36231336089438104,0.0015373098838618207,0.0,0.0
novelty,15300,1.12,0.0,14748.42,5.854151849546699,1.04,2.0557335828564922e-17,0.041521568627450975,0.0014036791167657617,0.9348941176470589,0.0015184147285183126,0.01187843137254902,0.00023142228108389963,0.011705882352941175,0.0002504162688883473,0.0,0.0,0.011705882352941175,0.0002504162688883473,0.9453712418300653,0.00061239975862678,0.5383376286447779,0.00011263791636410776,0.3615162336580003,0.0015475020590531268,0.0,0.0
novelty,15400,1.12,0.0,14848.08,5.860963214004876,1.04,2.0557335828564922e-17,0.04125714285714286,0.0013950933046830286,0.9352961038961038,0.0015076413825135793,0.011807792207792206,0.00022976641101950446,0.011638961038961037,0.00024915869676762415,0.0,0.0,0.011638961038961037,0.00024915869676762415,0.9456961038961039,0.0006100456367645208,0.5384034042851722,0.0001123630531400691,0.36071614796300644,0.0015674633870293021,0.0,0.0
novelty,15500,1.12,0.0,14947.64,5.869656319250935,1.04,2.0557335828564922e-17,0.041112258064516134,0.001392336732166309,0.9355690322580646,0.001497393166152079,0.011740645161290324,0.0002284338072390976,0.011578064516129034,0.0002469922962747599,0.0,0.0,0.011578064516129034,0.0002469922962747599,0.9460141935483871,0.0006058358057334307,0.5384648436107717,0.00011339870919550689,0.3599654152689519,0.0015853146826753804,0.0,0.0
novelty,15600,1.12,0.0,15047.22,5.850608899063064,1.04,2.0557335828564922e-17,0.04107051282051283,0.0013852478471991358,0.9357423076923078,0.0014873318301047629,0.011675641025641028,0.00022689203239560825,0.01151153846153846,0.0002448334358080308,0.0,0.0,0.01151153846153846,0.0002448334358080308,0.9463192307692306,0.0006021411221242501,0.5385229947246407,0.00011398727531476848,0.3592107886754656,0.0016018533035046217,0.0,0.0
novelty,15700,1.12,0.0,15146.86,5.852821402310764,1.04,2.0557335828564922e-17,0.040969426751592354,0.0013656622431201715,0.9359757961783438,0.001470953124159019,0.011608917197452231,0.00022613476951073696,0.011445859872611465,0.00024338395917747975,0.0,0.0,0.011445859872611465,0.00024338395917747975,0.9466331210191082,0.000598875471938333,0.5385833575809037,0.00011313210239999373,0.35847506887601105,0.001613927390442841,0.0,0.0
novelty,15800,1.12,0.0,15246.36,5.865343388176389,1.04,2.0557335828564922e-17,0.040839240506329116,0.0013525601831878146,0.9362316455696202,0.0014562186229124861,0.011548101265822784,0.00022507722722455735,0.01138101265822785,0.00024227206718810613,0.0,0.0,0.01138101265822785,0.00024227206718810613,0.9469392405063293,0.0005953398986656691,0.5386435556101301,0.00011205069778692763,0.3577874750985778,0.0016183862000251946,0.0,0.0
novelty,15900,1.12,0.0,15345.74,5.855944825211246,1.04,2.0557335828564922e-17,0.04062389937106918,0.0013404703361943428,0.9365647798742138,0.0014426783072498427,0.01148930817610063,0.00022313573719521764,0.011322012578616354,0.00024098830578725243,0.0,0.0,0.011322012578616354,0.00024098830578725243,0.9472415094339622,0.0005917682110917851,0.5387046116468346,0.0001111716007361293,0.3570814646305302,0.0016272538661227074,0.0,0.0
novelty,16000,1.12,0.0,15445.22,5.8478176637589705,1.04,2.0557335828564922e-17,0.040545,0.0013139181357097324,0.9367649999999998,0.0014184828594131756,0.011424999999999998,0.00022141417003858978,0.011265000000000002,0.00024022045572127859,0.0,0.0,0.011265000000000002,0.00024022045572127859,0.94753875,0.000587746610203855,0.5387596876640388,0.00011014098933858091,0.356513261347647,0.0016383834948144745,0.0,0.0
novelty,16100,1.12,0.0,15544.78,5.866632730266719,1.04,2.0557335828564922e-17,0.04033664596273292,0.0013047100523782538,0.937104347826087,0.001409210250240063,0.011359006211180125,0.00022052244107247427,0.011200000000000002,0.00023860225510009093,0.0,0.0,0.011200000000000002,0.00023860225510009093,0.9478422360248446,0.0005854717606128968,0.5388178457800668,0.000108815376888318,0.3559536882760936,0.0016212262957890822,0.0,0.0
novelty,16200,1.12,0.0,15644.28,5.8664761873839435,1.04,2.0557335828564922e-17,0.04022222222222222,0.0013023207618790616,0.937338271604938,0.0014076412619052395,0.011303703703703705,0.00021922505004842594,0.011135802469135803,0.00023732975123815666,0.0,0.0,0.011135802469135803,0.00023732975123815666,0.9481308641975309,0.0005817434050852094,0.5388735682820741,0.00010765302288014905,0.35529375762152215,0.001619650395720548,0.0,0.0
novelty,16300,1.12,0.0,15743.76,5.875341761661744,1.04,2.0557335828564922e-17,0.03999877300613497,0.0012943197765059302,0.9376736196319019,0.0013986772771294766,0.011247852760736197,0.00021829550339757774,0.011079754601226992,0.0002365825891641011,0.0,0.0,0.011079754601226992,0.0002365825891641011,0.9484159509202453,0.0005787152825257728,0.5389320519999469,0.00010694720178836773,0.35460710547955315,0.0016216234395247,0.0,0.0
novelty,16400,1.12,0.0,15843.08,5.838915191389998,1.04,2.0557335828564922e-17,0.0397719512195122,0.0012857683552835743,0.9380036585365852,0.0013885867818969522,0.011198780487804878,0.00021550466312996938,0.011025609756097558,0.0002348926348171492,0.0,0.0,0.011025609756097558,0.0002348926348171492,0.948690243902439,0.0005761238434570055,0.5389872009857077,0.00010600787409721994,0.35401395619630355,0.0016254534891453093,0.0,0.0
novelty,16500,1.12,0.0,15942.64,5.84002795632112,1.04,2.0557335828564922e-17,0.039615757575757575,0.0012778758658451867,0.9382799999999999,0.0013814892793915083,0.011143030303030304,0.00021417337559951136,0.01096121212121212,0.00023339402787859767,0.0,0.0,0.01096121212121212,0.00023339402787859767,0.9489733333333333,0.0005732998613472563,0.5390394251271577,0.00010489808183611134,0.35347935161879035,0.001626311913284829,0.0,0.0
novelty,16600,1.12,0.0,16042.3,5.825156562667808,1.04,2.0557335828564922e-17,0.039386746987951804,0.0012706244674364187,0.9386253012048192,0.0013725367427761058,0.011087951807228913,0.00021215413284482007,0.0109,0.00023149204352352796,0.0,0.0,0.0109,0.00023149204352352796,0.9492542168674699,0.0005698163027509262,0.5390964180141096,0.00010450781174663979,0.3528948390948352,0.0016301122465162655,0.0,0.0
novelty,16700,1.12,0.0,16142.0,5.816233439999759,1.04,2.0557335828564922e-17,0.03916287425149701,0.0012625799382823806,0.9389664670658684,0.0013634832590358734,0.011029940119760478,0.00021065870417163497,0.010840718562874252,0.00022977202703584334,0.0,0.0,0.010840718562874252,0.00022977202703584334,0.9495353293413173,0.0005661578529997555,0.5391530886229856,0.00010371771586839307,0.3523145378216384,0.0016387038949055575,0.0,0.0
novelty,16800,1.12,0.0,16241.4,5.812442670333908,1.04,2.0557335828564922e-17,0.038946428571428576,0.0012543105024841893,0.9392892857142856,0.001353901096888696,0.010979761904761904,0.00020966159938273573,0.010784523809523812,0.00022894018126816927,0.0,0.0,0.010784523809523812,0.00022894018126816927,0.949807142857143,0.0005627107715932129,0.5392058270695217,0.00010311115648680753,0.35174403281834904,0.0016455273543952791,0.0,0.0
novelty,16900,1.12,0.0,16341.04,5.833188647379611,1.04,2.0557335828564922e-17,0.03876568047337278,0.00124717820834818,0.9395869822485206,0.0013481168508943223,0.010917159763313611,0.00020838698589135826,0.010730177514792898,0.0002273714040837257,0.0,0.0,0.010730177514792898,0.0002273714040837257,0.9500852071005917,0.0005603781287690099,0.5392603906299204,0.00010278585346009991,0.3511313043146511,0.0016585028744847234,0.0,0.0
novelty,17000,1.12,0.0,16440.58,5.831658146247419,1.04,2.0557335828564922e-17,0.03856941176470589,0.0012375049558048445,0.9398964705882353,0.0013368874364715054,0.010860000000000002,0.00020743125133592766,0.010674117647058825,0.000226106393994659,0.0,0.0,0.010674117647058825,0.000226106393994659,0.9503529411764705,0.0005556852550467446,0.5393139847384453,0.00010286132798029783,0.3504899184547594,0.0016766054883535241,0.0,0.0
novelty,17100,1.12,0.0,16540.12,5.8272855724477015,1.04,2.0557335828564922e-17,0.038350877192982455,0.0012298749518435878,0.9402233918128654,0.0013289287764449453,0.010808187134502925,0.00020689263116700505,0.010617543859649121,0.00022483970502033585,0.0,0.0,0.010617543859649121,0.00022483970502033585,0.9506128654970761,0.0005525145632922238,0.5393620932760151,0.00010220660769328984,0.34991489164626544,0.0016811850699383314,0.0,0.0
novelty,17200,1.12,0.0,16639.74,5.826807155951967,1.04,2.0557335828564922e-17,0.0381360465116279,0.001222607623483507,0.9405476744186047,0.0013206618279987768,0.01075,0.00020588794692850252,0.010566279069767441,0.00022427593085331212,0.0,0.0,0.010566279069767441,0.00022427593085331212,0.950879069767442,0.0005492178701309761,0.539414254776576,0.00010135954717289094,0.34929611037448394,0.0016890377635575943,0.0,0.0
novelty,17300,1.12,0.0,16739.32,5.840634575531836,1.04,2.0557335828564922e-17,0.03792254335260115,0.0012157940609313158,0.9408751445086705,0.0013129946243991058,0.01069364161849711,0.0002047694510911655,0.010508670520231215,0.00022293176609778983,0.0,0.0,0.010508670520231215,0.00022293176609778983,0.9511433526011559,0.0005453250562748695,0.5394647835647186,0.00010032091422757735,0.34876775682354805,0.001686073388595497,0.0,0.0
novelty,17400,1.12,0.0,16838.88,5.82083800685441,1.04,2.0557335828564922e-17,0.03778275862068965,0.0011980508583686541,0.9411206896551725,0.0012931357673131685,0.010640229885057473,0.00020314853919273105,0.010456321839080457,0.00022103788549579718,0.0,0.0,0.010456321839080457,0.00022103788549579718,0.9514011494252873,0.0005426522967076628,0.5395129573092154,9.91589610515761e-05,0.3482394130354988,0.001700343028808175,0.0,0.0
novelty,17500,1.12,0.0,16938.22,5.812392812266014,1.04,2.0557335828564922e-17,0.03757371428571428,0.0011919197175472367,0.9414262857142858,0.0012862238938223661,0.010590857142857141,0.00020198505105488865,0.01040914285714286,0.0002191976433050486,0.0,0.0,0.01040914285714286,0.0002191976433050486,0.9516457142857143,0.0005381740613251571,0.5395560489387862,9.781056550211814e-05,0.34772248749041845,0.0017122576446868517,0.0,0.0
novelty,17600,1.12,0.0,17037.8,5.8042208427864574,1.04,2.0557335828564922e-17,0.03737159090909091,0.001184962424404589,0.9417318181818183,0.0012793322681985476,0.010538636363636365,0.00020083498116859114,0.010357954545454543,0.0002179213063814647,0.0,0.0,0.010357954545454543,0.0002179213063814647,0.9518965909090908,0.0005363187508733687,0.5396076393029293,9.722317684006976e-05,0.3470743966778712,0.0017414258016050837,0.0,0.0
novelty,17700,1.12,0.0,17137.36,5.803711690612749,1.04,2.0557335828564922e-17,0.037193220338983056,0.0011726023803096555,0.9420112994350284,0.0012661449922631892,0.01048587570621469,0.00019924155316508867,0.010309604519774012,0.00021683430220288566,0.0,0.0,0.010309604519774012,0.00021683430220288566,0.9521446327683616,0.0005332229071524483,0.5396553483869955,9.677244696065039e-05,0.34648013259853977,0.0017723128496735336,0.0,0.0
novelty,17800,1.12,0.0,17236.9,5.798398793755786,1.04,2.0557335828564922e-17,0.03699101123595505,0.0011660221508262144,0.9423134831460673,0.0012593752466879143,0.010437078651685392,0.00019747934282079164,0.010258426966292134,0.0002159609521779792,0.0,0.0,0.010258426966292134,0.0002159609521779792,0.9523898876404493,0.000529938681252103,0.5397019146134816,9.64865152361845e-05,0.3459601087514358,0.0018095518496607243,0.0,0.0
novelty,17900,1.12,0.0,17336.38,5.811521982673906,1.04,2.0557335828564922e-17,0.03690614525139665,0.0011718576903084355,0.9424960893854748,0.001266097704285027,0.01038659217877095,0.0001963926472434944,0.01021117318435754,0.0002152065267511158,0.0,0.0,0.01021117318435754,0.0002152065267511158,0.9526245810055866,0.0005266644610523956,0.5397469397892539,9.587163523427228e-05,0.3453912423317004,0.001821406041690311,0.0,0.0
novelty,18000,1.12,0.0,17436.04,5.809630287861067,1.04,2.0557335828564922e-17,0.036789999999999996,0.001167932894543913,0.9427177777777779,0.001261609069878742,0.010333333333333335,0.0001954960226842519,0.010158888888888891,0.00021455016016542453,0.0,0.0,0.010158888888888891,0.00021455016016542453,0.9528744444444445,0.0005236479067651399,0.5397958409739921,9.487089107383709e-05,0.3447326316564175,0.0018179182221589323,0.0,0.0
novelty,18100,1.12,0.0,17535.58,5.839352074764906,1.04,2.0557335828564922e-17,0.03660220994475138,0.0011621600556728506,0.9430044198895027,0.0012562991277510862,0.010287292817679561,0.00019490235877565965,0.010106077348066298,0.00021399351572270867,0.0,0.0,0.010106077348066298,0.00021399351572270867,0.9531160220994476,0.0005215298570974476,0.5398435231796102,9.538634679360329e-05,0.34402656801471965,0.0018242098216235242,0.0,0.0
novelty,18200,1.12,0.0,17635.1,5.844742971950372,1.04,2.0557335828564922e-17,0.03641868131868132,0.0011548609789838163,0.9432802197802199,0.00124839331248048,0.010242857142857142,0.000193984551537164,0.010058241758241757,0.00021311032954521395,0.0,0.0,0.010058241758241757,0.00021311032954521395,0.9533461538461541,0.0005177613229392688,0.5398916994657519,9.537729223414315e-05,0.3432930574662171,0.0018241615577220443,0.0,0.0
novelty,18300,1.12,0.0,17734.58,5.85631283317413,1.04,2.0557335828564922e-17,0.03626229508196721,0.0011453743878623893,0.9435245901639344,0.0012378572331883228,0.010201092896174864,0.0001927560921350303,0.010012021857923497,0.00021250790747709083,0.0,0.0,0.010012021857923497,0.00021250790747709083,0.9535715846994535,0.0005152739548011914,0.5399397530220955,9.487841047817755e-05,0.34256169779373846,0.0018242963335306289,0.0,0.0
novelty,18400,1.12,0.0,17834.1,5.864611962388284,1.04,2.0557335828564922e-17,0.03609891304347826,0.0011399496438786528,0.943783695652174,0.001231196962244267,0.010151086956521737,0.00019194010125307465,0.009966304347826088,0.00021033862530235828,0.0,0.0,0.009966304347826088,0.00021033862530235828,0.9538010869565217,0.0005097932979432262,0.5399832920337095,9.455003393474996e-05,0.3419062312000824,0.001831671396891766,0.0,0.0
novelty,18500,1.12,0.0,17933.76,5.841411626988665,1.04,2.0557335828564922e-17,0.03596540540540541,0.0011289815715053175,0.9440172972972972,0.0012158839430893749,0.010101621621621622,0.00019079854458072586,0.009915675675675677,0.00020902640499212026,0.0,0.0,0.009915675675675677,0.00020902640499212026,0.9540324324324324,0.0005071707446700674,0.5400281988730946,9.376775137851957e-05,0.3412723948151667,0.0018453899451123515,0.0,0.0
novelty,18600,1.12,0.0,18033.18,5.840023063974584,1.04,2.0557335828564922e-17,0.035837634408602145,0.0011254298359884955,0.9442322580645162,0.001209425560790132,0.01005698924731183,0.00019014396724716283,0.009873118279569892,0.00020764481283070177,0.0,0.0,0.009873118279569892,0.00020764481283070177,0.9542526881720431,0.000506090778472633,0.5400718287300436,9.316734236164447e-05,0.34069709365732687,0.0018685235576467666,0.0,0.0
novelty,18700,1.12,0.0,18132.56,5.835161540530102,1.04,2.0557335828564922e-17,0.03566524064171123,0.001120020601564665,0.9444887700534759,0.0012036286848210117,0.010014973262032087,0.00018882221753620124,0.009831016042780747,0.00020636819386202448,0.0,0.0,0.009831016042780747,0.00020636819386202448,0.9544631016042779,0.0005033634488809994,0.5401133150272223,9.25451919028733e-05,0.34012437305453397,0.0018761867929277538,0.0,0.0
novelty,18800,1.12,0.0,18232.14,5.825700273226334,1.04,2.0557335828564922e-17,0.035542553191489364,0.0011287374312761857,0.9447010638297871,0.0012111230978619865,0.00997127659574468,0.00018728319382096208,0.009785106382978722,0.00020580201230765272,0.0,0.0,0.009785106382978722,0.00020580201230765272,0.9546808510638297,0.0005018236161559925,0.5401553568383495,9.175982955133377e-05,0.33955235132744166,0.0018817169592565504,0.0,0.0
novelty,18900,1.12,0.0,18331.6,5.81932038952302,1.04,2.0557335828564922e-17,0.03546666666666667,0.0011297397559689993,0.9448677248677249,0.001216327319725381,0.00992910052910053,0.0001847549879946199,0.009736507936507937,0.00020515097353994872,0.0,0.0,0.009736507936507937,0.00020515097353994872,0.9549005291005291,0.0004987491330578626,0.5401913270752281,9.084329178109982e-05,0.3390493837243181,0.0018896503971575227,0.0,0.0
novelty,19000,1.12,0.0,18430.9,5.821301488533999,1.04,2.0557335828564922e-17,0.035465263157894736,0.0011366882976671657,0.9449473684210525,0.0012306725023631649,0.00988842105263158,0.00018316653682835227,0.009698947368421052,0.0002034694827316258,0.0,0.0,0.009698947368421052,0.0002034694827316258,0.9551084210526315,0.0004957993253312534,0.5402311500205792,9.051107495491015e-05,0.3383824939312048,0.0019002738676400068,0.0,0.0
novelty,19100,1.12,0.0,18530.58,5.789440775221379,1.04,2.0557335828564922e-17,0.0354020942408377,0.0011340591170650107,0.9451015706806283,0.0012268020379380313,0.00983874345549738,0.0001824296989055367,0.009657591623036648,0.00020144101857222683,0.0,0.0,0.009657591623036648,0.00020144101857222683,0.955324607329843,0.0004923835400457457,0.5402742777382677,8.997770636345526e-05,0.33770110610404397,0.001911008393289271,0.0,0.0
novelty,19200,1.12,0.0,18630.2,5.791267176551612,1.04,2.0557335828564922e-17,0.035234375,0.0011280785169222722,0.9453562500000001,0.0012204289557471476,0.00979375,0.00018115052200122194,0.009615625,0.00019996417842823363,0.0,0.0,0.009615625,0.00019996417842823363,0.9555302083333334,0.0004902741769675304,0.5403170276051081,8.942542674067993e-05,0.33706559385995655,0.001923250022017626,0.0,0.0
novelty,19300,1.12,0.0,18729.7,5.797624425537743,1.04,2.0557335828564922e-17,0.03506735751295337,0.0011222723624820436,0.9456072538860104,0.0012138572046388805,0.009750259067357514,0.000179838983151052,0.009575129533678756,0.0001989892831922612,0.0,0.0,0.009575129533678756,0.0001989892831922612,0.9557284974093265,0.00048633102200469814,0.5403548073202782,8.815518680265502e-05,0.3364424814947244,0.0019419504489030686,0.0,0.0
novelty,19400,1.12,0.0,18829.32,5.80326720081728,1.04,2.0557335828564922e-17,0.03489587628865979,0.0011162285483743652,0.9458639175257733,0.0012067128379771282,0.009710309278350515,0.00017867056143328164,0.009529896907216494,0.0001975887142893853,0.0,0.0,0.009529896907216494,0.0001975887142893853,0.9559360824742268,0.00048313148339204566,0.5403973594424709,8.749954676371712e-05,0.33579040517935577,0.0019616574525700595,0.0,0.0
novelty,19500,1.12,0.0,18928.8,5.796409867058986,1.04,2.0557335828564922e-17,0.034721025641025645,0.0011109545639694984,0.9461169230769232,0.0011997880190427561,0.009670769230769231,0.0001774714652360882,0.009491282051282052,0.0001960844693871328,0.0,0.0,0.009491282051282052,0.0001960844693871328,0.9561353846153845,0.0004790150323875059,0.540439584741661,8.717428136190357e-05,0.3351941511718556,0.0019911348612763067,0.0,0.0
novelty,19600,1.12,0.0,19028.3,5.773214009544423,1.04,2.0557335828564922e-17,0.03455510204081633,0.0011044119292753917,0.9463642857142858,0.0011928205521811112,0.009628571428571429,0.00017659578259357698,0.00945204081632653,0.00019441282779246956,0.0,0.0,0.00945204081632653,0.00019441282779246956,0.9563357142857143,0.0004761806116468995,0.5404784216438056,8.672107501196844e-05,0.33462301054258037,0.002020333711176628,0.0,0.0
novelty,19700,1.12,0.0,19127.9,5.787971341057068,1.04,2.0557335828564922e-17,0.03439695431472081,0.001097685195527892,0.9466091370558375,0.001185846438460116,0.009585786802030457,0.00017564140398687657,0.009408121827411168,0.00019358792564618606,0.0,0.0,0.009408121827411168,0.00019358792564618606,0.956541116751269,0.000474101470824543,0.54051347406157,8.627366375752733e-05,0.33426999046907063,0.002045558084471449,0.0,0.0
novelty,19800,1.12,0.0,19227.18,5.811437701917255,1.04,2.0557335828564922e-17,0.03422828282828282,0.0010918916835829756,0.9468484848484848,0.0011818490147801407,0.009547474747474747,0.00017489487041203009,0.009375757575757575,0.00019358153440042635,0.0,0.0,0.009375757575757575,0.00019358153440042635,0.9567272727272728,0.0004722760974495757,0.5405489209503449,8.642207478679222e-05,0.33390980835824635,0.0020762837629144317,0.0,0.0
novelty,19900,1.12,0.0,19326.72,5.820305062486687,1.04,2.0557335828564922e-17,0.03409045226130653,0.0010845303709391973,0.9470683417085426,0.0011739412110653277,0.00950753768844221,0.00017433578448425603,0.009333668341708541,0.00019279088535298136,0.0,0.0,0.009333668341708541,0.00019279088535298136,0.9569216080402011,0.0004711291430856766,0.5405826244076417,8.651602624060468e-05,0.3335983597362017,0.0021091909262167933,0.0,0.0
novelty,20000,1.12,0.0,19426.14,5.800422926170898,1.04,2.0557335828564922e-17,0.033968000000000005,0.0010834551307775339,0.947267,0.0011711904026176431,0.009471,0.00017289899139234384,0.009294,0.00019185262200821903,0.0,0.0,0.009294,0.00019185262200821903,0.957111,0.000468389097800936,0.5406169577820161,8.615930258897064e-05,0.3332533271435174,0.002141642892814099,0.0,0.0
suffering,100,0.46349978238295064,0.015644941423967607,34.64,2.1471880044678464,0.3834997823829507,0.015644941423967607,0.16180000000000003,0.02601677637719985,0.6316,0.028006354963960353,0.0458,0.007114744678253373,0.16079999999999997,0.023770741748319637,0.0,0.0,0.16079999999999997,0.023770741748319637,0.16180000000000003,0.02601677637719985,0.42390546252109973,0.0037027812204757557,0.5517923713358066,0.014052152782861677,0.0,0.0
suffering,200,0.7409538914521897,0.015159028659901073,86.86,3.468694984855137,0.6609538914521896,0.015159028659901071,0.1194,0.01498001389607268,0.6402,0.016878896375567415,0.04190000000000001,0.004227919833966697,0.1985,0.017919462683271027,0.0,0.0,0.1985,0.017919462683271027,0.1194,0.01498001389607268,0.4337232261037178,0.001899406608173327,0.5006104211908542,0.010730733830134145,0.0,0.0
suffering,300,0.9188872094149727,0.014730268958307358,152.94,5.29800963782145,0.8388872094149726,0.014730268958307357,0.11466666666666667,0.011810675827066946,0.6386666666666667,0.019721875695591962,0.03933333333333333,0.004054056505484335,0.20733333333333337,0.017674302033770736,0.0,0.0,0.20733333333333337,0.017674302033770736,0.11586666666666667,0.011725724187006556,0.4465000879688369,0.0017962503562772337,0.4782725552528331,0.010940201000926934,0.0,0.0
suffering,400,1.043076092579513,0.011516821586687697,229.2,7.108890668072778,0.9630760925795131,0.011516821586687695,0.10025,0.01140583676215375,0.66775,0.02086817834280076,0.0347,0.003204461176012502,0.1973,0.01801471054217545,0.0,0.0,0.1973,0.01801471054217545,0.12530000000000002,0.012437115289917268,0.4552683785831053,0.0024254324472306084,0.4965044492752711,0.01258123192861368,0.0,0.0
suffering,500,1.103274302071178,0.004906266922546254,314.28,8.701116043828128,1.023274302071178,0.0049062669225462515,0.08596,0.009432118813189455,0.70652,0.019939402893645087,0.031639999999999995,0.002473493769664971,0.17588,0.0176120932478632,0.0,0.0,0.17588,0.0176120932478632,0.18176000000000003,0.014323451869901603,0.4640940441747283,0.003045760410332163,0.5127333192506148,0.01556585056608128,0.0,0.0
suffering,600,1.1170591123125932,0.0019046751318258592,401.12,10.540287724067234,1.0370591123125932,0.0019046751318258588,0.07713333333333333,0.008512367952765278,0.7339333333333333,0.019981667334796113,0.029433333333333332,0.00203239634929679,0.1595,0.01769271920664458,0.0,0.0,0.1595,0.01769271920664458,0.27336666666666665,0.01605987168249018,0.4709906010368099,0.003598548423168489,0.5232675020393427,0.01840403406586189,0.0,0.0
suffering,700,1.12,0.0,485.68,12.412351978277648,1.04,1.5539885205834494e-17,0.06848571428571427,0.007332685721028954,0.7528857142857142,0.019477407752180206,0.02788571428571428,0.001767040554109249,0.15074285714285715,0.017993716335761356,0.0,0.0,0.15074285714285715,0.017993716335761356,0.3447142857142857,0.016746747774306604,0.4749921093411529,0.003881734957405832,0.5347323051628039,0.019446764054974787,0.0,0.0
suffering,800,1.12,0.0,567.32,14.906359141559108,1.04,1.5539885205834494e-17,0.062475,0.00644031566123327,0.7640749999999998,0.01992821332243535,0.02665,0.0015342351680952984,0.14679999999999999,0.019000441724188563,0.0,0.0,0.14679999999999999,0.019000441724188563,0.397425,0.018204283318011973,0.4774604650431582,0.004169121830430021,0.545582728473893,0.02000960447981965,0.0,0.0
suffering,900,1.12,0.0,647.2,17.814440370505206,1.04,1.5539885205834494e-17,0.057555555555555554,0.00573584996358314,0.7709333333333334,0.02070881421382222,0.02557777777777778,0.0013923050956833635,0.14593333333333333,0.020318591486368387,0.0,0.0,0.14593333333333333,0.020318591486368387,0.43544444444444436,0.02008132244678851,0.4785840496254469,0.004387092330456101,0.5594209751311421,0.019441354469501827,0.0,0.0
suffering,1000,1.12,0.0,720.88,20.78528993184893,1.04,1.5539885205834494e-17,0.05316,0.005180840685070486,0.7712399999999999,0.02169613075633345,0.02484,0.0012458453404194671,0.15076,0.021575620406337506,0.0,0.0,0.15076,0.021575620406337506,0.45905999999999997,0.022048692126513898,0.4786017099092989,0.004537420621627719,0.5717381431640706,0.01899695088861074,0.0,0.0
suffering,1100,1.12,0.0,790.94,23.855952237185107,1.04,1.5539885205834494e-17,0.05018181818181819,0.004737323410068574,0.7673454545454546,0.022709794243807084,0.024018181818181817,0.0011111571737608208,0.15845454545454546,0.022748505851342072,0.0,0.0,0.15845454545454546,0.022748505851342072,0.4736363636363637,0.023754975688499613,0.477965365728404,0.004633039836045801,0.5825868552616007,0.018767823295808457,0.0,0.0
suffering,1200,1.12,0.0,854.74,27.00119135693604,1.04,1.5539885205834494e-17,0.04751666666666666,0.0043476666403278325,0.7595833333333334,0.023717133243650088,0.023333333333333334,0.001014911499330815,0.1695666666666667,0.023852380952380955,0.0,0.0,0.1695666666666667,0.023852380952380955,0.47964999999999997,0.02507317058570684,0.4767820710578554,0.004705591401912067,0.5919472173654714,0.01864251326135968,0.0,0.0
suffering,1300,1.12,0.0,911.1,29.932035258129005,1.04,1.5539885205834494e-17,0.04535384615384615,0.004007236540643684,0.7467076923076924,0.024484740040845228,0.022661538461538466,0.0009496972613936058,0.1852769230769231,0.024716511365197435,0.0,0.0,0.1852769230769231,0.024716511365197435,0.4797076923076923,0.025913456981793315,0.47559224132054984,0.004729400725237718,0.5991492587667121,0.018559963720132227,0.0,0.0
suffering,1400,1.12,0.0,954.22,32.58684209233875,1.04,1.5539885205834494e-17,0.0435,0.003710878118428202,0.7257999999999999,0.025016834315456742,0.022528571428571422,0.0008785495031514806,0.20817142857142856,0.025240535151693135,0.0,0.0,0.20817142857142856,0.025240535151693135,0.4708142857142857,0.026085057821787824,0.4740881150756438,0.004672402665385683,0.6041976531647127,0.018508651365188502,0.0,0.0
suffering,1500,1.12,0.0,990.4,34.84570069811851,1.04,1.5539885205834494e-17,0.04181333333333334,0.003466616430823873,0.7023199999999999,0.02509506453360059,0.022146666666666665,0.0008257291150423192,0.23372,0.02528369709467961,0.0,0.0,0.23372,0.02528369709467961,0.4596933333333333,0.025903257729438824,0.47285050315232446,0.004506763738886688,0.6071007028242396,0.018381467263750687,0.0,0.0
suffering,1600,1.12,0.0,1019.5,36.43692061183916,1.04,1.5539885205834494e-17,0.040299999999999996,0.003249962715641708,0.677025,0.02472938071218451,0.022075,0.0007815310718880794,0.2606,0.024941922079920305,0.0,0.0,0.2606,0.024941922079920305,0.4456374999999999,0.025144432846830638,0.4716592476756029,0.004330969936360352,0.6091384020742567,0.018234146750027318,0.0,0.0
suffering,1700,1.12,0.0,1042.44,37.104289426932176,1.04,1.5539885205834494e-17,0.039058823529411764,0.003082968698518601,0.6510352941176472,0.023934859459622523,0.02156470588235294,0.0007562296883698253,0.28834117647058827,0.024124191364614477,0.0,0.0,0.28834117647058827,0.024124191364614477,0.4304823529411765,0.023837252076120235,0.4706801592344955,0.004152258514747756,0.6097816804312517,0.018052621231989963,0.0,0.0
suffering,1800,1.12,0.0,1064.18,37.793776509594046,1.04,1.5539885205834494e-17,0.0379,0.0028921266523864735,0.6266777777777778,0.02314337692929901,0.021388888888888888,0.0007298567353388099,0.3140333333333334,0.023278441047164086,0.0,0.0,0.3140333333333334,0.023278441047164086,0.41672222222222216,0.022766167330174787,0.469954061687959,0.0039817509031888285,0.6096045322376458,0.017925592369527708,0.0,0.0
suffering,1900,1.12,0.0,1083.96,38.19967902418841,1.04,1.5539885205834494e-17,0.03683157894736842,0.002726970961673895,0.6035473684210526,0.02212931947632026,0.02112631578947368,0.0006936896055233389,0.3384947368421053,0.022256578978324996,0.0,0.0,0.3384947368421053,0.022256578978324996,0.4045473684210526,0.02179936553230265,0.4695014022643214,0.003785029996319437,0.6092715240896518,0.01771652660314964,0.0,0.0
suffering,2000,1.12,0.0,1102.2,38.334201705633085,1.04,1.5539885205834494e-17,0.03575,0.0025780173524217707,0.5821500000000001,0.021087254347552393,0.020909999999999995,0.0006816381827956075,0.36119,0.021209686321998045,0.0,0.0,0.36119,0.021209686321998045,0.39289,0.020787973809441865,0.469074956533689,0.003597678214619994,0.6089796860655479,0.01741522933022786,0.0,0.0
suffering,2100,1.12,0.0,1120.14,38.27637423385078,1.04,1.5539885205834494e-17,0.03487619047619048,0.002457301054866261,0.5624285714285714,0.020053398334586758,0.020914285714285715,0.0006773870795844496,0.3817809523809524,0.02015960109737297,0.0,0.0,0.3817809523809524,0.02015960109737297,0.38218095238095245,0.019775935352028717,0.46871594680746365,0.003423513976440362,0.608390240749414,0.017163558385065114,0.0,0.0
suffering,2200,1.12,0.0,1136.96,38.27823978210501,1.04,1.5539885205834494e-17,0.034009090909090905,0.002344495424552947,0.5440909090909092,0.019144156681118196,0.020645454545454543,0.0006589024745026517,0.4012545454545455,0.01924013837288754,0.0,0.0,0.4012545454545455,0.01924013837288754,0.3720272727272727,0.018894993540814038,0.46836397112362876,0.0032702400312517705,0.60772049321661,0.016997270991431123,0.0,0.0
suffering,2300,1.12,0.0,1154.66,38.289462609689046,1.04,1.5539885205834494e-17,0.03326086956521739,0.0022390335176,0.5277652173913043,0.018316061478868252,0.02050434782608696,0.0006396442049477715,0.4184695652173913,0.0183968622729925,0.0,0.0,0.4184695652173913,0.0183968622729925,0.36318260869565216,0.018070864454257478,0.46806805744449087,0.0031283611435272006,0.6071449243726635,0.01678644084024014,0.0,0.0
suffering,2400,1.12,0.0,1171.66,38.35014418726054,1.04,1.5539885205834494e-17,0.032558333333333335,0.002130686668722576,0.5124416666666667,0.017596055662750708,0.0203,0.0006090120619577065,0.4347000000000001,0.01767141525836457,0.0,0.0,0.4347000000000001,0.01767141525836457,0.35462499999999997,0.017309561677105366,0.4677457979942028,0.0029979986745283997,0.6067649706563852,0.01655734148622063,0.0,0.0
suffering,2500,1.12,0.0,1189.16,38.27126976984064,1.04,1.5539885205834494e-17,0.032032,0.002048261462901688,0.498368,0.016871656086526916,0.020071999999999996,0.0006099785208664051,0.449528,0.01694905187643852,0.0,0.0,0.449528,0.01694905187643852,0.346976,0.01659913805482879,0.4674899381425957,0.0028784921598455993,0.6063014506685753,0.016346642893817234,0.0,0.0
suffering,2600,1.12,0.0,1205.84,38.25055272376426,1.04,1.5539885205834494e-17,0.031446153846153846,0.0019761456301965598,0.4852230769230769,0.016217066578143893,0.019853846153846152,0.0005765713213370352,0.4634769230769231,0.01629198230285681,0.0,0.0,0.4634769230769231,0.01629198230285681,0.33962307692307697,0.015976667150867464,0.4672168221235684,0.002769420293596268,0.6059651354637349,0.016164369405949872,0.0,0.0
suffering,2700,1.12,0.0,1221.96,38.29641598832742,1.04,1.5539885205834494e-17,0.03080740740740741,0.0019000438333588747,0.47291851851851846,0.01562656520309154,0.01962962962962963,0.000574652866979279,0.4766444444444444,0.015706411046021492,0.0,0.0,0.4766444444444444,0.015706411046021492,0.3327111111111111,0.015386532460185568,0.46697295935287253,0.0026625027650674514,0.6055720666014907,0.015957716030098063,0.0,0.0
suffering,2800,1.12,0.0,1237.9,38.42632229212106,1.04,1.5539885205834494e-17,0.030285714285714284,0.0018331029855416833,0.46140000000000003,0.015110697463802442,0.019642857142857142,0.0005710640236584989,0.4886714285714286,0.015188065252497404,0.0,0.0,0.4886714285714286,0.015188065252497404,0.3263285714285714,0.014859669273869445,0.46674874362755453,0.0025700915122004314,0.6051142144778827,0.015786543133170506,0.0,0.0
suffering,2900,1.12,0.0,1254.68,38.42547454329681,1.04,1.5539885205834494e-17,0.02981379310344828,0.0017755927865089542,0.45093793103448276,0.014566238546531244,0.019613793103448275,0.000559814018058864,0.49963448275862066,0.0146659517752497,0.0,0.0,0.49963448275862066,0.0146659517752497,0.32066896551724133,0.01437208613630057,0.46658004630521804,0.0024834947658830017,0.6043906101797077,0.015597355349885262,0.0,0.0
suffering,3000,1.12,0.0,1270.3,38.41034352613783,1.04,1.5539885205834494e-17,0.02948666666666666,0.0017168290656953376,0.44066000000000005,0.014070114321028195,0.019473333333333332,0.000549259654262402,0.51038,0.014176957478810787,0.0,0.0,0.51038,0.014176957478810787,0.3148666666666667,0.013912492958397511,0.4663554098666671,0.0024023118036947525,0.6039534995306318,0.01545706207508553,0.0,0.0
suffering,3100,1.12,0.0,1285.8,38.44889531599585,1.04,1.5539885205834494e-17,0.029032258064516134,0.0016652722688133015,0.43112903225806454,0.013632648880708496,0.019290322580645163,0.0005331301332342699,0.5205483870967742,0.01373499579058429,0.0,0.0,0.5205483870967742,0.01373499579058429,0.30948387096774194,0.013438831007673646,0.4661657018711481,0.002323405988162016,0.603372672199664,0.015280645299706602,0.0,0.0
suffering,3200,1.12,0.0,1301.2,38.42930429465811,1.04,1.5539885205834494e-17,0.02871875,0.0015865056443135574,0.42211250000000006,0.013197266912284589,0.019231250000000002,0.0005304961638380987,0.5299375,0.013291437419386567,0.0,0.0,0.5299375,0.013291437419386567,0.30436250000000004,0.013025830891277656,0.46596295212032834,0.0022519237777024505,0.6030937620349963,0.015080104968108238,0.0,0.0
suffering,3300,1.12,0.0,1318.28,38.4173115739692,1.04,1.5539885205834494e-17,0.028339393939393935,0.0015503938434136971,0.4141939393939394,0.012794255987097328,0.019109090909090905,0.0005185713544879532,0.5383575757575758,0.012860355218384212,0.0,0.0,0.5383575757575758,0.012860355218384212,0.29993939393939395,0.012637510718540364,0.4657992169582527,0.0021847800769886454,0.6029491495555195,0.01487598286284819,0.0,0.0
suffering,3400,1.12,0.0,1334.52,38.446307537464584,1.04,1.5539885205834494e-17,0.02795294117647059,0.0015079985880443246,0.4065176470588236,0.012422434607441484,0.018947058823529414,0.000497226968867649,0.5465823529411764,0.012487083616915662,0.0,0.0,0.5465823529411764,0.012487083616915662,0.2956941176470588,0.012258202305495128,0.46565699416000383,0.002118123276493165,0.6024949156074048,0.014693935973083851,0.0,0.0
suffering,3500,1.12,0.0,1350.5,38.47327458305124,1.04,1.5539885205834494e-17,0.02762857142857143,0.0014653061224489795,0.3992057142857143,0.012083312872684186,0.018811428571428573,0.000496978626403632,0.5543542857142857,0.01215831582628854,0.0,0.0,0.5543542857142857,0.01215831582628854,0.2915371428571429,0.011919356654495223,0.4654959823644454,0.002057202528505629,0.6021226490429661,0.014539482924005373,0.0,0.0
suffering,3600,1.12,0.0,1366.38,38.44594286071001,1.04,1.5539885205834494e-17,0.027261111111111114,0.001414592318857779,0.3923277777777778,0.011738282756049647,0.0187,0.0004780677282922025,0.561711111111111,0.011808783365591049,0.0,0.0,0.561711111111111,0.011808783365591049,0.28761111111111115,0.011590812688310956,0.4653426884939562,0.0019990217950962945,0.6018288349808874,0.014365250756928632,0.0,0.0
suffering,3700,1.12,0.0,1382.38,38.44870306456303,1.04,1.5539885205834494e-17,0.02703243243243243,0.0013934852371393928,0.38571891891891885,0.011420584081436874,0.01862162162162162,0.00045835498800752666,0.5686270270270269,0.011496440552470365,0.0,0.0,0.5686270270270269,0.011496440552470365,0.2839945945945946,0.011260350942430712,0.46522082056781566,0.0019426364315301798,0.6011986692578987,0.014252912045822998,0.0,0.0
suffering,3800,1.12,0.0,1397.26,38.553358836176905,1.04,1.5539885205834494e-17,0.026657894736842103,0.0013501266159638232,0.3792999999999999,0.011146609846705822,0.0185,0.0004598929202609751,0.575542105263158,0.011226237232348595,0.0,0.0,0.575542105263158,0.011226237232348595,0.28018947368421054,0.010949436514562394,0.46506983838272253,0.0018882664400776245,0.600724106312795,0.014122446611289873,0.0,0.0
suffering,3900,1.12,0.0,1412.32,38.42547454329681,1.04,1.5539885205834494e-17,0.026323076923076925,0.0013184495115751878,0.37321538461538467,0.010839374886387698,0.01838974358974359,0.0004615989262097175,0.5820717948717948,0.01091170571848692,0.0,0.0,0.5820717948717948,0.01091170571848692,0.27660512820512817,0.010652023620575553,0.464924997624638,0.0018395341956431782,0.6003532687885013,0.013984679902733067,0.0,0.0
suffering,4000,1.12,0.0,1426.5,38.38991417291893,1.04,1.5539885205834494e-17,0.026039999999999997,0.0012881001672293683,0.36716,0.010569856929504963,0.018245,0.0004508206802202908,0.5885549999999999,0.010627504002658885,0.0,0.0,0.5885549999999999,0.010627504002658885,0.27299500000000004,0.010364178620102405,0.4647780766565527,0.0017939693177684997,0.5998913473351764,0.01387993238781015,0.0,0.0
suffering,4100,1.12,0.0,1441.28,38.40157352218255,1.04,1.5539885205834494e-17,0.02577560975609756,0.001263409829503232,0.3616048780487805,0.010315585290337975,0.01811707317073171,0.0004434290410274725,0.5945024390243903,0.010373028196725463,0.0,0.0,0.5945024390243903,0.010373028196725463,0.26974634146341464,0.010092697530026453,0.46465072614445957,0.0017477028622499607,0.5995303384518322,0.013775511031227176,0.0,0.0
suffering,4200,1.12,0.0,1456.44,38.416314136532336,1.04,1.5539885205834494e-17,0.025490476190476192,0.0012287041987607107,0.35641904761904764,0.01006960127426896,0.01804761904761905,0.00044201985699981517,0.6000428571428571,0.010132217896952015,0.0,0.0,0.6000428571428571,0.010132217896952015,0.26672380952380953,0.009854625106263872,0.4645345156397567,0.0017072602042744257,0.5992635947542384,0.01364565217225188,0.0,0.0
suffering,4300,1.12,0.0,1471.46,38.45102063346436,1.04,1.5539885205834494e-17,0.025227906976744183,0.001209288452331798,0.35140930232558143,0.009833447978884668,0.017906976744186048,0.0004409978340477107,0.6054558139534884,0.009906036863464994,0.0,0.0,0.6054558139534884,0.009906036863464994,0.2637906976744186,0.009656879271805608,0.46442147020991276,0.0016700562491337853,0.5988530126145056,0.013529940583503286,0.0,0.0
suffering,4400,1.12,0.0,1485.66,38.410336725248044,1.04,1.5539885205834494e-17,0.02492727272727272,0.0011796655148538513,0.34654545454545455,0.009610334766428275,0.017795454545454545,0.000432013431104966,0.6107318181818182,0.009689017352699957,0.0,0.0,0.6107318181818182,0.009689017352699957,0.2608909090909091,0.009422641421655947,0.4643068737737343,0.0016313621481788623,0.5984188003898381,0.013424744743158483,0.0,0.0
suffering,4500,1.12,0.0,1500.54,38.324460244877876,1.04,1.5539885205834494e-17,0.02466222222222222,0.0011684694418266747,0.3420133333333333,0.00938336317960371,0.017702222222222223,0.00042056531319838874,0.6156222222222223,0.009459263284186914,0.0,0.0,0.6156222222222223,0.009459263284186914,0.25823999999999997,0.00922757889399478,0.4642045081849252,0.0015973568395848373,0.5981021768937962,0.01330675449844876,0.0,0.0
suffering,4600,1.12,0.0,1514.94,38.233550924894885,1.04,1.5539885205834494e-17,0.024399999999999998,0.001145126022203729,0.3375956521739131,0.009164743942857056,0.017708695652173912,0.00040980658540894997,0.620295652173913,0.009234315797551549,0.0,0.0,0.620295652173913,0.009234315797551549,0.2555652173913044,0.009005542918021737,0.4640868692973518,0.0015606251836873851,0.5978094140721104,0.01319540492408812,0.0,0.0
suffering,4700,1.12,0.0,1528.8,38.234966366680965,1.04,1.5539885205834494e-17,0.024170212765957443,0.0011151826151075891,0.3331787234042553,0.008966036582214398,0.01765531914893617,0.00040077759987928275,0.6249957446808511,0.009037134572240282,0.0,0.0,0.6249957446808511,0.009037134572240282,0.25294893617021275,0.008827710620107655,0.4639884859567794,0.001528019651696023,0.5973582981750927,0.013094273169085839,0.0,0.0
suffering,4800,1.12,0.0,1543.24,38.337167557430874,1.04,1.5539885205834494e-17,0.02395,0.001085276906470796,0.32907916666666664,0.00879641094949546,0.017545833333333333,0.000392509315717691,0.6294249999999999,0.00886671142129772,0.0,0.0,0.6294249999999999,0.00886671142129772,0.250575,0.008679158400033946,0.46389874091392025,0.0015006794187557005,0.597044179867326,0.013014800055561394,0.0,0.0
suffering,4900,1.12,0.0,1557.64,38.3791797298313,1.04,1.5539885205834494e-17,0.023791836734693875,0.001068075950963736,0.3250448979591837,0.0086337139999662,0.01745714285714286,0.0003839644611501531,0.6337061224489795,0.008696247836395526,0.0,0.0,0.6337061224489795,0.008696247836395526,0.24819591836734692,0.008510557863717277,0.46380220215436657,0.001471712146401572,0.5967288928215951,0.012924446358865955,0.0,0.0
suffering,5000,1.12,0.0,1570.86,38.25794312616529,1.04,1.5539885205834494e-17,0.023607999999999997,0.001047242599030659,0.321004,0.008443582738943686,0.017352,0.000375475100400024,0.638036,0.008507453999347889,0.0,0.0,0.638036,0.008507453999347889,0.24569200000000002,0.008314808446994079,0.46369151982885876,0.0014409905111835866,0.596404686769025,0.01283539463180218,0.0,0.0
suffering,5100,1.12,0.0,1584.4,38.34365551649121,1.04,1.5539885205834494e-17,0.02343137254901961,0.0010325349447593399,0.31714509803921564,0.008293580128588862,0.017270588235294117,0.000365686891378015,0.6421529411764706,0.008355951209250914,0.0,0.0,0.6421529411764706,0.008355951209250914,0.2433294117647059,0.008167247771599707,0.46359304491797415,0.0014129114890900254,0.5961615081719361,0.012734069677593865,0.0,0.0
suffering,5200,1.12,0.0,1597.12,38.360137047274925,1.04,1.5539885205834494e-17,0.023211538461538454,0.001016472378911362,0.3133576923076923,0.008140771799979154,0.01719230769230769,0.00036413278078639314,0.6462384615384615,0.008196640535788918,0.0,0.0,0.6462384615384615,0.008196640535788918,0.24099230769230767,0.00801297168669534,0.46349077881062506,0.0013859114970148567,0.596010387040682,0.01264260409289199,0.0,0.0
suffering,5300,1.12,0.0,1611.34,38.34272524993283,1.04,1.5539885205834494e-17,0.023060377358490567,0.0009978186188919936,0.3099660377358491,0.007973340490154496,0.01709056603773585,0.00036046474233239473,0.6498830188679245,0.008035641954389185,0.0,0.0,0.6498830188679245,0.008035641954389185,0.2390301886792453,0.007889014081694507,0.4634148667997396,0.0013620616883510057,0.5957168930653399,0.01257579916462877,0.0,0.0
suffering,5400,1.12,0.0,1625.2,38.387168349300666,1.04,1.5539885205834494e-17,0.02285925925925926,0.0009804671094118885,0.3066925925925926,0.007835250011656546,0.017007407407407405,0.000345229884959845,0.6534407407407408,0.00788457451072279,0.0,0.0,0.6534407407407408,0.00788457451072279,0.237,0.007746608169491423,0.4633231047821915,0.0013371583054291147,0.5954820286906891,0.01247341516961095,0.0,0.0
suffering,5500,1.12,0.0,1639.34,38.47003190929325,1.04,1.5539885205834494e-17,0.022705454545454543,0.0009658935303777723,0.3035272727272727,0.007706969288339067,0.016916363636363632,0.00033404495916639174,0.6568509090909092,0.007757160038335387,0.0,0.0,0.6568509090909092,0.007757160038335387,0.23513090909090908,0.007619348992465363,0.4632504171865419,0.0013122759117843914,0.5952370379509084,0.012362454851992296,0.0,0.0
suffering,5600,1.12,0.0,1651.92,38.42367297510688,1.04,1.5539885205834494e-17,0.022478571428571428,0.0009485631080811094,0.3002571428571429,0.007561725657466279,0.016814285714285716,0.0003244256129567414,0.6604500000000002,0.0076138181609987695,0.0,0.0,0.6604500000000002,0.0076138181609987695,0.23305,0.007468207710399082,0.4631579558533751,0.0012879725848527043,0.5950312791809492,0.012275114772671465,0.0,0.0
suffering,5700,1.12,0.0,1664.9,38.45374905424087,1.04,1.5539885205834494e-17,0.022322807017543866,0.0009330791725419223,0.29715087719298244,0.007423473538183759,0.016764912280701753,0.00031734351278603443,0.6637614035087719,0.007481577317537843,0.0,0.0,0.6637614035087719,0.007481577317537843,0.23114035087719298,0.007351271964085736,0.46307289852615613,0.0012661761018189172,0.5947964939694923,0.012190132891685888,0.0,0.0
suffering,5800,1.12,0.0,1677.72,38.3999260203369,1.04,1.5539885205834494e-17,0.022165517241379308,0.0009171715327943418,0.29406551724137936,0.007283161005053592,0.01668275862068966,0.00031145941067504534,0.6670862068965517,0.007348160873508486,0.0,0.0,0.6670862068965517,0.007348160873508486,0.2292206896551724,0.007217038343859958,0.46299300499359136,0.0012433656088974602,0.5944900767503951,0.01211235435054615,0.0,0.0
suffering,5900,1.12,0.0,1690.82,38.4405790055992,1.04,1.5539885205834494e-17,0.021976271186440677,0.0008964805289517339,0.2912135593220339,0.007171810421191038,0.016555932203389828,0.0003050632222700919,0.6702542372881358,0.007226449346418959,0.0,0.0,0.6702542372881358,0.007226449346418959,0.22744406779661017,0.007094987689815914,0.4629195104393001,0.001222034435162001,0.5942184753992816,0.012015306462834384,0.0,0.0
suffering,6000,1.12,0.0,1703.06,38.45184011413843,1.04,1.5539885205834494e-17,0.021776666666666666,0.0008815391868025385,0.2883266666666666,0.007055434791046045,0.01644666666666667,0.00030291254360012034,0.67345,0.007105622394590953,0.0,0.0,0.67345,0.007105622394590953,0.22562333333333331,0.006967281504620425,0.4628441547333713,0.0012001999788584402,0.5939624932752369,0.011937960577943343,0.0,0.0
suffering,6100,1.12,0.0,1715.32,38.46363180237367,1.04,1.5539885205834494e-17,0.021609836065573772,0.00086584809161168,0.28547540983606556,0.00694069027163188,0.016340983606557377,0.0003026587571387373,0.6765737704918035,0.006987152700429361,0.0,0.0,0.6765737704918035,0.006987152700429361,0.2238360655737705,0.006853310570891125,0.4627744896814853,0.0011805188905719135,0.5935746704458498,0.011846368752736765,0.0,0.0
suffering,6200,1.12,0.0,1727.22,38.375048122019955,1.04,1.5539885205834494e-17,0.021467741935483873,0.0008503428047555934,0.28265806451612907,0.0068133235202614256,0.016280645161290325,0.0002974549966577007,0.6795935483870968,0.006859103332056179,0.0,0.0,0.6795935483870968,0.006859103332056179,0.2220774193548387,0.006732131618327429,0.4626992817592645,0.0011609529279020888,0.5932990353425331,0.011767905985400543,0.0,0.0
suffering,6300,1.12,0.0,1739.8,38.3940046340146,1.04,1.5539885205834494e-17,0.021311111111111107,0.0008365940802029194,0.2800761904761905,0.006707399035717402,0.01623174603174603,0.00029488259315996705,0.6823809523809524,0.006752965433840684,0.0,0.0,0.6823809523809524,0.006752965433840684,0.22040000000000004,0.006629925194417053,0.462620107815092,0.0011427090450062628,0.5929888933987576,0.011702593690292553,0.0,0.0
suffering,6400,1.12,0.0,1751.22,38.329200143930336,1.04,1.5539885205834494e-17,0.021137499999999997,0.0008223747462162769,0.27738124999999997,0.0065925190479784864,0.0161625,0.0002959979660713353,0.6853187500000001,0.006639342928459387,0.0,0.0,0.6853187500000001,0.006639342928459387,0.21864999999999998,0.006525198837282389,0.4625416824015727,0.0011250805484961943,0.5927891960837441,0.011625321078118185,0.0,0.0
suffering,6500,1.12,0.0,1763.28,38.23096341011178,1.04,1.5539885205834494e-17,0.020978461538461536,0.0008087763973799071,0.27489846153846154,0.006485471651558668,0.016046153846153845,0.00028878318017842885,0.688076923076923,0.006525886143115296,0.0,0.0,0.688076923076923,0.006525886143115296,0.2170215384615385,0.006411354436989184,0.46246126703667556,0.0011060981139373112,0.5926737271834834,0.011545572700144236,0.0,0.0
suffering,6600,1.12,0.0,1774.86,38.13681075672004,1.04,1.5539885205834494e-17,0.02081818181818182,0.0008012985843617847,0.27238181818181817,0.006371445925070887,0.01596969696969697,0.0002886507892323749,0.690830303030303,0.006412997649926861,0.0,0.0,0.690830303030303,0.006412997649926861,0.2154030303030303,0.006312717939878174,0.46238815457080384,0.0010902380536640887,0.592501934228915,0.011475463753091676,0.0,0.0
suffering,6700,1.12,0.0,1786.26,38.10381961677536,1.04,1.5539885205834494e-17,0.020656716417910448,0.0007890508724522756,0.26993432835820896,0.00627380836428295,0.01587462686567164,0.00028423894301107935,0.6935343283582089,0.006313273246734155,0.0,0.0,0.6935343283582089,0.006313273246734155,0.21380895522388063,0.006219869095411091,0.4623172704461911,0.0010740598603484453,0.5922535475208549,0.011407833229995137,0.0,0.0
suffering,6800,1.12,0.0,1796.84,38.00383825943084,1.04,1.5539885205834494e-17,0.02048529411764706,0.0007741732037628761,0.26744117647058824,0.0061636321150943495,0.01579705882352941,0.0002876568294370658,0.6962764705882352,0.00620017807626431,0.0,0.0,0.6962764705882352,0.00620017807626431,0.21211176470588236,0.006109649345588536,0.46223150447808514,0.0010569686111525712,0.5921007133032611,0.01132296205851732,0.0,0.0
suffering,6900,1.12,0.0,1808.18,37.932536139298456,1.04,1.5539885205834494e-17,0.02031014492753623,0.0007605646915290262,0.2651507246376812,0.006056747066183788,0.015727536231884057,0.00028391548255514405,0.6988115942028986,0.006102827157310958,0.0,0.0,0.6988115942028986,0.006102827157310958,0.21060869565217388,0.006011626660555252,0.4621646624300245,0.0010418038765214988,0.5918540388365995,0.011257144299374383,0.0,0.0
suffering,7000,1.12,0.0,1818.88,37.873491240912955,1.04,1.5539885205834494e-17,0.020168571428571428,0.0007523246217733719,0.26280571428571425,0.005959767597894061,0.015659999999999997,0.0002884386150504613,0.7013657142857143,0.006007391199284524,0.0,0.0,0.7013657142857143,0.006007391199284524,0.20902571428571423,0.005932236655493132,0.4620830461297844,0.0010274728561944079,0.5917363138428925,0.011182278275876265,0.0,0.0
suffering,7100,1.12,0.0,1829.7,37.89387167081349,1.04,1.5539885205834494e-17,0.020036619718309855,0.0007454646637816083,0.2605183098591549,0.005868201497683213,0.015526760563380282,0.000283454091878085,0.7039183098591549,0.00592373765366367,0.0,0.0,0.7039183098591549,0.00592373765366367,0.2075211267605634,0.005840935033883362,0.4620157641952074,0.0010130462327328591,0.591431867593156,0.011136386573919712,0.0,0.0
suffering,7200,1.12,0.0,1840.48,37.916936499002496,1.04,1.5539885205834494e-17,0.019913888888888887,0.0007305995261937125,0.2582861111111111,0.005786485308544515,0.015433333333333332,0.0002764890741292949,0.7063666666666667,0.005834100424673897,0.0,0.0,0.7063666666666667,0.005834100424673897,0.20606944444444444,0.005781529843655689,0.46194800564857497,0.0010004662239847814,0.5912887199975065,0.011076652060035002,0.0,0.0
suffering,7300,1.12,0.0,1850.68,37.94735816676484,1.04,1.5539885205834494e-17,0.01976986301369863,0.0007170062124085094,0.25605479452054797,0.005710287317847464,0.015386301369863013,0.0002780914874687666,0.7087890410958905,0.005756926607060759,0.0,0.0,0.7087890410958905,0.005756926607060759,0.2045342465753425,0.0057037664885827895,0.46187094610898183,0.0009863757658611994,0.5911437694011094,0.011013300479637243,0.0,0.0
suffering,7400,1.12,0.0,1861.5,37.854223607121554,1.04,1.5539885205834494e-17,0.01961081081081081,0.0007086771354435688,0.25401081081081084,0.005620805394942635,0.0152972972972973,0.0002708212805675704,0.711081081081081,0.005665141380939017,0.0,0.0,0.711081081081081,0.005665141380939017,0.20314324324324326,0.005630119232521853,0.46180150501114114,0.0009739664520411816,0.591009111146923,0.01096144064052976,0.0,0.0
suffering,7500,1.12,0.0,1872.0,37.94364241872412,1.04,1.5539885205834494e-17,0.019496,0.0007001060107611239,0.25193866666666664,0.005552395275649254,0.015237333333333334,0.00026219488692603965,0.7133280000000001,0.005600764392275198,0.0,0.0,0.7133280000000001,0.005600764392275198,0.20176000000000002,0.005564737699922094,0.461736357037992,0.0009608010098597854,0.5908593645274138,0.010891041756089695,0.0,0.0
suffering,7600,1.12,0.0,1882.5,37.977955474733186,1.04,1.5539885205834494e-17,0.019355263157894737,0.0006866050185274016,0.2499342105263158,0.005484493749528759,0.015173684210526317,0.00025556832279899995,0.7155368421052632,0.005532753960360929,0.0,0.0,0.7155368421052632,0.005532753960360929,0.2004,0.00550162115906925,0.4616683623629064,0.0009479017202059196,0.5907640404758439,0.010826273282474055,0.0,0.0
suffering,7700,1.12,0.0,1892.6,38.06363093557944,1.04,1.5539885205834494e-17,0.019246753246753245,0.0006756915556268667,0.24789090909090913,0.005420587135614782,0.015098701298701299,0.00025236848802002277,0.7177636363636363,0.005471957731531156,0.0,0.0,0.7177636363636363,0.005471957731531156,0.19904675324675325,0.0054317061370405895,0.461607644861155,0.0009351781165550088,0.5905069192141397,0.010783376148140747,0.0,0.0
suffering,7800,1.12,0.0,1902.22,37.96339042083699,1.04,1.5539885205834494e-17,0.019112820512820514,0.0006630222813243996,0.24587435897435894,0.005337369274054462,0.015000000000000003,0.0002521360130308135,0.7200128205128206,0.005388931078071471,0.0,0.0,0.7200128205128206,0.005388931078071471,0.1976717948717949,0.005352531260768402,0.4615413285739835,0.000923533624352278,0.590429533033521,0.010740674583220509,0.0,0.0
suffering,7900,1.12,0.0,1911.98,38.07668406502535,1.04,1.5539885205834494e-17,0.0189620253164557,0.000655828945388992,0.243946835443038,0.00527891766721748,0.01491645569620253,0.00025156716402820493,0.7221746835443039,0.0053307623742777765,0.0,0.0,0.7221746835443039,0.0053307623742777765,0.19630126582278482,0.005297530980081532,0.4614698482658602,0.0009128458050218945,0.5903495429917996,0.010677411400042369,0.0,0.0
suffering,8000,1.12,0.0,1921.74,38.0721528743752,1.04,1.5539885205834494e-17,0.018855,0.0006463531921322829,0.24204999999999996,0.00521496570908561,0.0148575,0.0002450793811425688,0.7242375,0.0052538400072164905,0.0,0.0,0.7242375,0.0052538400072164905,0.19499750000000002,0.005224896847434075,0.46140384240961574,0.0009012200989702166,0.5902290812430013,0.010628451293778141,0.0,0.0
suffering,8100,1.12,0.0,1931.0,38.00454323001987,1.04,1.5539885205834494e-17,0.018696296296296294,0.000639131246913746,0.2401777777777778,0.005141193799862703,0.014767901234567902,0.0002455971457522939,0.726358024691358,0.005180312111017634,0.0,0.0,0.726358024691358,0.005180312111017634,0.19367407407407405,0.005157308548599964,0.46133615643748854,0.0008911453447133502,0.5901347525174895,0.010596018425522446,0.0,0.0
suffering,8200,1.12,0.0,1940.24,37.94885451741163,1.04,1.5539885205834494e-17,0.0185609756097561,0.0006281061652540069,0.23832926829268294,0.005070784571604079,0.014707317073170731,0.0002452179555388558,0.7284024390243902,0.005107977394567226,0.0,0.0,0.7284024390243902,0.005107977394567226,0.1923560975609756,0.005087078707375846,0.46126544576750944,0.0008796881391811489,0.5900441515363188,0.010545486123628602,0.0,0.0
suffering,8300,1.12,0.0,1949.24,38.004398886101036,1.04,1.5539885205834494e-17,0.01843855421686747,0.0006215876240685189,0.23647951807228915,0.005012065085273494,0.014665060240963857,0.0002427287225220661,0.7304168674698797,0.005049203143116608,0.0,0.0,0.7304168674698797,0.005049203143116608,0.19104337349397593,0.005025563629734565,0.4611962664323016,0.0008703275737644675,0.5899799223902539,0.010503880102028603,0.0,0.0
suffering,8400,1.12,0.0,1958.22,38.11028346945807,1.04,1.5539885205834494e-17,0.01832619047619048,0.000612815399352948,0.23467380952380953,0.004964696517320413,0.0146,0.00024024202244587103,0.7323999999999999,0.005005545954735161,0.0,0.0,0.7323999999999999,0.005005545954735161,0.18978095238095238,0.004971117654639376,0.4611305015516089,0.0008597859436875979,0.5898530590328609,0.010465696893641687,0.0,0.0
suffering,8500,1.12,0.0,1967.3,38.125252759282574,1.04,1.5539885205834494e-17,0.018223529411764704,0.0006085542317232196,0.2329105882352941,0.00491316108710125,0.01451529411764706,0.00023574722279204658,0.7343505882352942,0.004956387140909465,0.0,0.0,0.7343505882352942,0.004956387140909465,0.1885741176470588,0.004916248375163052,0.46107112301700887,0.0008486357723629978,0.5896419542837951,0.010414309502418508,0.0,0.0
suffering,8600,1.12,0.0,1975.66,38.16893287393157,1.04,1.5539885205834494e-17,0.018086046511627908,0.0005997318230858343,0.23113953488372094,0.004860072242690424,0.014453488372093024,0.00023303818513439265,0.7363209302325581,0.004901265477887519,0.0,0.0,0.7363209302325581,0.004901265477887519,0.18729302325581398,0.004859335280603988,0.46100182479028395,0.0008382594694757304,0.58957915442865,0.010362401096799673,0.0,0.0
suffering,8700,1.12,0.0,1984.34,38.24294636843212,1.04,1.5539885205834494e-17,0.01797471264367816,0.0005922074708684388,0.22942068965517243,0.004813433854032321,0.014383908045977011,0.00023187061822450998,0.7382206896551723,0.004849083910525243,0.0,0.0,0.7382206896551723,0.004849083910525243,0.18609655172413792,0.004804618981351735,0.4609415867429997,0.0008278732302039565,0.5894785072162375,0.010321795954697066,0.0,0.0
suffering,8800,1.12,0.0,1993.26,38.15367219601301,1.04,1.5539885205834494e-17,0.017877272727272728,0.0005836524599124742,0.22775454545454546,0.004748978549927068,0.014306818181818181,0.0002291492567125504,0.7400613636363639,0.004779037936313956,0.0,0.0,0.7400613636363639,0.004779037936313956,0.1849295454545454,0.0047395023523200365,0.4608806986503259,0.0008188178548107516,0.589368891614345,0.010290663191773413,0.0,0.0
suffering,8900,1.12,0.0,2001.66,38.10578840811566,1.04,1.5539885205834494e-17,0.017757303370786515,0.0005769741904952143,0.22611011235955059,0.0046884998254807615,0.014238202247191013,0.00022722836608820188,0.741894382022472,0.004719912368440299,0.0,0.0,0.741894382022472,0.004719912368440299,0.18376404494382026,0.004676889701503343,0.4608236848937322,0.0008083641826006961,0.5890919104253067,0.01026471000550664,0.0,0.0
suffering,9000,1.12,0.0,2010.16,38.17576279926995,1.04,1.5539885205834494e-17,0.017644444444444445,0.0005689806473618503,0.22448666666666664,0.004645905541097472,0.01419111111111111,0.0002283076078881339,0.7436777777777778,0.0046745277165332905,0.0,0.0,0.7436777777777778,0.0046745277165332905,0.18261111111111114,0.004630008540805456,0.4607655079427322,0.0007984472800717326,0.588887700082201,0.010221775547623003,0.0,0.0
suffering,9100,1.12,0.0,2018.68,38.181536728355695,1.04,1.5539885205834494e-17,0.017545054945054945,0.000559121968711781,0.2228857142857143,0.004596339147007423,0.014109890109890109,0.00022788379669229578,0.7454593406593406,0.004624451457910381,0.0,0.0,0.7454593406593406,0.004624451457910381,0.1814703296703297,0.004583059291855498,0.46070591885285267,0.0007899125031698058,0.5888157756723069,0.010181793264952511,0.0,0.0
suffering,9200,1.12,0.0,2025.66,38.25968848886914,1.04,1.5539885205834494e-17,0.017430434782608698,0.0005531853601353772,0.22118695652173914,0.004553271479056812,0.014043478260869567,0.00022687818003514135,0.7473391304347825,0.004582029759921417,0.0,0.0,0.7473391304347825,0.004582029759921417,0.1802282608695652,0.004535382557014004,0.46064123445531957,0.0007807159140252964,0.5886524971529331,0.010151489844333866,0.0,0.0
suffering,9300,1.12,0.0,2033.7,38.329039984357145,1.04,1.5539885205834494e-17,0.017344086021505375,0.00054652512771154,0.21962150537634406,0.004513745089046787,0.01396344086021505,0.00022414427363184124,0.7490709677419355,0.004541701904474535,0.0,0.0,0.7490709677419355,0.004541701904474535,0.17910967741935488,0.004487612865868591,0.46057974134027313,0.0007719509056599721,0.5885849306447889,0.0101289478122147,0.0,0.0
suffering,9400,1.12,0.0,2042.36,38.316339137474486,1.04,1.5539885205834494e-17,0.017251063829787236,0.0005420941754922249,0.2181446808510638,0.004462439996128084,0.013904255319148935,0.00021962984050382872,0.7506999999999999,0.004492910264375442,0.0,0.0,0.7506999999999999,0.004492910264375442,0.17806170212765957,0.004438131603539804,0.4605251628099463,0.0007651343277743977,0.5884735827356454,0.01010781221820709,0.0,0.0
suffering,9500,1.12,0.0,2049.92,38.40081674301488,1.04,1.5539885205834494e-17,0.017153684210526318,0.0005349746166556186,0.21658947368421053,0.004421422929610205,0.013842105263157895,0.00021721386796317798,0.7524147368421054,0.004449400609817807,0.0,0.0,0.7524147368421054,0.004449400609817807,0.17694315789473689,0.0043966108265496295,0.46046741020228077,0.0007582680060051771,0.5883752515254562,0.010079596292927992,0.0,0.0
suffering,9600,1.12,0.0,2057.34,38.39063034073787,1.04,1.5539885205834494e-17,0.017033333333333334,0.000527039890253449,0.21508958333333333,0.004375238908685814,0.013766666666666665,0.000217879910337778,0.7541104166666667,0.004401185213313312,0.0,0.0,0.7541104166666667,0.004401185213313312,0.17584166666666667,0.004346689092373601,0.4604093758447217,0.0007495857252475442,0.588233147024937,0.010040178691638094,0.0,0.0
suffering,9700,1.12,0.0,2064.46,38.3492778315848,1.04,1.5539885205834494e-17,0.01692577319587629,0.000520586288430538,0.21356907216494847,0.004325960650560812,0.013676288659793813,0.0002152561922924817,0.7558288659793814,0.004351471811350803,0.0,0.0,0.7558288659793814,0.004351471811350803,0.1747237113402062,0.004302485734957785,0.4603494648240798,0.0007427358938670356,0.58818355854267,0.010015075589727031,0.0,0.0
suffering,9800,1.12,0.0,2071.26,38.3372553923779,1.04,1.5539885205834494e-17,0.016810204081632654,0.0005136477701095142,0.2120551020408163,0.004278795917245963,0.013628571428571429,0.00021088533899175552,0.7575061224489795,0.004306394996615522,0.0,0.0,0.7575061224489795,0.004306394996615522,0.17358571428571432,0.004256169367855108,0.46028485105794187,0.0007351562983383569,0.5881286076173556,0.009999272274178201,0.0,0.0
suffering,9900,1.12,0.0,2078.28,38.2927716309968,1.04,1.5539885205834494e-17,0.016698989898989897,0.0005096181005961201,0.21059393939393936,0.0042314212135605815,0.013569696969696971,0.00020908309144212152,0.7591373737373739,0.004260258584435154,0.0,0.0,0.7591373737373739,0.004260258584435154,0.17248888888888886,0.004210641378869599,0.4602233149364108,0.0007279902370615714,0.5880312166931944,0.009975091569326744,0.0,0.0
suffering,10000,1.12,0.0,2085.72,38.235415146544064,1.04,1.5539885205834494e-17,0.016602,0.0005049913315077391,0.20917200000000002,0.004181613827708344,0.013484000000000001,0.00020566189809133483,0.7607419999999999,0.004212479118824284,0.0,0.0,0.7607419999999999,0.004212479118824284,0.17146399999999995,0.004162849063625849,0.4601717069231634,0.0007205781457454869,0.5878919922533299,0.009941787252000721,0.0,0.0
suffering,10100,1.12,0.0,2092.62,38.117336459615196,1.04,1.5539885205834494e-17,0.016483168316831685,0.0005006052365807548,0.20775643564356433,0.004131023918873229,0.013423762376237623,0.00020571217728896182,0.7623366336633662,0.004160679271237262,0.0,0.0,0.7623366336633662,0.004160679271237262,0.17040396039603958,0.0041115573692955204,0.4601152939026513,0.0007130198433177366,0.5877553602013359,0.009894151724117175,0.0,0.0
suffering,10200,1.12,0.0,2099.1,38.07059232531063,1.04,1.5539885205834494e-17,0.016380392156862746,0.0004936162398145427,0.20633529411764706,0.004087891391498309,0.013354901960784316,0.00020494728490792597,0.7639294117647059,0.004116491996762111,0.0,0.0,0.7639294117647059,0.004116491996762111,0.16933921568627447,0.004069503427591681,0.4600561065001856,0.0007060290974819707,0.5877486618141938,0.009873245010242065,0.0,0.0
suffering,10300,1.12,0.0,2105.68,38.0900376926641,1.04,1.5539885205834494e-17,0.016283495145631068,0.0004871382114694388,0.20492815533980582,0.004051355894599924,0.01327378640776699,0.00020209791099544077,0.7655145631067961,0.0040779057740757225,0.0,0.0,0.7655145631067961,0.0040779057740757225,0.168273786407767,0.004030577407366871,0.45999508434787084,0.0006993007393674933,0.5876883102763459,0.009852273114160068,0.0,0.0
suffering,10400,1.12,0.0,2111.5,38.004384816835575,1.04,1.5539885205834494e-17,0.016173076923076922,0.0004819216956208334,0.20349038461538463,0.004004446012472078,0.013217307692307693,0.00020149202701858683,0.7671192307692308,0.00403182620029172,0.0,0.0,0.7671192307692308,0.00403182620029172,0.16718076923076922,0.003979983693036458,0.4599350239447121,0.0006922064699745796,0.587597813577301,0.009828012549825202,0.0,0.0
suffering,10500,1.12,0.0,2118.42,38.02722000389313,1.04,1.5539885205834494e-17,0.01609904761904762,0.0004758635223529433,0.20215809523809522,0.003967429625035337,0.013144761904761906,0.00019902097366074212,0.7685980952380952,0.003996566660170219,0.0,0.0,0.7685980952380952,0.003996566660170219,0.16621333333333332,0.00394737989360465,0.4598814162641134,0.0006863005878287101,0.5875436852068515,0.009804838815056583,0.0,0.0
suffering,10600,1.12,0.0,2124.32,38.01030408095324,1.04,1.5539885205834494e-17,0.01601320754716981,0.000469527620855985,0.20076603773584906,0.003927765392847226,0.01309245283018868,0.00019942977100755784,0.7701283018867925,0.003957984706980757,0.0,0.0,0.7701283018867925,0.003957984706980757,0.16518490566037738,0.003909702305460058,0.45982352259018966,0.0006798908382951082,0.5875480508334736,0.00978467874379031,0.0,0.0
suffering,10700,1.12,0.0,2130.42,38.00729349984912,1.04,1.5539885205834494e-17,0.015902803738317758,0.0004661772758798812,0.1994355140186916,0.003891140973175203,0.013007476635514017,0.00019796973430427883,0.7716542056074768,0.003919350422436645,0.0,0.0,0.7716542056074768,0.003919350422436645,0.1641588785046729,0.003873243376894754,0.45976533683380505,0.0006729652901432572,0.5874793514293966,0.009749539742419116,0.0,0.0
suffering,10800,1.12,0.0,2136.0,38.04200685708216,1.04,1.5539885205834494e-17,0.01581111111111111,0.00046263450177406833,0.1980685185185185,0.003858631354670322,0.012935185185185187,0.00019555705151859151,0.7731851851851852,0.0038858543752340498,0.0,0.0,0.7731851851851852,0.0038858543752340498,0.16313333333333332,0.0038395534886043105,0.4597094995588544,0.0006665736546703966,0.5874327993445784,0.00972112290096676,0.0,0.0
suffering,10900,1.12,0.0,2141.08,38.0785315271651,1.04,1.5539885205834494e-17,0.01572293577981651,0.00045585997502408786,0.19667706422018352,0.003826008678208603,0.012877064220183487,0.00019518517757926838,0.7747229357798165,0.003851813871044537,0.0,0.0,0.7747229357798165,0.003851813871044537,0.1620788990825688,0.0038108130140676474,0.4596504453830344,0.0006605588621450401,0.5874018745565193,0.009695404505815956,0.0,0.0
suffering,11000,1.12,0.0,2147.36,38.129636660172025,1.04,1.5539885205834494e-17,0.015634545454545453,0.0004530996672739057,0.19542,0.0037940663387314704,0.012794545454545453,0.00019230973077788787,0.7761509090909091,0.003822993354942946,0.0,0.0,0.7761509090909091,0.003822993354942946,0.16113454545454545,0.0037817265223657535,0.45959796841676726,0.0006552805708680018,0.5873441443389938,0.009687270248292742,0.0,0.0
suffering,11100,1.12,0.0,2153.16,38.14281819152639,1.04,1.5539885205834494e-17,0.01552792792792793,0.00045050016272843923,0.19415675675675675,0.00375753774735484,0.012729729729729728,0.00019108827183900835,0.7775855855855854,0.0037915617096829653,0.0,0.0,0.7775855855855854,0.0037915617096829653,0.16016396396396396,0.003746925329098946,0.45954380669735373,0.0006488549655965352,0.587301126604407,0.009655502418145582,0.0,0.0
suffering,11200,1.12,0.0,2157.98,38.15653569608398,1.04,1.5539885205834494e-17,0.015439285714285716,0.0004468426650924672,0.1928160714285714,0.0037264691151714284,0.012666071428571426,0.00018796381616972957,0.7790785714285714,0.003758614498004073,0.0,0.0,0.7790785714285714,0.003758614498004073,0.1591339285714286,0.0037153738121534713,0.45948559636426856,0.0006429101334526008,0.5872585046169578,0.009630196845802276,0.0,0.0
suffering,11300,1.12,0.0,2162.74,38.15590798665016,1.04,1.5539885205834494e-17,0.015330973451327435,0.0004436434710899298,0.19151327433628318,0.003692696982208501,0.012614159292035399,0.00018587441750740844,0.7805415929203541,0.0037237992105994227,0.0,0.0,0.7805415929203541,0.0037237992105994227,0.15811681415929205,0.0036867667869174905,0.45942747602666484,0.0006378634848774218,0.5872316592125699,0.009615705102700045,0.0,0.0
suffering,11400,1.12,0.0,2168.04,38.207574417347445,1.04,1.5539885205834494e-17,0.015247368421052634,0.00043940269620257403,0.19026491228070175,0.003665667356205341,0.012557894736842106,0.00018678591174934743,0.7819298245614036,0.0036968624932526574,0.0,0.0,0.7819298245614036,0.0036968624932526574,0.15716491228070179,0.0036518152230983866,0.45937254923568926,0.00063174158079103,0.5872224119107585,0.009590791774859149,0.0,0.0
suffering,11500,1.12,0.0,2173.04,38.26792721145509,1.04,1.5539885205834494e-17,0.015156521739130433,0.00043714884059171174,0.18901391304347825,0.0036366226646330313,0.012490434782608693,0.00018551804168530028,0.7833391304347826,0.0036700050620131776,0.0,0.0,0.7833391304347826,0.0036700050620131776,0.15619478260869565,0.0036252836570500667,0.45931682368863663,0.0006268533385385759,0.5871882818915042,0.00958396760471711,0.0,0.0
suffering,11600,1.12,0.0,2177.66,38.28756509385686,1.04,1.5539885205834494e-17,0.01506551724137931,0.00043466842541684236,0.18776379310344826,0.0036072043783131145,0.012420689655172411,0.0001852675239344064,0.7847500000000001,0.0036395326260292636,0.0,0.0,0.7847500000000001,0.0036395326260292636,0.15522758620689658,0.0035947596680485014,0.4592622067951273,0.0006214784538465368,0.5871149304953932,0.009572811176217458,0.0,0.0
suffering,11700,1.12,0.0,2182.86,38.326353804117176,1.04,1.5539885205834494e-17,0.014976068376068376,0.00043024514119410805,0.18658290598290597,0.003578803101872306,0.012338461538461538,0.00018326020301530398,0.786102564102564,0.0036094299594783986,0.0,0.0,0.786102564102564,0.0036094299594783986,0.15432307692307692,0.0035721388438286995,0.4592122156257843,0.0006166597200807775,0.5870348890017507,0.009556422302142997,0.0,0.0
suffering,11800,1.12,0.0,2188.1,38.257070841711794,1.04,1.5539885205834494e-17,0.01488813559322034,0.0004274718112960364,0.18542372881355934,0.0035443095634533563,0.01226271186440678,0.00018200519333833485,0.7874254237288136,0.003572631545255262,0.0,0.0,0.7874254237288136,0.003572631545255262,0.15343389830508475,0.0035375801837069583,0.4591626934733636,0.0006111149923708019,0.5869701079768018,0.009529103490895863,0.0,0.0
suffering,11900,1.12,0.0,2192.72,38.279104333453624,1.04,1.5539885205834494e-17,0.014801680672268907,0.00042379508100045334,0.18423361344537814,0.003520188592377443,0.012188235294117646,0.00018150625318383022,0.7887764705882354,0.0035437070420708434,0.0,0.0,0.7887764705882354,0.0035437070420708434,0.1525142857142857,0.0035140627444876166,0.4591107455693292,0.0006064993285588116,0.5869026614693421,0.009500653731064419,0.0,0.0
suffering,12000,1.12,0.0,2197.6,38.30416399808037,1.04,1.5539885205834494e-17,0.01472,0.00041972186017563706,0.18307833333333334,0.0034924435841125067,0.012126666666666668,0.00017963555950969951,0.790075,0.003516040542964947,0.0,0.0,0.790075,0.003516040542964947,0.15163333333333331,0.003484124995479781,0.4590620941458099,0.0006013086979535216,0.5868671754236091,0.009476656735174838,0.0,0.0
suffering,12100,1.12,0.0,2201.92,38.295956412538125,1.04,1.5539885205834494e-17,0.014639669421487604,0.00041967644360827296,0.1818925619834711,0.003465391624742464,0.012054545454545455,0.00017603792761681036,0.7914132231404959,0.003487440434751453,0.0,0.0,0.7914132231404959,0.003487440434751453,0.15071900826446283,0.0034522804784059445,0.45901093523298253,0.0005963763582564434,0.586785534764648,0.00946577401731215,0.0,0.0
suffering,12200,1.12,0.0,2206.52,38.31289269865662,1.04,1.5539885205834494e-17,0.014545901639344262,0.0004153738277102329,0.18076065573770492,0.0034398043552475934,0.012,0.0001741230004256778,0.7926934426229509,0.0034583757626072405,0.0,0.0,0.7926934426229509,0.0034583757626072405,0.14982295081967212,0.0034224739422391856,0.45895889693665715,0.0005915065094840711,0.5867669172015165,0.009451941176138585,0.0,0.0
suffering,12300,1.12,0.0,2210.06,38.33419542360985,1.04,1.5539885205834494e-17,0.014458536585365854,0.0004104823417054665,0.17956097560975606,0.0034117996879345683,0.011934959349593497,0.00017148458838830895,0.7940455284552845,0.0034297323259913992,0.0,0.0,0.7940455284552845,0.0034297323259913992,0.14887804878048783,0.0033949506551313904,0.45890355577688985,0.0005871493226089356,0.5867430266684334,0.009441500962735546,0.0,0.0
suffering,12400,1.12,0.0,2214.22,38.35366347613767,1.04,1.5539885205834494e-17,0.014372580645161288,0.0004092784053655904,0.17843548387096775,0.003385829255922416,0.01187258064516129,0.00016999690195837206,0.7953193548387096,0.003405364668637919,0.0,0.0,0.7953193548387096,0.003405364668637919,0.14798870967741934,0.0033667705805332177,0.45885245273320757,0.0005825267085962194,0.5866944693840896,0.009424869242182563,0.0,0.0
suffering,12500,1.12,0.0,2217.82,38.37288253813771,1.04,1.5539885205834494e-17,0.01428,0.0004050763596445208,0.17728480000000002,0.003360409234553654,0.011801599999999999,0.00016954762379548075,0.7966335999999999,0.0033789891709123383,0.0,0.0,0.7966335999999999,0.0033789891709123383,0.14706879999999997,0.003343595921294611,0.4587985953540293,0.0005778817602088412,0.5866392697001783,0.009407496259517497,0.0,0.0
suffering,12600,1.12,0.0,2221.48,38.38272613176561,1.04,1.5539885205834494e-17,0.014188888888888886,0.0004017081523795549,0.17615079365079367,0.003333969003204574,0.011738095238095238,0.00016772766086734701,0.7979222222222222,0.0033534760082517216,0.0,0.0,0.7979222222222222,0.0033534760082517216,0.14615714285714287,0.0033196923362159296,0.45874446501462274,0.0005737160091659208,0.586648564409101,0.009401879907417289,0.0,0.0
suffering,12700,1.12,0.0,2225.0,38.47157445200711,1.04,1.5539885205834494e-17,0.01409763779527559,0.000398479498897007,0.1750314960629921,0.0033136732995833608,0.011656692913385827,0.00016574733489860619,0.7992141732283464,0.0033342490725347834,0.0,0.0,0.7992141732283464,0.0033342490725347834,0.1452740157480315,0.0032968548361037007,0.458696085249997,0.0005691132869752283,0.5865246124997006,0.00938667824006545,0.0,0.0
suffering,12800,1.12,0.0,2228.74,38.464516486905545,1.04,1.5539885205834494e-17,0.014031250000000002,0.00039676300042677,0.1739296875,0.003288401955703347,0.011603124999999999,0.00016665364532466727,0.8004359375,0.0033074852313930733,0.0,0.0,0.8004359375,0.0033074852313930733,0.1444203125,0.003274635042868561,0.4586476883022517,0.0005652094415463229,0.5864260543934813,0.009382144576565849,0.0,0.0
suffering,12900,1.12,0.0,2232.0,38.43165149632128,1.04,1.5539885205834494e-17,0.013945736434108527,0.000393196382678287,0.17282325581395352,0.0032638423326097126,0.011531782945736434,0.0001651141622579562,0.8016992248062016,0.0032807684855167087,0.0,0.0,0.8016992248062016,0.0032807684855167087,0.14353333333333335,0.0032469100947397586,0.4585946600296784,0.0005608633143615362,0.5864002967830948,0.009366692555641971,0.0,0.0
suffering,13000,1.12,0.0,2235.12,38.40363120586279,1.04,1.5539885205834494e-17,0.013867692307692308,0.00038925949720554587,0.17171076923076922,0.0032383014238302043,0.011467692307692307,0.00016377446268777077,0.802953846153846,0.0032511735129715693,0.0,0.0,0.802953846153846,0.0032511735129715693,0.14265846153846154,0.003220356367459662,0.4585450424471899,0.0005568538432462783,0.5863663842538119,0.009357469692197244,0.0,0.0
suffering,13100,1.12,0.0,2237.88,38.38491030047497,1.04,1.5539885205834494e-17,0.013777099236641221,0.00038567924404612656,0.17060763358778627,0.003210787435008286,0.011390839694656487,0.0001615327015713963,0.8042244274809159,0.0032239177750182325,0.0,0.0,0.8042244274809159,0.0032239177750182325,0.14176030534351144,0.003193875294583695,0.45849144754679183,0.0005528321343461726,0.5863481756805893,0.009351002087977796,0.0,0.0
suffering,13200,1.12,0.0,2240.46,38.379631183688026,1.04,1.5539885205834494e-17,0.013693939393939392,0.00038393875696168106,0.16949696969696973,0.0031872636207458437,0.011327272727272727,0.00016093535744768039,0.8054818181818182,0.0031986133581840413,0.0,0.0,0.8054818181818182,0.0031986133581840413,0.14087121212121212,0.0031686827624155863,0.4584407159013152,0.000548619597292026,0.586290593099625,0.00934152535307357,0.0,0.0
suffering,13300,1.12,0.0,2242.88,38.37091415462009,1.04,1.5539885205834494e-17,0.01360451127819549,0.000381420295510973,0.16839699248120302,0.0031628788130633294,0.011261654135338348,0.00015888594813370717,0.8067368421052632,0.003174673561033297,0.0,0.0,0.8067368421052632,0.003174673561033297,0.13997593984962406,0.0031442278919023097,0.45838696768447024,0.0005448510765121209,0.5862712126236351,0.0093373633356939,0.0,0.0
suffering,13400,1.12,0.0,2245.24,38.39707216729432,1.04,1.5539885205834494e-17,0.013523880597014924,0.00037854913622752405,0.1673044776119403,0.0031388264143112094,0.011189552238805968,0.00015847841121780106,0.8079820895522388,0.003152761860212651,0.0,0.0,0.8079820895522388,0.003152761860212651,0.1390940298507463,0.00312316158388556,0.45833524675649145,0.0005406020202757579,0.5862247665678086,0.00932625401892022,0.0,0.0
suffering,13500,1.12,0.0,2247.74,38.37027771915259,1.04,1.5539885205834494e-17,0.013448888888888889,0.000375577365969687,0.1662340740740741,0.0031120549696634164,0.011122962962962963,0.00015690463478141686,0.8091940740740741,0.0031264600962887822,0.0,0.0,0.8091940740740741,0.0031264600962887822,0.13824148148148147,0.0030987074555491236,0.4582851997068221,0.0005365714396988105,0.5862348662054976,0.009309562488564484,0.0,0.0
suffering,13600,1.12,0.0,2249.78,38.382365104568635,1.04,1.5539885205834494e-17,0.013361764705882353,0.00037307541106354117,0.16515441176470588,0.0030908496979711033,0.011055882352941176,0.00015567156012041093,0.8104279411764708,0.0031048378177929007,0.0,0.0,0.8104279411764708,0.0031048378177929007,0.13736176470588235,0.003076446400644945,0.4582333162008237,0.0005326472428390273,0.5862268312854685,0.009299819913315929,0.0,0.0
suffering,13700,1.12,0.0,2251.58,38.425109668824945,1.04,1.5539885205834494e-17,0.013277372262773724,0.0003699657196342828,0.16407153284671533,0.0030700693659784723,0.010986861313868612,0.00015442941138742552,0.8116642335766422,0.003084456636914539,0.0,0.0,0.8116642335766422,0.003084456636914539,0.1364846715328467,0.003057071402234839,0.4581825382352238,0.0005290085652429072,0.5861676429129846,0.009296984495339293,0.0,0.0
suffering,13800,1.12,0.0,2253.36,38.43941174771284,1.04,1.5539885205834494e-17,0.013191304347826087,0.00036781375948375506,0.1630086956521739,0.0030494091870908627,0.010923188405797101,0.00015320645177035235,0.812876811594203,0.003064209648189924,0.0,0.0,0.812876811594203,0.003064209648189924,0.13562028985507246,0.0030342815089640152,0.4581322805903029,0.0005251297716799194,0.5861195931140841,0.009288719883208786,0.0,0.0
suffering,13900,1.12,0.0,2255.18,38.38290106124798,1.04,1.5539885205834494e-17,0.01310503597122302,0.000365851933843609,0.16196402877697844,0.003023458842439543,0.01086043165467626,0.00015171695248628788,0.8140705035971223,0.003037021815673953,0.0,0.0,0.8140705035971223,0.003037021815673953,0.13476834532374102,0.003008382658313939,0.45808226864475043,0.000521376949292771,0.5860931672442844,0.009284323475653966,0.0,0.0
suffering,14000,1.12,0.0,2256.9,38.37704724313793,1.04,1.5539885205834494e-17,0.01302857142857143,0.0003627547432473325,0.16091571428571427,0.003001132432385821,0.010794285714285716,0.00015089128511955633,0.8152614285714286,0.0030147489799171845,0.0,0.0,0.8152614285714286,0.0030147489799171845,0.13392285714285715,0.0029861723810556255,0.45803340932419523,0.000517526910667944,0.5860520434877129,0.009271895667179004,0.0,0.0
suffering,14100,1.12,0.0,2258.74,38.41550292923577,1.04,1.5539885205834494e-17,0.01294326241134752,0.0003599097374034198,0.1599049645390071,0.002983265847032675,0.010734751773049644,0.00014943860004868587,0.8164170212765957,0.002995662222490909,0.0,0.0,0.8164170212765957,0.002995662222490909,0.13310070921985814,0.0029660642857524066,0.4579855071156739,0.0005133141847109015,0.5859912333959404,0.009261257227331832,0.0,0.0
suffering,14200,1.12,0.0,2260.18,38.407872173526606,1.04,1.5539885205834494e-17,0.012861971830985917,0.0003571117395121119,0.1588774647887324,0.0029613259455898242,0.010666197183098594,0.0001483923541111075,0.817594366197183,0.0029728983777930736,0.0,0.0,0.817594366197183,0.0029728983777930736,0.1322591549295775,0.002944013919060345,0.4579357657965221,0.0005097912849531512,0.5859801884171703,0.009257726482484926,0.0,0.0
suffering,14300,1.12,0.0,2261.92,38.404802420785764,1.04,1.5539885205834494e-17,0.012786013986013988,0.00035446582671586123,0.15787552447552447,0.002941259745620691,0.0106,0.0001469732496973876,0.8187384615384614,0.002952093733322494,0.0,0.0,0.8187384615384614,0.002952093733322494,0.13144615384615385,0.0029242890205965896,0.4578875947457516,0.0005063862735119065,0.5859710345693885,0.009256535385161257,0.0,0.0
suffering,14400,1.12,0.0,2263.52,38.42147826199214,1.04,1.5539885205834494e-17,0.012708333333333332,0.0003520190208362131,0.15688194444444445,0.002921785979450373,0.010533333333333334,0.00014557922467713712,0.8198763888888887,0.0029329546619308315,0.0,0.0,0.8198763888888887,0.0029329546619308315,0.1306375,0.002903386439512552,0.4578404789682231,0.0005026876523092338,0.5859294103954342,0.009246486321138581,0.0,0.0
suffering,14500,1.12,0.0,2265.06,38.43928061082246,1.04,1.5539885205834494e-17,0.012628965517241377,0.00034963927914165673,0.15590206896551723,0.002903743686924607,0.010473103448275865,0.00014467684256402915,0.8209958620689655,0.0029144783290830545,0.0,0.0,0.8209958620689655,0.0029144783290830545,0.12984,0.0028820389351790487,0.457793494520947,0.0004988090948737065,0.5859339598024467,0.009237764193053694,0.0,0.0
suffering,14600,1.12,0.0,2266.58,38.49075256023271,1.04,1.5539885205834494e-17,0.012550684931506849,0.00034731021416555284,0.15493424657534247,0.0028872412454077133,0.010406849315068491,0.00014359792386875177,0.8221082191780822,0.0028987079870828798,0.0,0.0,0.8221082191780822,0.0028987079870828798,0.12904383561643834,0.0028642186195533812,0.457745594129938,0.0004953973440825581,0.5859355503070038,0.009234016558058465,0.0,0.0
suffering,14700,1.12,0.0,2267.98,38.499864722794406,1.04,1.5539885205834494e-17,0.01247891156462585,0.000345634633633063,0.15396462585034013,0.002867850492226671,0.01034421768707483,0.00014272697903803142,0.8232122448979592,0.002879975465994755,0.0,0.0,0.8232122448979592,0.002879975465994755,0.12825986394557823,0.0028436922438978217,0.45769989492402446,0.0004918172718110142,0.5859136908256136,0.009232197659296873,0.0,0.0
suffering,14800,1.12,0.0,2269.72,38.54765447217408,1.04,1.5539885205834494e-17,0.012402702702702701,0.00034389040449966376,0.15303918918918918,0.0028506019841706316,0.010289189189189188,0.00014088749654693816,0.8242689189189188,0.0028628612619768863,0.0,0.0,0.8242689189189188,0.0028628612619768863,0.1275027027027027,0.002827478900269798,0.4576552389448353,0.0004887403681565789,0.5858708556471037,0.009226625852690186,0.0,0.0
suffering,14900,1.12,0.0,2271.52,38.565166052450245,1.04,1.5539885205834494e-17,0.012326174496644296,0.00034188610962014696,0.1521302013422819,0.0028324775293538,0.010228187919463087,0.00013934897257161392,0.8253154362416107,0.0028447406928166132,0.0,0.0,0.8253154362416107,0.0028447406928166132,0.12675838926174496,0.0028097678091979646,0.4576113299877102,0.0004853458754009628,0.5858496332041749,0.00921658060520218,0.0,0.0
suffering,15000,1.12,0.0,2273.0,38.57113227399422,1.04,1.5539885205834494e-17,0.012250666666666667,0.0003402789838471846,0.15121333333333337,0.0028140889464690795,0.010171999999999999,0.00013844736714501923,0.826364,0.0028260275301042336,0.0,0.0,0.826364,0.0028260275301042336,0.12600266666666668,0.0027912893078289105,0.4575659839842407,0.000481976410770337,0.5858419322004669,0.009209573531718866,0.0,0.0
suffering,15100,1.12,0.0,2274.86,38.61245447800912,1.04,1.5539885205834494e-17,0.012181456953642384,0.0003386543001456603,0.15032847682119205,0.0027967810128785185,0.010117880794701987,0.00013733772372244066,0.8273721854304636,0.0028091430257424902,0.0,0.0,0.8273721854304636,0.0028091430257424902,0.12528344370860928,0.002773915654741121,0.4575227073555946,0.0004787946346904579,0.5858624725106993,0.009207032825827815,0.0,0.0
suffering,15200,1.12,0.0,2276.38,38.620750370541394,1.04,1.5539885205834494e-17,0.012110526315789474,0.00033620269434053637,0.1494355263157895,0.002778935626633153,0.01006578947368421,0.00013701189582061596,0.828388157894737,0.0027923261323708542,0.0,0.0,0.828388157894737,0.0027923261323708542,0.12455263157894736,0.0027573560643076116,0.45747929232993356,0.0004757275760678259,0.5858411972732595,0.009202334120400934,0.0,0.0
suffering,15300,1.12,0.0,2277.7,38.613598640893336,1.04,1.5539885205834494e-17,0.012044444444444444,0.000334501897057232,0.14853986928104576,0.0027597060519906594,0.010011764705882354,0.00013626605692010612,0.8294039215686275,0.002774068965958778,0.0,0.0,0.8294039215686275,0.002774068965958778,0.12382091503267974,0.0027383576807130648,0.4574357813182982,0.00047244088952024123,0.5858398845711799,0.009195211290287502,0.0,0.0
suffering,15400,1.12,0.0,2279.24,38.59383010856761,1.04,1.5539885205834494e-17,0.011974025974025975,0.000332635004533593,0.1476714285714286,0.0027405844340314756,0.009959740259740259,0.00013533289592695299,0.8303948051948052,0.0027556472290301837,0.0,0.0,0.8303948051948052,0.0027556472290301837,0.12311038961038961,0.0027201111593293547,0.45739411946630115,0.0004696037525181067,0.5857976711374848,0.009188576468765544,0.0,0.0
suffering,15500,1.12,0.0,2280.72,38.60507569462538,1.04,1.5539885205834494e-17,0.011907096774193549,0.0003298671976250075,0.14680774193548388,0.0027236064698942693,0.009912258064516129,0.00013440758744405216,0.8313729032258066,0.0027383144831572377,0.0,0.0,0.8313729032258066,0.0027383144831572377,0.12240903225806452,0.0027043363204025993,0.4573531679910365,0.00046672837814242733,0.5857608755780487,0.00918457219774818,0.0,0.0
suffering,15600,1.12,0.0,2282.2,38.562104693174454,1.04,1.5539885205834494e-17,0.011844871794871793,0.00032899957200288425,0.14595128205128205,0.0027036083632648723,0.009855128205128206,0.00013431053668493394,0.8323487179487179,0.0027185884094624536,0.0,0.0,0.8323487179487179,0.0027185884094624536,0.12171282051282051,0.0026844194574991687,0.45731207483491476,0.0004635670453522152,0.5857460485391921,0.009178469130606177,0.0,0.0
suffering,15700,1.12,0.0,2283.78,38.55190288852848,1.04,1.5539885205834494e-17,0.011771974522292991,0.00032676926572667865,0.1451235668789809,0.0026861073257930853,0.009802547770700637,0.00013190046841098137,0.8333019108280254,0.0027004869369149573,0.0,0.0,0.8333019108280254,0.0027004869369149573,0.12103566878980893,0.002667295027423748,0.4572724015925635,0.0004604593064434042,0.5857209832166643,0.00917107501177797,0.0,0.0
suffering,15800,1.12,0.0,2285.14,38.57756575513593,1.04,1.5539885205834494e-17,0.01170886075949367,0.00032518067784402977,0.14428354430379747,0.0026700151007515885,0.009750632911392406,0.0001307053892286672,0.8342569620253164,0.0026853263252102247,0.0,0.0,0.8342569620253164,0.0026853263252102247,0.12035696202531647,0.002650192527475764,0.45723362211981394,0.00045743743168562897,0.5856650755987585,0.009166588807264479,0.0,0.0
suffering,15900,1.12,0.0,2286.68,38.5685653963781,1.04,1.5539885205834494e-17,0.011642767295597484,0.00032362299464026184,0.1434666666666667,0.0026532969115314383,0.00970314465408805,0.00012940550812799533,0.8351874213836479,0.0026686210607559154,0.0,0.0,0.8351874213836479,0.0026686210607559154,0.11969056603773584,0.002633462779302444,0.4571946310666284,0.0004546238217967799,0.5856198330100888,0.009162161083539257,0.0,0.0
suffering,16000,1.12,0.0,2288.1,38.55883656895031,1.04,1.5539885205834494e-17,0.011584999999999998,0.00032152657236174723,0.14264624999999997,0.002636428359765057,0.009649999999999999,0.00012847218391860677,0.83611875,0.002650744294061577,0.0,0.0,0.83611875,0.002650744294061577,0.11903000000000001,0.0026171775087381628,0.4571567441589305,0.0004518057802370644,0.5855551198628122,0.00915801363223377,0.0,0.0
suffering,16100,1.12,0.0,2290.02,38.51726874840342,1.04,1.5539885205834494e-17,0.011530434782608692,0.0003199382759066471,0.14186708074534163,0.0026176839100597988,0.009601242236024845,0.00012769999401829777,0.8370012422360249,0.002632155850708109,0.0,0.0,0.8370012422360249,0.002632155850708109,0.1184037267080745,0.002599047311670977,0.4571203160944573,0.0004489665730903074,0.5855148978505444,0.009155450636919945,0.0,0.0
suffering,16200,1.12,0.0,2291.52,38.539523735976786,1.04,1.5539885205834494e-17,0.011469135802469136,0.00031805255359483754,0.14107654320987653,0.0026030336970702234,0.009551851851851851,0.00012682247696524338,0.8379024691358026,0.0026178374094530696,0.0,0.0,0.8379024691358026,0.0026178374094530696,0.11775802469135803,0.002583212247237705,0.45708184162797943,0.00044607798607477616,0.5855180570983453,0.009145502654652934,0.0,0.0
suffering,16300,1.12,0.0,2293.2,38.53738179895421,1.04,1.5539885205834494e-17,0.011409815950920246,0.00031592868673298286,0.14030552147239264,0.0025867769385141707,0.009500613496932516,0.00012636334900679275,0.8387840490797547,0.002600991157740867,0.0,0.0,0.8387840490797547,0.002600991157740867,0.11712883435582823,0.0025666866095946654,0.4570442952839974,0.0004432384301299813,0.585516106515808,0.009139352977289145,0.0,0.0
suffering,16400,1.12,0.0,2294.86,38.5440009361154,1.04,1.5539885205834494e-17,0.011342682926829268,0.0003139249553822105,0.13955365853658536,0.0025711579321804692,0.009458536585365855,0.00012717340453820644,0.8396451219512194,0.002585060423415365,0.0,0.0,0.8396451219512194,0.002585060423415365,0.11650853658536585,0.0025516153161538107,0.45700747285471655,0.0004405774943213429,0.5855045260359172,0.009134281981972721,0.0,0.0
suffering,16500,1.12,0.0,2296.28,38.554144698973516,1.04,1.5539885205834494e-17,0.011282424242424243,0.00031227630925046286,0.1387890909090909,0.0025560978358132405,0.00941090909090909,0.0001263124832507591,0.8405175757575756,0.002570485176837147,0.0,0.0,0.8405175757575756,0.002570485176837147,0.11588363636363637,0.002536943003617125,0.4569707688424554,0.0004378968188594314,0.5854771465998705,0.009132236275838325,0.0,0.0
suffering,16600,1.12,0.0,2297.84,38.578648636418635,1.04,1.5539885205834494e-17,0.01122168674698795,0.0003108656735729491,0.138044578313253,0.0025422725079798664,0.009367469879518071,0.00012529423010226282,0.841366265060241,0.0025572667837374967,0.0,0.0,0.841366265060241,0.0025572667837374967,0.11527590361445783,0.0025234430660658756,0.45693465314584886,0.0004350894576564143,0.5854830096677803,0.009122932486390267,0.0,0.0
suffering,16700,1.12,0.0,2299.44,38.58215893071695,1.04,1.5539885205834494e-17,0.011165269461077843,0.000308554734959284,0.13730538922155686,0.0025272576812720824,0.009316167664670659,0.00012475342861849903,0.8422131736526945,0.002541499801736712,0.0,0.0,0.8422131736526945,0.002541499801736712,0.11467544910179642,0.0025094734834962894,0.4568995463524783,0.00043267725290532875,0.5854638519016344,0.009112714730223029,0.0,0.0
suffering,16800,1.12,0.0,2301.14,38.55066118176211,1.04,1.5539885205834494e-17,0.011109523809523809,0.0003063055008258575,0.13658214285714285,0.002510284211660974,0.009270238095238095,0.00012433368617955758,0.8430380952380954,0.002525553699893431,0.0,0.0,0.8430380952380954,0.002525553699893431,0.1140904761904762,0.002491718338905645,0.45686549879505245,0.00042994765274900054,0.5854373400326041,0.00910235003252526,0.0,0.0
suffering,16900,1.12,0.0,2302.82,38.56085241245984,1.04,1.5539885205834494e-17,0.011050887573964498,0.0003044357779612538,0.13587573964497043,0.002495500989691515,0.009222485207100591,0.00012455626321421033,0.8438508875739644,0.0025113050192553214,0.0,0.0,0.8438508875739644,0.0025113050192553214,0.11351597633136094,0.002477106013605616,0.4568310870185395,0.00042743301220562503,0.5854390021643607,0.009093850330278866,0.0,0.0
suffering,17000,1.12,0.0,2304.18,38.59834711487009,1.04,1.5539885205834494e-17,0.010992941176470587,0.00030268734922682926,0.1351505882352941,0.002483435504118073,0.00917529411764706,0.00012377201353272615,0.8446811764705884,0.002499654712402735,0.0,0.0,0.8446811764705884,0.002499654712402735,0.11292705882352942,0.002463200845828892,0.456797055470137,0.0004247930571664892,0.5853865005318023,0.009089288653903821,0.0,0.0
suffering,17100,1.12,0.0,2305.7,38.60038331204412,1.04,1.5539885205834494e-17,0.010930994152046784,0.00030066294052983017,0.1344514619883041,0.002468270977775212,0.009132163742690057,0.00012378189881633283,0.8454853801169591,0.002484684583567423,0.0,0.0,0.8454853801169591,0.002484684583567423,0.11235087719298247,0.0024493469893850273,0.45676307371926966,0.0004222616906023292,0.5853597972553701,0.009084191729168549,0.0,0.0
suffering,17200,1.12,0.0,2307.36,38.6121875652161,1.04,1.5539885205834494e-17,0.010881395348837208,0.00029894960757829325,0.1337593023255814,0.0024543635480596317,0.009082558139534885,0.0001230390272349937,0.8462767441860464,0.0024706542239547684,0.0,0.0,0.8462767441860464,0.0024706542239547684,0.11178953488372093,0.002435388903268705,0.456729370744932,0.0004198101307497288,0.5853604368083501,0.009076108513876963,0.0,0.0
suffering,17300,1.12,0.0,2308.88,38.60812688054796,1.04,1.5539885205834494e-17,0.010821965317919076,0.00029693204368518006,0.13307167630057803,0.0024397630910510545,0.009039306358381502,0.00012234565528633097,0.8470670520231214,0.002455024513047503,0.0,0.0,0.8470670520231214,0.002455024513047503,0.11122427745664738,0.0024207444901826504,0.45669585323629497,0.0004173487380939717,0.5853666673758342,0.009071686596698453,0.0,0.0
suffering,17400,1.12,0.0,2310.62,38.6353638364583,1.04,1.5539885205834494e-17,0.010771264367816091,0.0002954391716240352,0.13239655172413797,0.0024259083211260633,0.009002298850574714,0.00012167432285273497,0.8478298850574713,0.002442318606683531,0.0,0.0,0.8478298850574713,0.002442318606683531,0.11068045977011495,0.0024092729142894003,0.4566644402466208,0.0004150793094504088,0.5853474907956807,0.009065227386466175,0.0,0.0
suffering,17500,1.12,0.0,2312.3,38.66298393205848,1.04,1.5539885205834494e-17,0.01072,0.0002937187779715679,0.13173142857142855,0.0024128813000774043,0.008960000000000001,0.00012014152420888313,0.8485885714285715,0.002429768595341016,0.0,0.0,0.8485885714285715,0.002429768595341016,0.1101382857142857,0.002397017216290627,0.4566320379231427,0.000412697180642254,0.5853492590140319,0.00906040746024639,0.0,0.0
suffering,17600,1.12,0.0,2314.32,38.63550698515551,1.04,1.5539885205834494e-17,0.010671590909090908,0.0002921071706264468,0.1310875,0.00239781905165113,0.008919318181818181,0.00012046384341192705,0.8493215909090908,0.002414187236670724,0.0,0.0,0.8493215909090908,0.002414187236670724,0.10962045454545455,0.0023833769851687924,0.45660208408752,0.0004102747718589382,0.585304937522389,0.00905084159878095,0.0,0.0
suffering,17700,1.12,0.0,2316.16,38.62655700580171,1.04,1.5539885205834494e-17,0.010616949152542372,0.00029046200584720755,0.13044858757062147,0.002383209780611579,0.008873446327683616,0.00011916080582532725,0.8500610169491526,0.002398836183044203,0.0,0.0,0.8500610169491526,0.002398836183044203,0.10909943502824858,0.0023695333125000146,0.4565722908855332,0.000408191155871826,0.5852559735258175,0.009046692028716082,0.0,0.0
suffering,17800,1.12,0.0,2317.68,38.62657898496361,1.04,1.5539885205834494e-17,0.010559550561797753,0.0002886344182573259,0.12980337078651688,0.0023699747080759936,0.008837078651685391,0.00011786828455695498,0.8508,0.0023866006935250703,0.0,0.0,0.8508,0.0023866006935250703,0.10856629213483143,0.0023567176188539116,0.4565402888836207,0.0004059075191032153,0.5852741725995432,0.009041687324751711,0.0,0.0
suffering,17900,1.12,0.0,2319.3,38.65372437635558,1.04,1.5539885205834494e-17,0.010511731843575418,0.00028736968441539994,0.12916871508379887,0.0023592685448390847,0.008795530726256984,0.00011695858291978582,0.8515240223463685,0.002375472514065013,0.0,0.0,0.8515240223463685,0.002375472514065013,0.1080491620111732,0.002344630114158904,0.4565091120294141,0.0004035162744337612,0.5852873228139941,0.009032358336461016,0.0,0.0
suffering,18000,1.12,0.0,2320.74,38.705658606504365,1.04,1.5539885205834494e-17,0.010462222222222223,0.0002862712384614801,0.12852444444444444,0.0023479475177229482,0.00874888888888889,0.00011621215861530029,0.8522644444444445,0.0023648873683653885,0.0,0.0,0.8522644444444445,0.0023648873683653885,0.10752444444444445,0.002333595255788425,0.45647792121071346,0.00040128643182990733,0.5852804647537561,0.009028902877206018,0.0,0.0
suffering,18100,1.12,0.0,2322.6,38.708149223729755,1.04,1.5539885205834494e-17,0.010413259668508288,0.00028417188229485827,0.12791160220994474,0.002334405953988248,0.008702762430939226,0.00011560243889783233,0.8529723756906076,0.0023521540562300635,0.0,0.0,0.8529723756906076,0.0023521540562300635,0.1070254143646409,0.002320398691669571,0.45644825551016843,0.0003989851342488589,0.5852784403911131,0.009025035236185988,0.0,0.0
suffering,18200,1.12,0.0,2324.34,38.67409205034253,1.04,1.5539885205834494e-17,0.010363736263736262,0.00028294015248665815,0.1273,0.002319112808990789,0.008659340659340658,0.0001147930670928223,0.8536769230769231,0.002336825176524956,0.0,0.0,0.8536769230769231,0.002336825176524956,0.10653076923076926,0.002308094887940212,0.4564197639920561,0.00039698269543257485,0.5852253152466753,0.009023338127714371,0.0,0.0
suffering,18300,1.12,0.0,2325.7,38.70449269919502,1.04,1.5539885205834494e-17,0.01031256830601093,0.0002814639730104677,0.12667540983606554,0.0023081211061214283,0.008620765027322404,0.0001139794465506274,0.8543912568306011,0.0023258211982845473,0.0,0.0,0.8543912568306011,0.0023258211982845473,0.10601857923497268,0.0022971775921080944,0.45638914208907216,0.00039480356081807275,0.5852460962413385,0.009018551087597174,0.0,0.0
suffering,18400,1.12,0.0,2327.1,38.70061171272071,1.04,1.5539885205834494e-17,0.010267391304347829,0.00027995064239502135,0.1260554347826087,0.002296305134083184,0.008583695652173913,0.00011329456876206983,0.8550934782608696,0.002314022565996272,0.0,0.0,0.8550934782608696,0.002314022565996272,0.10551521739130434,0.0022818682197777375,0.45635922872494894,0.0003922668859591405,0.5852289654134115,0.009010521793161282,0.0,0.0
suffering,18500,1.12,0.0,2328.46,38.70970146817335,1.04,1.5539885205834494e-17,0.010217297297297298,0.0002783245118951559,0.12544648648648649,0.002284616536979181,0.008543783783783784,0.00011230050811716406,0.8557924324324325,0.002302730856007444,0.0,0.0,0.8557924324324325,0.002302730856007444,0.10501297297297299,0.0022697537352658866,0.45632900200788823,0.0003900580150272324,0.5852362479864138,0.009003202575299015,0.0,0.0
suffering,18600,1.12,0.0,2329.98,38.698040766732284,1.04,1.5539885205834494e-17,0.010170967741935483,0.00027817671641212725,0.1248483870967742,0.0022721343377559568,0.008506451612903225,0.0001111873117956616,0.856474193548387,0.0022902803864896944,0.0,0.0,0.856474193548387,0.0022902803864896944,0.10452580645161293,0.002257444604918415,0.4563005318650665,0.0003880618025191397,0.5852242339526801,0.009001584758162444,0.0,0.0
suffering,18700,1.12,0.0,2331.78,38.64784272037412,1.04,1.5539885205834494e-17,0.010122994652406419,0.00027692763625513267,0.12427272727272727,0.0022572664248469852,0.008464171122994654,0.00011024124250555251,0.8571401069518716,0.0022750638572048487,0.0,0.0,0.8571401069518716,0.0022750638572048487,0.1040524064171123,0.002243301057726227,0.45627200895404124,0.00038610427147854203,0.5852272890715821,0.008997826978430339,0.0,0.0
suffering,18800,1.12,0.0,2333.56,38.656679967664694,1.04,1.5539885205834494e-17,0.010077659574468085,0.0002766508929958028,0.12370106382978724,0.0022457013822250113,0.008424468085106381,0.00010963220784782503,0.8577968085106383,0.0022632098678557946,0.0,0.0,0.8577968085106383,0.0022632098678557946,0.10358936170212768,0.0022320754319506836,0.456244991454195,0.0003840829365484903,0.5852203631878098,0.00899339223343806,0.0,0.0
suffering,18900,1.12,0.0,2335.3,38.661674847849206,1.04,1.5539885205834494e-17,0.010038095238095237,0.00027573812175698365,0.12312698412698414,0.0022344996636130985,0.008388359788359789,0.00010967193366720511,0.8584465608465607,0.0022518993461813647,0.0,0.0,0.8584465608465607,0.0022518993461813647,0.10312698412698412,0.002218575815520837,0.45621816933481,0.0003818460731536769,0.585189593545815,0.008985756901036122,0.0,0.0
suffering,19000,1.12,0.0,2337.02,38.66525614363703,1.04,1.5539885205834494e-17,0.009994736842105263,0.00027469140456640596,0.12256526315789473,0.002221985952414825,0.008352631578947368,0.00010940560140221703,0.8590873684210527,0.0022398164896200645,0.0,0.0,0.8590873684210527,0.0022398164896200645,0.10266947368421053,0.0022076038376605,0.45619097002754594,0.00037979598795104415,0.5851697529434753,0.008977033822591437,0.0,0.0
suffering,19100,1.12,0.0,2338.78,38.65432668445502,1.04,1.5539885205834494e-17,0.00994869109947644,0.0002742555289414022,0.12201256544502619,0.00220878348418447,0.008318324607329843,0.00010869279175413966,0.8597204188481675,0.0022261178857244635,0.0,0.0,0.8597204188481675,0.0022261178857244635,0.10222094240837697,0.0021968750021672014,0.45616490177355323,0.0003779633750721773,0.5851725691707498,0.008975479068275815,0.0,0.0
suffering,19200,1.12,0.0,2340.3,38.67910103845302,1.04,1.5539885205834494e-17,0.009899999999999999,0.00027290968859542477,0.12145625,0.0021982541371318364,0.008282291666666667,0.00010830931264961779,0.8603614583333332,0.0022163600804632933,0.0,0.0,0.8603614583333332,0.0022163600804632933,0.10176354166666668,0.0021851841330816813,0.4561381324966392,0.00037581402556131866,0.5851483830697781,0.008964442651971907,0.0,0.0
suffering,19300,1.12,0.0,2341.86,38.69334183087338,1.04,1.5539885205834494e-17,0.009859067357512952,0.00027234672832061847,0.12090155440414507,0.002187726909912009,0.008250777202072538,0.00010752487095239925,0.8609886010362695,0.0022055871237063817,0.0,0.0,0.8609886010362695,0.0022055871237063817,0.10131295336787564,0.0021724962943966398,0.45611143473584775,0.00037362475554142996,0.5851160032704061,0.008961842658433233,0.0,0.0
suffering,19400,1.12,0.0,2343.3,38.69075985244,1.04,1.5539885205834494e-17,0.009818556701030927,0.0002710397271635789,0.12034329896907217,0.0021763615737014903,0.008214432989690722,0.00010690165624214466,0.8616237113402063,0.0021946878120912023,0.0,0.0,0.8616237113402063,0.0021946878120912023,0.10086288659793816,0.002162129756145853,0.45608565443831567,0.00037175267341356074,0.5850781158122189,0.008959941030924973,0.0,0.0
suffering,19500,1.12,0.0,2345.38,38.63889221803253,1.04,1.5539885205834494e-17,0.009773333333333334,0.00027001913927362966,0.11983076923076924,0.0021626920836461255,0.008178461538461539,0.00010615624768187774,0.8622174358974359,0.0021806345660814164,0.0,0.0,0.8622174358974359,0.0021806345660814164,0.10044923076923076,0.002148247469127136,0.456062198522884,0.0003696673118367004,0.585002257570321,0.00895089657068167,0.0,0.0
suffering,19600,1.12,0.0,2347.14,38.59929162932546,1.04,1.5539885205834494e-17,0.00973061224489796,0.0002684949171267705,0.11930612244897959,0.0021500489181130785,0.008144897959183673,0.0001049133375108313,0.8628183673469388,0.0021678941150063704,0.0,0.0,0.8628183673469388,0.0021678941150063704,0.10002040816326531,0.0021365886776156923,0.45603686891331274,0.00036779544620842695,0.5849650405443106,0.008946104649722295,0.0,0.0
suffering,19700,1.12,0.0,2348.6,38.60413428213964,1.04,1.5539885205834494e-17,0.009687309644670052,0.0002671726264643806,0.11876954314720813,0.002139865718793905,0.008114720812182742,0.00010375673441743541,0.8634284263959391,0.002156988876058989,0.0,0.0,0.8634284263959391,0.002156988876058989,0.09958071065989849,0.0021253565165613724,0.45601083724000757,0.0003659244273811717,0.5849491745128219,0.008939300089398852,0.0,0.0
suffering,19800,1.12,0.0,2350.06,38.592686311459246,1.04,1.5539885205834494e-17,0.009647474747474747,0.000265204233453221,0.11823636363636363,0.002127933437497767,0.008080808080808079,0.00010315189610771436,0.8640353535353538,0.0021448090429512156,0.0,0.0,0.8640353535353538,0.0021448090429512156,0.09914747474747473,0.002113815199339641,0.45598579106695986,0.00036424309642028185,0.5849311552516003,0.008933625834638725,0.0,0.0
suffering,19900,1.12,0.0,2351.56,38.53226752757131,1.04,1.5539885205834494e-17,0.009609045226130654,0.00026369884597058794,0.1177105527638191,0.002113722785496403,0.008045226130653267,0.00010242495265947498,0.8646351758793971,0.0021308054271977094,0.0,0.0,0.8646351758793971,0.0021308054271977094,0.09872060301507535,0.0021013429942958015,0.4559603364857236,0.00036241977642216674,0.5849436856398318,0.00892451005773857,0.0,0.0
suffering,20000,1.12,0.0,2353.24,38.500639379795516,1.04,1.5539885205834494e-17,0.009573,0.0002628463118886574,0.11719900000000001,0.0021026943308478274,0.008008999999999999,0.00010183710482121605,0.8652190000000001,0.002119128088894784,0.0,0.0,0.8652190000000001,0.002119128088894784,0.098306,0.0020910307193792626,0.4559356806141795,0.000360522129175427,0.5849148931115761,0.008915979876213238,0.0,0.0
surprise,100,0.4236260453675476,0.013745081304558359,44.02,2.3046519060724253,0.34362604536754765,0.013745081304558359,0.28540000000000004,0.02811668108262497,0.563,0.02656566757823998,0.1116,0.020904759735329095,0.04,0.0049897854847351375,0.0,0.0,0.04,0.0049897854847351375,0.28540000000000004,0.02811668108262497,0.4368882872652795,0.0034846375253833974,0.5423498629050906,0.013715811412551644,0.0,0.0
surprise,200,0.7059754102505202,0.016269377463115308,96.84,3.60287413613303,0.6259754102505202,0.016269377463115308,0.18719999999999998,0.016149278116171922,0.6126,0.021452481898182243,0.157,0.018174325914569148,0.0432,0.004341917191513351,0.0,0.0,0.0432,0.004341917191513351,0.18719999999999998,0.016149278116171922,0.44100336390738926,0.0018247158720263801,0.4964331773607033,0.011391750119096773,0.0,0.0
surprise,300,0.8958178425183856,0.01268682050132393,166.2,5.316742903511586,0.8158178425183854,0.012686820501323928,0.1484666666666667,0.012403718994638631,0.6436,0.018006257415755473,0.1686,0.01673024336594959,0.03933333333333334,0.0030071720769232276,0.0,0.0,0.03933333333333334,0.0030071720769232276,0.14853333333333335,0.012404066336407771,0.4521375790517196,0.001661313246562914,0.46464272002766754,0.008515136509180557,0.0,0.0
surprise,400,1.0389672115383457,0.009440070713535193,239.76,7.098292982492771,0.9589672115383456,0.009440070713535193,0.11860000000000001,0.009552529315659315,0.6717,0.017230940372552187,0.1726,0.017208647565117027,0.0371,0.002425796734254205,0.0,0.0,0.0371,0.002425796734254205,0.12635,0.009962483195899074,0.45988111237475215,0.0017275918234445828,0.4746961759130459,0.00887324398580852,0.0,0.0
surprise,500,1.0982281030374192,0.00468761344700354,312.0,9.305605069756922,1.0182281030374192,0.004687613447003539,0.10092000000000001,0.0081734682768987,0.6842,0.01794897529904463,0.18132,0.0188917094439409,0.033560000000000006,0.0019606662757588192,0.0,0.0,0.033560000000000006,0.0019606662757588192,0.15875999999999998,0.01360442785062485,0.4656163601623493,0.0020879267021430992,0.49652316521524975,0.011146957643663136,0.0,0.0
surprise,600,1.116818925476214,0.0013012023883809984,376.1,12.358530062516431,1.0368189254762141,0.001301202388380994,0.08779999999999998,0.006779059393345319,0.6806333333333333,0.02020225902816984,0.2005,0.02159749555061783,0.03106666666666667,0.0016005667930320546,0.0,0.0,0.03106666666666667,0.0016005667930320546,0.20149999999999998,0.016876653358158085,0.46780489228557975,0.002579223496868436,0.5127327064236412,0.012276550142844003,0.0,0.0
surprise,700,1.1197477094465322,0.00014383213539555717,423.7,15.185311108745442,1.0397477094465322,0.00014383213539555207,0.07765714285714286,0.0057653346576862895,0.6538285714285713,0.021806480663259666,0.23925714285714286,0.023001412049442133,0.02925714285714286,0.001411702148861865,0.0,0.0,0.02925714285714286,0.001411702148861865,0.22951428571428573,0.01756585087704461,0.4679637754782724,0.0026222478976332345,0.5262624183121989,0.01196382665053325,0.0,0.0
surprise,800,1.12,0.0,459.46,17.244631462739765,1.04,1.9032394707859827e-17,0.0704,0.00509181516088841,0.6169500000000001,0.02195371871246697,0.285275,0.022944261709808036,0.027374999999999997,0.0012028081513606364,0.0,0.0,0.027374999999999997,0.0012028081513606364,0.242375,0.01668829060651051,0.4679824234791907,0.002392226939074089,0.5328359799480894,0.01145491474655142,0.0,0.0
surprise,900,1.12,0.0,487.98,18.85070214683186,1.04,1.9032394707859827e-17,0.06466666666666666,0.0045263429274972206,0.5800666666666667,0.021487524080407033,0.3292,0.022285918689425747,0.026066666666666665,0.001047720052850894,0.0,0.0,0.026066666666666665,0.001047720052850894,0.24342222222222223,0.015691785719855255,0.46736732695591116,0.0021041379234472703,0.5382955792552315,0.010767237985962352,0.0,0.0
surprise,1000,1.12,0.0,513.06,20.096327413490357,1.04,1.9032394707859827e-17,0.059559999999999995,0.0040634920138888884,0.5475,0.02075926643350248,0.36769999999999997,0.021418592914778024,0.025239999999999995,0.0009924449298452335,0.0,0.0,0.025239999999999995,0.0009924449298452335,0.24098000000000003,0.014850836298859069,0.46678993039782285,0.0019096579118255536,0.5415102530889149,0.010235240465262108,0.0,0.0
surprise,1100,1.12,0.0,532.38,20.11288327091339,1.04,1.9032394707859827e-17,0.05598181818181819,0.003717289676186683,0.5141636363636364,0.01890732634124302,0.40545454545454546,0.01948578283874143,0.024400000000000005,0.0009158781881103142,0.0,0.0,0.024400000000000005,0.0009158781881103142,0.2355454545454545,0.013544308950323432,0.46641023549106997,0.0017447406767182156,0.5415749479304194,0.009947430759026266,0.0,0.0
surprise,1200,1.12,0.0,550.74,20.14571023360374,1.04,1.9032394707859827e-17,0.05283333333333333,0.0034427616399847617,0.4856666666666667,0.01738745801274944,0.43743333333333334,0.017902083766271542,0.024066666666666663,0.0008517156222201087,0.0,0.0,0.024066666666666663,0.0008517156222201087,0.2302,0.012476066884157009,0.4660030176953992,0.001603975936458488,0.5421157061961691,0.009699296288928117,0.0,0.0
surprise,1300,1.12,0.0,569.74,20.01240044144059,1.04,1.9032394707859827e-17,0.05029230769230769,0.003142156995708212,0.46189230769230777,0.015958393100465713,0.4642307692307692,0.016414996780665606,0.023584615384615384,0.0007929193962446304,0.0,0.0,0.023584615384615384,0.0007929193962446304,0.2263384615384615,0.011396585840513411,0.4657307025231545,0.0014688315646604667,0.542581875212466,0.009403183564383572,0.0,0.0
surprise,1400,1.12,0.0,587.86,19.909940292451395,1.04,1.9032394707859827e-17,0.048057142857142854,0.0028901907951125426,0.4410142857142857,0.014764231939827118,0.48784285714285724,0.015216109336498434,0.023085714285714286,0.0007541196035840653,0.0,0.0,0.023085714285714286,0.0007541196035840653,0.22247142857142854,0.010524227023190435,0.46542720538959853,0.0013665695467627904,0.5434061715622129,0.009195690454629531,0.0,0.0
surprise,1500,1.12,0.0,606.0,19.957485425017747,1.04,1.9032394707859827e-17,0.046079999999999996,0.002691694793559999,0.42296,0.013776804061854482,0.5082666666666666,0.01417220939989162,0.02269333333333334,0.0007101365203614164,0.0,0.0,0.02269333333333334,0.0007101365203614164,0.21902666666666673,0.009799795638574466,0.46516368396759256,0.0012868146835152824,0.5437909714278376,0.008990469511656963,0.0,0.0
surprise,1600,1.12,0.0,623.5,19.980934790495684,1.04,1.9032394707859827e-17,0.0442875,0.002536972147772109,0.406825,0.012918724545308295,0.5267125,0.013303089756380905,0.022175000000000004,0.0006923506985595653,0.0,0.0,0.022175000000000004,0.0006923506985595653,0.2156,0.009236821141275735,0.46488365225139583,0.0012128921497336017,0.5443850393849816,0.008795681126521421,0.0,0.0
surprise,1700,1.12,0.0,641.2,19.88357952416711,1.04,1.9032394707859827e-17,0.04281176470588236,0.0024013207532675514,0.3925764705882353,0.012114043800455334,0.5427294117647058,0.012489020783808806,0.021882352941176467,0.0006561082788552314,0.0,0.0,0.021882352941176467,0.0006561082788552314,0.2128235294117647,0.00863356944090156,0.4646962541187005,0.001145594596946921,0.5447545716698926,0.008596096000503844,0.0,0.0
surprise,1800,1.12,0.0,659.0,19.930368582561,1.04,1.9032394707859827e-17,0.04147777777777779,0.0022842041969366703,0.3800222222222222,0.011479416877253554,0.5566111111111111,0.011795533294180875,0.02188888888888889,0.0006204704852600656,0.0,0.0,0.02188888888888889,0.0006204704852600656,0.2104,0.00815879253882644,0.4645357282777868,0.001088468761050186,0.5446849107205554,0.008482066217987867,0.0,0.0
surprise,1900,1.12,0.0,676.76,19.891554150709595,1.04,1.9032394707859827e-17,0.04019999999999999,0.0021685905057208543,0.36878947368421044,0.01084954069132565,0.569378947368421,0.011146800414362923,0.02163157894736842,0.0005814806406311371,0.0,0.0,0.02163157894736842,0.0005814806406311371,0.20817894736842107,0.0077008223543339315,0.46439429472599514,0.0010316875278541114,0.5447557386408727,0.008326446378027274,0.0,0.0
surprise,2000,1.12,0.0,694.76,19.799310645596133,1.04,1.9032394707859827e-17,0.03896,0.002056986105138947,0.359,0.01024538721492133,0.5807199999999999,0.010529949124826223,0.021319999999999995,0.0005760102039912493,0.0,0.0,0.021319999999999995,0.0005760102039912493,0.20622000000000004,0.0072972759804391316,0.4642247001069271,0.000980962078648609,0.545553549671701,0.008119855351302736,0.0,0.0
surprise,2100,1.12,0.0,712.64,19.853334886674556,1.04,1.9032394707859827e-17,0.037904761904761906,0.001955400731779231,0.3499714285714285,0.009774072485036896,0.5910857142857142,0.01004676961575993,0.021038095238095238,0.000551765683949925,0.0,0.0,0.021038095238095238,0.000551765683949925,0.20442857142857143,0.006957893497285694,0.4641001285581901,0.0009317982860809272,0.5455936584869927,0.00796020793681114,0.0,0.0
surprise,2200,1.12,0.0,729.38,19.769609536470107,1.04,1.9032394707859827e-17,0.036927272727272725,0.0018715975481812062,0.34122727272727277,0.009298848671109613,0.6011545454545455,0.009543866022075473,0.02069090909090909,0.0005274134544464955,0.0,0.0,0.02069090909090909,0.0005274134544464955,0.2023181818181818,0.006604560106576594,0.4639533873556852,0.0008910543143242124,0.5457053083291875,0.00776510020000849,0.0,0.0
surprise,2300,1.12,0.0,747.18,19.828667970123153,1.04,1.9032394707859827e-17,0.03606956521739131,0.001788041583620683,0.333704347826087,0.008920303403800994,0.6096782608695652,0.009157974354138275,0.020547826086956517,0.0004963988211797128,0.0,0.0,0.020547826086956517,0.0004963988211797128,0.20085217391304347,0.006345710286619114,0.4638494189431945,0.0008594137384609781,0.546054546219512,0.007602615259502916,0.0,0.0
surprise,2400,1.12,0.0,763.98,19.87133079980055,1.04,1.9032394707859827e-17,0.03523333333333333,0.0017025124824313234,0.3264666666666667,0.008550687869320733,0.617875,0.008818184690503349,0.020424999999999995,0.0004903389197645111,0.0,0.0,0.020424999999999995,0.0004903389197645111,0.19905000000000006,0.006117218088547861,0.46370269228544614,0.0008242009005963285,0.5463608941449807,0.007478982434870086,0.0,0.0
surprise,2500,1.12,0.0,781.26,19.883534568551326,1.04,1.9032394707859827e-17,0.03459999999999999,0.0016543128544529184,0.319832,0.008215657246988825,0.62544,0.00846205262887661,0.020128,0.00046471443941853327,0.0,0.0,0.020128,0.00046471443941853327,0.197624,0.005894411438310159,0.4636095708543682,0.0007964715288639412,0.5464477213861345,0.007388508918868417,0.0,0.0
surprise,2600,1.12,0.0,797.86,19.926743592571302,1.04,1.9032394707859827e-17,0.033923076923076924,0.0015945429824207008,0.3135307692307692,0.00790889503647528,0.6325384615384615,0.00815636346320144,0.02000769230769231,0.00046589907602395073,0.0,0.0,0.02000769230769231,0.00046589907602395073,0.196,0.005674885298345518,0.46348429843176403,0.0007717134207281493,0.5469685432583955,0.007240016698011927,0.0,0.0
surprise,2700,1.12,0.0,814.12,20.07245325294934,1.04,1.9032394707859827e-17,0.03318518518518519,0.0015494246239384894,0.30764444444444444,0.0076509016655748685,0.6392666666666666,0.007905976476107194,0.019903703703703705,0.00045586363247086836,0.0,0.0,0.019903703703703705,0.00045586363247086836,0.19445925925925922,0.005524143597106567,0.463383777352784,0.0007451246278075836,0.547186778160804,0.007087191924247876,0.0,0.0
surprise,2800,1.12,0.0,830.28,19.992897514377653,1.04,1.9032394707859827e-17,0.03258571428571429,0.0014982135690133353,0.30200714285714286,0.007347986674134985,0.6456928571428573,0.007588032635360892,0.019714285714285715,0.00042637923297502415,0.0,0.0,0.019714285714285715,0.00042637923297502415,0.19300714285714288,0.005305279466004737,0.4632877328193439,0.0007170447907630964,0.547428870277861,0.006944714665962364,0.0,0.0
surprise,2900,1.12,0.0,847.04,20.03130122012618,1.04,1.9032394707859827e-17,0.0320344827586207,0.0014372169174014166,0.2970344827586207,0.007116772483449484,0.6512689655172414,0.007339560543541545,0.01966206896551724,0.00041232321619549627,0.0,0.0,0.01966206896551724,0.00041232321619549627,0.19192413793103452,0.005123958727803915,0.46323462277673416,0.0006959368693586921,0.5470515202295639,0.006873712904543637,0.0,0.0
surprise,3000,1.12,0.0,862.52,19.976419568468973,1.04,1.9032394707859827e-17,0.03163333333333333,0.0013948805002498687,0.2918733333333334,0.006877548276441582,0.6569466666666667,0.00706568058837015,0.019546666666666664,0.0004124766192782897,0.0,0.0,0.019546666666666664,0.0004124766192782897,0.19042,0.004960275849984203,0.4631242475568711,0.0006757989719793582,0.54722137542638,0.006773663457501434,0.0,0.0
surprise,3100,1.12,0.0,878.04,20.1245095769881,1.04,1.9032394707859827e-17,0.031116129032258064,0.0013450920615001338,0.2871483870967742,0.006700684965096129,0.6622967741935484,0.006903125149235693,0.019438709677419355,0.0004221369203465068,0.0,0.0,0.019438709677419355,0.0004221369203465068,0.1890516129032258,0.0048465980027542575,0.4630380976084533,0.000653746654311279,0.5471922495244943,0.0066479018372567,0.0,0.0
surprise,3200,1.12,0.0,893.52,20.126502783288363,1.04,1.9032394707859827e-17,0.030725000000000002,0.0012827483150625917,0.28264375,0.006496995785828357,0.6673062499999999,0.00669288531258365,0.019325,0.0004105550933722264,0.0,0.0,0.019325,0.0004105550933722264,0.18769374999999996,0.004709522163816578,0.46293279907282264,0.0006327878769052207,0.5474366194172919,0.0065296649956674,0.0,0.0
surprise,3300,1.12,0.0,910.3,20.237896357566214,1.04,1.9032394707859827e-17,0.030290909090909087,0.001249454745118125,0.2789515151515152,0.006327210943288602,0.6715515151515151,0.00653723022557201,0.019206060606060605,0.0004004167540912262,0.0,0.0,0.019206060606060605,0.0004004167540912262,0.18681212121212123,0.004590804405777757,0.4628602744095027,0.0006115738456210538,0.5479236696816218,0.006386935679928093,0.0,0.0
surprise,3400,1.12,0.0,926.7,20.40790663103946,1.04,1.9032394707859827e-17,0.02985294117647059,0.0012097411395600361,0.27524705882352946,0.006188745363063826,0.6757941176470588,0.006397145409302112,0.019105882352941174,0.0003872810127910242,0.0,0.0,0.019105882352941174,0.0003872810127910242,0.18588235294117644,0.004511525151291425,0.4628025641961735,0.000597725932436175,0.5479518059543398,0.006264315916936355,0.0,0.0
surprise,3500,1.12,0.0,942.76,20.429841319171587,1.04,1.9032394707859827e-17,0.029468571428571427,0.0011742059090585311,0.2716628571428571,0.006011626608273432,0.6799599999999999,0.00621405755420432,0.018908571428571427,0.00038632949533668414,0.0,0.0,0.018908571428571427,0.00038632949533668414,0.18485142857142858,0.004391028603290895,0.4627237920626549,0.0005813600849136603,0.5481743312139336,0.006215616650899917,0.0,0.0
surprise,3600,1.12,0.0,958.86,20.481031742187447,1.04,1.9032394707859827e-17,0.029050000000000003,0.001150358155145431,0.2683611111111111,0.005853642703907871,0.6838444444444444,0.00606219528225639,0.018744444444444442,0.0003783176081654437,0.0,0.0,0.018744444444444442,0.0003783176081654437,0.18391666666666664,0.004292361467655052,0.4626502475298362,0.0005664787816217148,0.5483732614502266,0.006136001797246223,0.0,0.0
surprise,3700,1.12,0.0,974.82,20.488258260052568,1.04,1.9032394707859827e-17,0.028772972972972967,0.0011322741241579896,0.2650864864864865,0.00570071272295917,0.687454054054054,0.0058952008500235955,0.018686486486486485,0.0003652281086990011,0.0,0.0,0.018686486486486485,0.0003652281086990011,0.18308648648648645,0.004181508821633899,0.4625991833900757,0.000553222269587612,0.548184050128959,0.0060506056512258976,0.0,0.0
surprise,3800,1.12,0.0,989.76,20.44693600118939,1.04,1.9032394707859827e-17,0.028357894736842106,0.001107933962989815,0.26182105263157895,0.005549003808777635,0.691178947368421,0.005723993732139852,0.018642105263157894,0.00036536711855960984,0.0,0.0,0.018642105263157894,0.00036536711855960984,0.18193157894736842,0.0040609969181527854,0.46251916737342463,0.0005388325542347292,0.5482375812161896,0.005947584028101984,0.0,0.0
surprise,3900,1.12,0.0,1004.64,20.451570669685562,1.04,1.9032394707859827e-17,0.027974358974358973,0.0010703056010411295,0.25874358974358974,0.005427910218613626,0.6947589743589744,0.00559353089906516,0.018523076923076923,0.00035751816478174703,0.0,0.0,0.018523076923076923,0.00035751816478174703,0.18085128205128206,0.003969881105308527,0.46243668841954416,0.0005225159382286655,0.5483065071842428,0.005866192212417086,0.0,0.0
surprise,4000,1.12,0.0,1018.54,20.38549324136842,1.04,1.9032394707859827e-17,0.027655000000000002,0.00104363693937331,0.25557,0.005280229007093057,0.6983400000000001,0.005441037191040485,0.018435,0.00035223846861964157,0.0,0.0,0.018435,0.00035223846861964157,0.17966499999999996,0.0038550365280569077,0.46235531955381864,0.0005107463505282483,0.5482336097938638,0.0058119326716488335,0.0,0.0
surprise,4100,1.12,0.0,1033.42,20.41200307142234,1.04,1.9032394707859827e-17,0.027346341463414633,0.001023314517312609,0.2527463414634147,0.005151781205706674,0.7016097560975608,0.005311796121867078,0.01829756097560976,0.00034404838237831473,0.0,0.0,0.01829756097560976,0.00034404838237831473,0.17868780487804883,0.003757706145182165,0.4622853050007457,0.0004987773192064135,0.5483937363462833,0.005752920904708773,0.0,0.0
surprise,4200,1.12,0.0,1048.62,20.47479067197573,1.04,1.9032394707859827e-17,0.02701904761904762,0.000992293876715296,0.2501428571428571,0.005040674027387325,0.704647619047619,0.005216304351636141,0.01819047619047619,0.0003369236053616269,0.0,0.0,0.01819047619047619,0.0003369236053616269,0.1778190476190476,0.0036782116026945573,0.4622240919697447,0.00048576295264914017,0.5485627952947668,0.005649217538606363,0.0,0.0
surprise,4300,1.12,0.0,1063.64,20.48295976699477,1.04,1.9032394707859827e-17,0.026730232558139538,0.0009672604426299974,0.2476046511627907,0.004917811048546977,0.7076186046511629,0.005096256978357455,0.018046511627906978,0.0003222420107104888,0.0,0.0,0.018046511627906978,0.0003222420107104888,0.1769627906976744,0.0035867070860479853,0.4621657714517435,0.00047313169678959895,0.5485517205447004,0.005571527516927612,0.0,0.0
surprise,4400,1.12,0.0,1078.14,20.56823407736368,1.04,1.9032394707859827e-17,0.02638636363636364,0.0009423026615444671,0.24511818181818185,0.004830205357076771,0.7105045454545453,0.00499411987687295,0.01799090909090909,0.0003246337635736855,0.0,0.0,0.01799090909090909,0.0003246337635736855,0.1760409090909091,0.003499747539264794,0.462102409994595,0.000464555781808449,0.5485774310051397,0.005506484959026571,0.0,0.0
surprise,4500,1.12,0.0,1093.3,20.517533567012126,1.04,1.9032394707859827e-17,0.026093333333333333,0.0009333568726110554,0.24282666666666666,0.0047061456740165025,0.7131777777777778,0.004865693272848918,0.017902222222222222,0.00033022954063604355,0.0,0.0,0.017902222222222222,0.00033022954063604355,0.17526666666666663,0.0034086561516071317,0.46204787461728586,0.0004523436292703477,0.5485647373408586,0.00547033680782248,0.0,0.0
surprise,4600,1.12,0.0,1107.8,20.532920306827535,1.04,1.9032394707859827e-17,0.025795652173913046,0.0009105600654159059,0.24055217391304345,0.004607733781528924,0.7159173913043478,0.004763680742722716,0.01773478260869565,0.00031774845896684274,0.0,0.0,0.01773478260869565,0.00031774845896684274,0.17438260869565217,0.003330770229677245,0.4619766760521296,0.00044220869167616196,0.5487518587701654,0.005412813757956635,0.0,0.0
surprise,4700,1.12,0.0,1121.74,20.585368491197027,1.04,1.9032394707859827e-17,0.025540425531914893,0.0008853693787436505,0.23821276595744678,0.0045200501516565765,0.7186297872340424,0.004676195371477236,0.017617021276595743,0.00030769728230623135,0.0,0.0,0.017617021276595743,0.00030769728230623135,0.17351063829787233,0.003266708045471349,0.4619248562141955,0.0004320047407245174,0.5485424865048051,0.005341385008334016,0.0,0.0
surprise,4800,1.12,0.0,1136.16,20.572348392134206,1.04,1.9032394707859827e-17,0.025291666666666667,0.000863156812253534,0.23609583333333337,0.004430254456497925,0.7210875000000001,0.004570677835491178,0.017525,0.00030685894962667517,0.0,0.0,0.017525,0.00030685894962667517,0.17279166666666668,0.0032015676520790563,0.461876878377769,0.00042306434860730157,0.5486425867509933,0.00527174973682339,0.0,0.0
surprise,4900,1.12,0.0,1150.46,20.487073276302095,1.04,1.9032394707859827e-17,0.02510204081632653,0.0008494728327218337,0.23395102040816323,0.004321340037457667,0.7235387755102042,0.004465016661764263,0.01740816326530612,0.0003028283125266141,0.0,0.0,0.01740816326530612,0.0003028283125266141,0.17198775510204084,0.00313262184443419,0.4618207191707506,0.00041597733422316926,0.5486651895771008,0.00524631572661799,0.0,0.0
surprise,5000,1.12,0.0,1163.74,20.524227793771246,1.04,1.9032394707859827e-17,0.024900000000000002,0.0008304264947996939,0.23172400000000004,0.004236020041963726,0.7260560000000001,0.004368720132010831,0.01732,0.0002934384474621204,0.0,0.0,0.01732,0.0002934384474621204,0.17101199999999994,0.003066263617406137,0.4617507602467342,0.00040771236236630636,0.5486765473791653,0.005214231224149983,0.0,0.0
surprise,5100,1.12,0.0,1176.94,20.46237782180871,1.04,1.9032394707859827e-17,0.024694117647058825,0.0008173016678901042,0.2296078431372549,0.004134601805553135,0.7284784313725491,0.004274596296359426,0.017219607843137256,0.0002864104223296814,0.0,0.0,0.017219607843137256,0.0002864104223296814,0.17010196078431375,0.0029937477971756967,0.46168919294557204,0.00040017676391864397,0.5487134422904986,0.0051694276279382586,0.0,0.0
surprise,5200,1.12,0.0,1189.64,20.55778833494717,1.04,1.9032394707859827e-17,0.024461538461538465,0.000803645389664763,0.22749615384615385,0.004060794531614692,0.7309076923076923,0.004202668343465667,0.017134615384615387,0.00028856617673049615,0.0,0.0,0.017134615384615387,0.00028856617673049615,0.16917307692307693,0.0029590156740388895,0.46162281192453497,0.0003938807883830463,0.5489406256746563,0.005123676409453125,0.0,0.0
surprise,5300,1.12,0.0,1203.94,20.646557453819693,1.04,1.9032394707859827e-17,0.02428301886792453,0.0007918520927414488,0.22573584905660377,0.003994227204367117,0.7328981132075473,0.0041341374353553095,0.01708301886792453,0.0002884580658244897,0.0,0.0,0.01708301886792453,0.0002884580658244897,0.16857358490566038,0.0029270259497456664,0.4615824510226714,0.00038866004665102314,0.5490070456388214,0.005087917713690811,0.0,0.0
surprise,5400,1.12,0.0,1217.7,20.715472872385284,1.04,1.9032394707859827e-17,0.02404814814814815,0.000776409010471356,0.22402222222222223,0.0039327015505121595,0.7349148148148149,0.004074153816301988,0.017014814814814812,0.00028647947700967944,0.0,0.0,0.017014814814814812,0.00028647947700967944,0.16783703703703703,0.0028756574329592377,0.4615242338001276,0.0003806851811750598,0.5491141169147303,0.005037444986007235,0.0,0.0
surprise,5500,1.12,0.0,1231.92,20.71946418029113,1.04,1.9032394707859827e-17,0.023880000000000002,0.0007676475620739665,0.22236363636363637,0.0038566452081782443,0.7368254545454547,0.0040015487303698685,0.016930909090909094,0.00028375431637134475,0.0,0.0,0.016930909090909094,0.00028375431637134475,0.16723636363636363,0.002824641588095294,0.4614848505669931,0.0003726471108689729,0.549227896471793,0.004980595359734346,0.0,0.0
surprise,5600,1.12,0.0,1244.48,20.658056490366743,1.04,1.9032394707859827e-17,0.023639285714285717,0.0007543068413531194,0.22054285714285718,0.0037731099651122884,0.7389571428571429,0.003917823755874019,0.016860714285714284,0.00027987333140664375,0.0,0.0,0.016860714285714284,0.00027987333140664375,0.166375,0.002768115759572265,0.4614244147357322,0.00036547050093104747,0.5493370241487341,0.004937937185649753,0.0,0.0
surprise,5700,1.12,0.0,1257.54,20.728334349338326,1.04,1.9032394707859827e-17,0.023459649122807017,0.0007377799088989291,0.21883508771929827,0.0037216644615557784,0.7409333333333333,0.0038597547100097007,0.016771929824561403,0.00028395005590513376,0.0,0.0,0.016771929824561403,0.00028395005590513376,0.16563157894736844,0.0027335868437007482,0.4613695092134496,0.00036079351024581553,0.5493857342168774,0.0048985118783490935,0.0,0.0
surprise,5800,1.12,0.0,1270.2,20.808730506835886,1.04,1.9032394707859827e-17,0.023282758620689653,0.0007235170422206058,0.21708620689655173,0.0036682385995274245,0.7429448275862067,0.003802214889949512,0.016686206896551724,0.0002800651827492425,0.0,0.0,0.016686206896551724,0.0002800651827492425,0.16482413793103448,0.0026949977164002128,0.46131679135051845,0.00035569925711718747,0.5493536115077167,0.004855825401228681,0.0,0.0
surprise,5900,1.12,0.0,1283.54,20.841270085470082,1.04,1.9032394707859827e-17,0.02307118644067797,0.0007096808929709037,0.2155457627118644,0.003621282250283804,0.7448203389830509,0.0037443597811617044,0.01656271186440678,0.00027577576416542947,0.0,0.0,0.01656271186440678,0.00027577576416542947,0.1641423728813559,0.002658578705671192,0.4612722290235221,0.00035022246253463887,0.5493329007065241,0.00482876311081507,0.0,0.0
surprise,6000,1.12,0.0,1295.84,20.67148997917624,1.04,1.9032394707859827e-17,0.02285333333333333,0.0006987134273181955,0.21391333333333332,0.003539678681754606,0.7467366666666665,0.003656132331866273,0.01649666666666667,0.00027274077132814447,0.0,0.0,0.01649666666666667,0.00027274077132814447,0.16337666666666667,0.0025886539897131957,0.4612251094177783,0.00034398962614359347,0.5494118702891274,0.0047727827892132604,0.0,0.0
surprise,6100,1.12,0.0,1308.08,20.756308900757702,1.04,1.9032394707859827e-17,0.022668852459016398,0.000685139442443518,0.21230163934426233,0.003499289743910056,0.7485540983606558,0.0036187078697301335,0.016475409836065574,0.00027615799541499123,0.0,0.0,0.016475409836065574,0.00027615799541499123,0.16262950819672134,0.0025494036342344553,0.4611832154318054,0.00033808736074313365,0.5491524397190573,0.004724927797935246,0.0,0.0
surprise,6200,1.12,0.0,1319.98,20.85728943197029,1.04,1.9032394707859827e-17,0.022509677419354838,0.0006747362142201812,0.210658064516129,0.0034553204356167423,0.7504193548387097,0.0035739458944581493,0.016412903225806453,0.0002751333466296993,0.0,0.0,0.016412903225806453,0.0002751333466296993,0.16184838709677418,0.0025180999100682085,0.4611330555930837,0.00033369449897097646,0.5490845501649678,0.004725582697415715,0.0,0.0
surprise,6300,1.12,0.0,1332.48,20.87819368213092,1.04,1.9032394707859827e-17,0.022336507936507936,0.0006714628407069865,0.20921269841269838,0.003397094709722111,0.7521238095238095,0.0035151163282452352,0.016326984126984127,0.0002712385932788377,0.0,0.0,0.016326984126984127,0.0002712385932788377,0.16112063492063491,0.002486482849970916,0.46107844079243404,0.00032948932159436385,0.5490282940386165,0.0046956083018698126,0.0,0.0
surprise,6400,1.12,0.0,1343.94,20.78357691514517,1.04,1.9032394707859827e-17,0.022146874999999996,0.000660470062247336,0.20761250000000003,0.0033319786123584714,0.753984375,0.0034530037955457812,0.01625625,0.0002635048188189664,0.0,0.0,0.01625625,0.0002635048188189664,0.16028437499999998,0.0024365787194724955,0.46102258541123364,0.00032357480762189197,0.5490574567785235,0.004647255848365355,0.0,0.0
surprise,6500,1.12,0.0,1356.2,20.893588509787556,1.04,1.9032394707859827e-17,0.021969230769230772,0.0006524474836142232,0.20621538461538463,0.003295384351542804,0.7556307692307692,0.0034137493079662985,0.016184615384615384,0.0002582207145973541,0.0,0.0,0.016184615384615384,0.0002582207145973541,0.15956,0.002405568591070947,0.46096625021120086,0.0003195648767281157,0.5492172612166929,0.00460201569751555,0.0,0.0
surprise,6600,1.12,0.0,1367.8,20.872929446377896,1.04,1.9032394707859827e-17,0.0218,0.0006447548767039505,0.20474545454545456,0.003245386263455478,0.7573757575757576,0.003361143448777413,0.01607878787878788,0.00026005176126304053,0.0,0.0,0.01607878787878788,0.00026005176126304053,0.15882424242424245,0.0023676153812759665,0.4609165516540438,0.0003153227387483488,0.5492201610887895,0.004586152879519034,0.0,0.0
surprise,6700,1.12,0.0,1379.22,20.826088231360398,1.04,1.9032394707859827e-17,0.021620895522388058,0.0006312454513318502,0.20329253731343283,0.003195533734049029,0.7590985074626865,0.0033087753926555,0.015988059701492537,0.0002557441085868486,0.0,0.0,0.015988059701492537,0.0002557441085868486,0.15806268656716418,0.002329031705899565,0.46086754439237043,0.0003098798837672758,0.5491731325497529,0.004563119232404054,0.0,0.0
surprise,6800,1.12,0.0,1389.96,20.903919366902446,1.04,1.9032394707859827e-17,0.021432352941176472,0.0006175014119706526,0.2018,0.0031573905642922856,0.7608499999999999,0.0032761075414029636,0.015917647058823526,0.000256046159156808,0.0,0.0,0.015917647058823526,0.000256046159156808,0.1572,0.0023027700288575656,0.4608035928450364,0.00030737043945067556,0.5491913034791295,0.004551974110511826,0.0,0.0
surprise,6900,1.12,0.0,1401.3,20.892362631510363,1.04,1.9032394707859827e-17,0.021246376811594202,0.000604980139141354,0.2004463768115942,0.0031072620481931413,0.7624869565217393,0.003226665025740542,0.015820289855072462,0.0002539541508971672,0.0,0.0,0.015820289855072462,0.0002539541508971672,0.15648115942028984,0.00226658451511565,0.46075610986396937,0.0003020566390589308,0.5491218584987758,0.004509849364712837,0.0,0.0
surprise,7000,1.12,0.0,1412.02,20.93588833577795,1.04,1.9032394707859827e-17,0.02109142857142857,0.000599385496788947,0.19903428571428566,0.0030696470797963553,0.7641085714285717,0.0031823193352522312,0.015765714285714286,0.0002535466049525519,0.0,0.0,0.015765714285714286,0.0002535466049525519,0.15567999999999999,0.0022322708324830015,0.4606957049480163,0.000297465776080345,0.549179967105447,0.004474995621464783,0.0,0.0
surprise,7100,1.12,0.0,1422.58,20.890757452490217,1.04,1.9032394707859827e-17,0.020946478873239433,0.0005922201536891936,0.19763380281690143,0.003021712134518223,0.7657492957746479,0.0031332682705670304,0.015670422535211267,0.00025287548332017203,0.0,0.0,0.015670422535211267,0.00025287548332017203,0.15491830985915495,0.002196224169987267,0.4606477549381421,0.0002936024999239391,0.5490544449694238,0.004441713712615229,0.0,0.0
surprise,7200,1.12,0.0,1433.26,20.840126326539444,1.04,1.9032394707859827e-17,0.020819444444444443,0.0005844155009085504,0.1962805555555555,0.0029727792355336365,0.7672888888888889,0.00308130318652457,0.01561111111111111,0.0002519450663388885,0.0,0.0,0.01561111111111111,0.0002519450663388885,0.1542111111111111,0.0021640247862222436,0.46060013108820996,0.0002900892343401119,0.5491011631755467,0.0044153115410734845,0.0,0.0
surprise,7300,1.12,0.0,1443.28,20.895679467491917,1.04,1.9032394707859827e-17,0.02065479452054795,0.0005730252737143397,0.19489589041095887,0.002940115775619607,0.7689205479452055,0.0030477996465982913,0.01552876712328767,0.0002447908589690109,0.0,0.0,0.01552876712328767,0.0002447908589690109,0.15337260273972603,0.0021396615942908146,0.4605400069425531,0.0002862603692087533,0.5491647673750092,0.004386149529699677,0.0,0.0
surprise,7400,1.12,0.0,1454.18,20.894520129176723,1.04,1.9032394707859827e-17,0.020483783783783783,0.0005654636233090408,0.19368378378378381,0.0028970519865936205,0.7703459459459459,0.003004930678716914,0.015486486486486485,0.00023919534365611644,0.0,0.0,0.015486486486486485,0.00023919534365611644,0.1526783783783784,0.0021128677864671497,0.4604889930399318,0.0002832331612110566,0.5492227734143299,0.004372335527140309,0.0,0.0
surprise,7500,1.12,0.0,1464.74,20.80921714931503,1.04,1.9032394707859827e-17,0.020354666666666667,0.0005624128130969287,0.19241866666666665,0.0028510131325699233,0.7718213333333334,0.0029470245973395384,0.015405333333333333,0.00023394353641700068,0.0,0.0,0.015405333333333333,0.00023394353641700068,0.151968,0.0020763357223113105,0.46044138866052586,0.0002797450790003738,0.5492273108539856,0.004356915543937546,0.0,0.0
surprise,7600,1.12,0.0,1475.1,20.87975779826686,1.04,1.9032394707859827e-17,0.020202631578947368,0.0005589659223679953,0.19118947368421055,0.00282492710114827,0.7732473684210527,0.0029178513728540688,0.01536052631578947,0.00023563992543434387,0.0,0.0,0.01536052631578947,0.00023563992543434387,0.15125263157894736,0.00205862766842667,0.4603893072260211,0.00027636831194803455,0.5493476715764056,0.004321423719617651,0.0,0.0
surprise,7700,1.12,0.0,1485.2,20.911572813899493,1.04,1.9032394707859827e-17,0.02008831168831169,0.0005519589964771382,0.18992727272727272,0.0027902023999416205,0.7746831168831169,0.002882628330418694,0.0153012987012987,0.00023275364518705446,0.0,0.0,0.0153012987012987,0.00023275364518705446,0.15056623376623376,0.002039867413058025,0.46034744475048,0.00027343394394773596,0.5492532941140095,0.004287903509079797,0.0,0.0
surprise,7800,1.12,0.0,1494.74,20.993989616078217,1.04,1.9032394707859827e-17,0.01993846153846154,0.0005432401154387541,0.18864871794871793,0.002765051524968335,0.7762205128205127,0.0028534239909516353,0.015192307692307689,0.00022908420222778552,0.0,0.0,0.015192307692307689,0.00022908420222778552,0.1498051282051282,0.0020212852505412495,0.4602974616720975,0.0002702959039099029,0.5493364539094366,0.0042598148956510965,0.0,0.0
surprise,7900,1.12,0.0,1504.4,21.021582689595714,1.04,1.9032394707859827e-17,0.01977974683544304,0.000537466868689412,0.18744556962025313,0.002735266988157229,0.7776379746835442,0.0028235547405617055,0.015136708860759494,0.00023200349821306135,0.0,0.0,0.015136708860759494,0.00023200349821306135,0.14904303797468355,0.0019960562669372917,0.4602419290462766,0.0002674089008480009,0.549455614875267,0.004221565042654871,0.0,0.0
surprise,8000,1.12,0.0,1514.24,20.975701394222597,1.04,1.9032394707859827e-17,0.019662500000000003,0.0005301887659607853,0.18624250000000003,0.0026953933916432837,0.7790225000000001,0.00277988100336276,0.015072499999999999,0.00022971505197100345,0.0,0.0,0.015072499999999999,0.00022971505197100345,0.148315,0.001970811368188136,0.4601895137014782,0.0002641526119448974,0.5495294851016804,0.004203118954292859,0.0,0.0
surprise,8100,1.12,0.0,1523.6,21.055979808935174,1.04,1.9032394707859827e-17,0.019496296296296296,0.0005217220979964936,0.18506913580246911,0.002668582241724828,0.7804444444444445,0.002756606422090372,0.014990123456790122,0.0002257244805294084,0.0,0.0,0.014990123456790122,0.0002257244805294084,0.14758024691358024,0.001958304233977845,0.4601379148718644,0.00026198184105994754,0.5496183314501872,0.004178556369268521,0.0,0.0
surprise,8200,1.12,0.0,1532.84,21.023259422237402,1.04,1.9032394707859827e-17,0.019351219512195122,0.0005158729272578096,0.18390243902439024,0.0026286375670161156,0.7818097560975609,0.002718632847942221,0.014936585365853659,0.00022538572008997946,0.0,0.0,0.014936585365853659,0.00022538572008997946,0.1468341463414634,0.0019332295363369543,0.4600827020410859,0.00025828635506077255,0.5496940704157148,0.004161698232930912,0.0,0.0
surprise,8300,1.12,0.0,1541.6,21.028357918170737,1.04,1.9032394707859827e-17,0.019221686746987952,0.0005066467301765933,0.18269638554216866,0.002600493994831639,0.7832192771084336,0.0026930790566640594,0.014862650602409638,0.0002215905116056301,0.0,0.0,0.014862650602409638,0.0002215905116056301,0.14606265060240964,0.0019127289711713166,0.46002766034158654,0.00025554768910198415,0.5497557618371972,0.004135347919275885,0.0,0.0
surprise,8400,1.12,0.0,1550.58,21.068713432819898,1.04,1.9032394707859827e-17,0.019095238095238096,0.0004979480315468054,0.18153333333333332,0.002576605575793696,0.7845880952380954,0.0026625358685180853,0.014783333333333332,0.00021976816673485825,0.0,0.0,0.014783333333333332,0.00021976816673485825,0.14532857142857142,0.0018940098622559811,0.4599740997624574,0.00025319000707212477,0.5498471691630271,0.0041109980618966036,0.0,0.0
surprise,8500,1.12,0.0,1559.72,21.103303542530096,1.04,1.9032394707859827e-17,0.018985882352941175,0.0004931321562158602,0.18039764705882352,0.00255376564599195,0.7859011764705882,0.002639433295405553,0.014715294117647057,0.0002217937288557422,0.0,0.0,0.014715294117647057,0.0002217937288557422,0.14465176470588237,0.0018731292925249655,0.4599295235727158,0.0002501564474152022,0.5497315375487392,0.004104296256187243,0.0,0.0
surprise,8600,1.12,0.0,1567.92,21.16540959361066,1.04,1.9032394707859827e-17,0.01883720930232558,0.0004843780903524925,0.17923720930232562,0.002527230885846369,0.7873093023255814,0.002614814250061123,0.014616279069767445,0.00021669306285422408,0.0,0.0,0.014616279069767445,0.00021669306285422408,0.14387906976744186,0.001853394132825364,0.4598733067592318,0.0002481793415563517,0.5498146333933154,0.004098987630139382,0.0,0.0
surprise,8700,1.12,0.0,1576.72,21.08151409967258,1.04,1.9032394707859827e-17,0.018717241379310346,0.0004819129574685589,0.17811954022988505,0.002488023973357033,0.7886252873563219,0.002574815185116681,0.01453793103448276,0.0002176485280568425,0.0,0.0,0.01453793103448276,0.0002176485280568425,0.1431862068965517,0.0018294464999371205,0.45982640526163054,0.0002449859296543324,0.5498874819620392,0.004090122692103744,0.0,0.0
surprise,8800,1.12,0.0,1585.62,21.13374108493094,1.04,1.9032394707859827e-17,0.018609090909090905,0.0004762618502197091,0.17703181818181818,0.002465766712714618,0.7898886363636364,0.0025514368023297545,0.014470454545454547,0.00021667328873118338,0.0,0.0,0.014470454545454547,0.00021667328873118338,0.1425,0.0018134185053820314,0.45977742793354687,0.00024248595733904053,0.5499219806657705,0.004077009243951733,0.0,0.0
surprise,8900,1.12,0.0,1594.22,21.15561950723008,1.04,1.9032394707859827e-17,0.01848314606741573,0.0004717053311376677,0.175961797752809,0.0024401313673544094,0.7911797752808988,0.002524671438459144,0.014375280898876403,0.00021380055815201603,0.0,0.0,0.014375280898876403,0.00021380055815201603,0.1418179775280899,0.0017977175243040415,0.4597336909007877,0.0002394436347405376,0.5497744524775234,0.004047068855333231,0.0,0.0
surprise,9000,1.12,0.0,1602.7,21.11179668298445,1.04,1.9032394707859827e-17,0.018362222222222224,0.0004653995322470493,0.17489111111111114,0.0024105096379267318,0.7924555555555556,0.002490083633715433,0.014291111111111112,0.00021088757708506272,0.0,0.0,0.014291111111111112,0.00021088757708506272,0.14112666666666668,0.0017763401500124443,0.45968737712007945,0.00023689189311333479,0.5497133397707727,0.0040297943750943485,0.0,0.0
surprise,9100,1.12,0.0,1611.16,21.097467881724768,1.04,1.9032394707859827e-17,0.018254945054945057,0.0004566172561104229,0.17383736263736263,0.0023851539537930117,0.7936857142857144,0.0024619593439238444,0.01422197802197802,0.00021162464058637167,0.0,0.0,0.01422197802197802,0.00021162464058637167,0.14044395604395604,0.0017531996553425643,0.45963960645260143,0.00023451678206783865,0.5497978532491934,0.004000593731491969,0.0,0.0
surprise,9200,1.12,0.0,1618.26,21.088943035803076,1.04,1.9032394707859827e-17,0.018132608695652176,0.00045150505527368715,0.17267391304347826,0.002353691037977767,0.7950369565217392,0.0024316623632186494,0.014156521739130436,0.00021048387233857287,0.0,0.0,0.014156521739130436,0.00021048387233857287,0.13965,0.0017368171449500596,0.4595867212124371,0.00023237768544734087,0.549732627516266,0.003993647635787373,0.0,0.0
surprise,9300,1.12,0.0,1626.36,21.079301386402147,1.04,1.9032394707859827e-17,0.018038709677419353,0.000442967288134996,0.17163010752688168,0.0023333578258322232,0.7962494623655914,0.002407782314468192,0.014081720430107525,0.00020782132855393838,0.0,0.0,0.014081720430107525,0.00020782132855393838,0.13896774193548386,0.0017192172595654031,0.45953681430562504,0.00022918635985682415,0.5497924015491936,0.003975536311463197,0.0,0.0
surprise,9400,1.12,0.0,1635.08,21.011616612080594,1.04,1.9032394707859827e-17,0.017938297872340424,0.00043976301116767456,0.17066170212765955,0.0023038396689607056,0.7974000000000001,0.0023722876764345653,0.014000000000000002,0.00020504893587261922,0.0,0.0,0.014000000000000002,0.00020504893587261922,0.13834468085106383,0.0016905712777318708,0.4594926397264901,0.00022641837318679406,0.549800373576753,0.003959233650319804,0.0,0.0
surprise,9500,1.12,0.0,1642.72,20.983084343618994,1.04,1.9032394707859827e-17,0.01783157894736842,0.0004345734576714267,0.16961263157894738,0.002270581962869924,0.7986168421052632,0.0023440305341935063,0.01393894736842105,0.00020530782515458177,0.0,0.0,0.01393894736842105,0.00020530782515458177,0.13764842105263156,0.001670731806106197,0.459446364093971,0.00022422359443695486,0.549826968670641,0.003940729252810022,0.0,0.0
surprise,9600,1.12,0.0,1650.2,20.924119467977714,1.04,1.9032394707859827e-17,0.017704166666666667,0.00042808504145915727,0.16859791666666665,0.0022418404620247185,0.7998416666666667,0.0023138962047288348,0.013856249999999999,0.00020111848000337068,0.0,0.0,0.013856249999999999,0.00020111848000337068,0.13695208333333334,0.0016447426259744344,0.4593987075184295,0.0002213687239683884,0.5498436212301215,0.003941629808262583,0.0,0.0
surprise,9700,1.12,0.0,1657.44,20.983845292636577,1.04,1.9032394707859827e-17,0.017589690721649485,0.00042483673031768143,0.16756494845360823,0.002221379671521002,0.801059793814433,0.002295433612015609,0.013785567010309282,0.00020007871937121138,0.0,0.0,0.013785567010309282,0.00020007871937121138,0.13624329896907217,0.0016367967743686818,0.45934973859985834,0.0002193787074591801,0.549920100480237,0.003911396092030029,0.0,0.0
surprise,9800,1.12,0.0,1664.16,20.982662619702126,1.04,1.9032394707859827e-17,0.017467346938775507,0.00042122670543667253,0.16650612244897955,0.002199440483535694,0.8023183673469388,0.0022727720099851513,0.013708163265306121,0.00019798494445883802,0.0,0.0,0.013708163265306121,0.00019798494445883802,0.1354857142857143,0.0016179695812586102,0.459294625132884,0.00021783523458405624,0.5499849925232599,0.003912293788076445,0.0,0.0
surprise,9900,1.12,0.0,1671.14,20.879479428963016,1.04,1.9032394707859827e-17,0.01734949494949495,0.0004174497180237638,0.1655090909090909,0.002168861814393807,0.8034949494949494,0.002240477109400214,0.013646464646464646,0.00019614737245383883,0.0,0.0,0.013646464646464646,0.00019614737245383883,0.1347757575757576,0.001592681529437135,0.45924255671069747,0.00021493564508889756,0.5500531794765743,0.0038844524886914094,0.0,0.0
surprise,10000,1.12,0.0,1678.42,20.86094075010981,1.04,1.9032394707859827e-17,0.017244000000000002,0.00041399161975152327,0.164542,0.002142403933025912,0.8046419999999999,0.0022165041237525917,0.013571999999999999,0.00019453849102374552,0.0,0.0,0.013571999999999999,0.00019453849102374552,0.134126,0.0015747596123645963,0.4592003331880265,0.00021298779443341967,0.5500106956479257,0.003872863001320361,0.0,0.0
surprise,10100,1.12,0.0,1685.2,20.82770917282443,1.04,1.9032394707859827e-17,0.01711683168316832,0.000409369918639055,0.16357425742574258,0.002118512073179681,0.8058217821782178,0.002194117105639921,0.013487128712871286,0.00019218083647731514,0.0,0.0,0.013487128712871286,0.00019218083647731514,0.13343762376237625,0.0015547894924556466,0.45915348555048136,0.00021064619224467815,0.5499507717410892,0.0038650901700069736,0.0,0.0
surprise,10200,1.12,0.0,1691.78,20.906249236600456,1.04,1.9032394707859827e-17,0.01701176470588235,0.00040429630204467313,0.1625803921568627,0.0021043135435314555,0.8069862745098039,0.002181525858890881,0.013421568627450982,0.00019204025011809145,0.0,0.0,0.013421568627450982,0.00019204025011809145,0.13273529411764706,0.001547155082106592,0.4591040525449662,0.00020942039565898277,0.5500740327519024,0.003865410314096352,0.0,0.0
surprise,10300,1.12,0.0,1698.12,20.8656467986624,1.04,1.9032394707859827e-17,0.016906796116504856,0.0004030314624653012,0.1615883495145631,0.002081060953315702,0.8081495145631069,0.002157989667306689,0.013355339805825244,0.00019144424521226575,0.0,0.0,0.013355339805825244,0.00019144424521226575,0.13201553398058252,0.001535110202489906,0.4590515937666391,0.0002074303641809271,0.5501580814024869,0.0038592362306399987,0.0,0.0
surprise,10400,1.12,0.0,1703.94,20.857953213220565,1.04,1.9032394707859827e-17,0.016794230769230766,0.0003977222196634329,0.16057115384615386,0.002060169231350699,0.8093365384615386,0.002135679812255523,0.013298076923076923,0.00019073631945054764,0.0,0.0,0.013298076923076923,0.00019073631945054764,0.13128076923076923,0.0015205279322030188,0.4590023622695661,0.0002051301006173914,0.5501195891151047,0.0038579418819996948,0.0,0.0
surprise,10500,1.12,0.0,1710.88,20.887641888769288,1.04,1.9032394707859827e-17,0.01671238095238095,0.0003907699006781898,0.15964571428571428,0.0020422707561118924,0.8104190476190475,0.0021188317335787926,0.013222857142857142,0.00018801835040209853,0.0,0.0,0.013222857142857142,0.00018801835040209853,0.13065142857142856,0.0015103079206808835,0.45895729062945023,0.00020374331949857602,0.5502080315132881,0.00384725206701571,0.0,0.0
surprise,10600,1.12,0.0,1716.92,20.88958025584301,1.04,1.9032394707859827e-17,0.016620754716981136,0.00038523442511815864,0.15865660377358493,0.0020256931042979833,0.8115735849056602,0.0021024577369899047,0.013149056603773584,0.00018637191432668525,0.0,0.0,0.013149056603773584,0.00018637191432668525,0.1299603773584906,0.001497837845167812,0.4589083394716878,0.00020211496212568472,0.5503153973557233,0.0038554752158174786,0.0,0.0
surprise,10700,1.12,0.0,1723.06,20.866757275237415,1.04,1.9032394707859827e-17,0.016506542056074765,0.00038119666790787255,0.1577177570093458,0.002003700829611653,0.8127046728971963,0.0020783929244621384,0.013071028037383177,0.00018436191452430407,0.0,0.0,0.013071028037383177,0.00018436191452430407,0.12926355140186913,0.001477559036838382,0.4588586341082009,0.0001998303538617871,0.5503442912336456,0.003837533104911451,0.0,0.0
surprise,10800,1.12,0.0,1728.64,20.81317792914393,1.04,1.9032394707859827e-17,0.01640925925925926,0.0003782170500522859,0.1567351851851852,0.0019800713577229094,0.8138388888888889,0.0020544524731194716,0.013016666666666666,0.00017905753940771458,0.0,0.0,0.013016666666666666,0.00017905753940771458,0.1285574074074074,0.0014582842077413638,0.4588105790814334,0.0001977441213887418,0.5504139999088031,0.0038363556158774927,0.0,0.0
surprise,10900,1.12,0.0,1733.78,20.784320817306845,1.04,1.9032394707859827e-17,0.01631376146788991,0.00037063969923576876,0.15572844036697245,0.0019614596054946237,0.8150146788990825,0.0020302869175043204,0.012943119266055046,0.00017750676400613805,0.0,0.0,0.012943119266055046,0.00017750676400613805,0.12782568807339448,0.0014435927943501753,0.45876062421036495,0.00019563662643270333,0.5504566818035586,0.003820510268475863,0.0,0.0
surprise,11000,1.12,0.0,1739.94,20.743770345895783,1.04,1.9032394707859827e-17,0.016220000000000002,0.00036570921262715143,0.15484,0.0019409959833343172,0.8160800000000001,0.0020070152559993498,0.012859999999999998,0.00017584262118304402,0.0,0.0,0.012859999999999998,0.00017584262118304402,0.12719090909090908,0.001425562947867829,0.45871628684345395,0.0001937127334354331,0.5505056140730406,0.0037961939072946125,0.0,0.0
surprise,11100,1.12,0.0,1745.54,20.778859154320816,1.04,1.9032394707859827e-17,0.01610810810810811,0.00036433731231267204,0.15394234234234236,0.0019286950961114582,0.8171639639639641,0.001992025630926093,0.012785585585585584,0.00017368014417714766,0.0,0.0,0.012785585585585584,0.00017368014417714766,0.1265243243243243,0.0014143742228659728,0.4586698036450871,0.0001916633096661737,0.5505492618474314,0.003780323450129732,0.0,0.0
surprise,11200,1.12,0.0,1750.28,20.740142285934695,1.04,1.9032394707859827e-17,0.016014285714285714,0.00036091088081415033,0.1529589285714286,0.0019092986261328012,0.8183160714285713,0.001969308463694047,0.012710714285714284,0.00017171153153610263,0.0,0.0,0.012710714285714284,0.00017171153153610263,0.12579285714285715,0.0013987239082208368,0.4586192882780451,0.00018996345457768924,0.5505855017484766,0.003771602819220459,0.0,0.0
surprise,11300,1.12,0.0,1755.02,20.800519812970926,1.04,1.9032394707859827e-17,0.015900884955752214,0.0003587224613904573,0.15201061946902653,0.0018954705831550228,0.819446017699115,0.001957081457969755,0.012642477876106195,0.00017172981821525973,0.0,0.0,0.012642477876106195,0.00017172981821525973,0.12507256637168143,0.001389866326209181,0.45856883399086834,0.0001880108396037493,0.5506373447876498,0.003746315831591718,0.0,0.0
surprise,11400,1.12,0.0,1760.26,20.74936556689316,1.04,1.9032394707859827e-17,0.015814035087719298,0.00035403200410844297,0.15111228070175436,0.0018705885136913725,0.82050350877193,0.0019346582208538514,0.012570175438596492,0.0001696364206852241,0.0,0.0,0.012570175438596492,0.0001696364206852241,0.12441578947368422,0.0013733389325817661,0.4585218612941706,0.00018626261517060554,0.55070174222202,0.0037439959752792844,0.0,0.0
surprise,11500,1.12,0.0,1765.2,20.710009410811917,1.04,1.9032394707859827e-17,0.015714782608695653,0.0003520334707424475,0.15020347826086955,0.001849925292289656,0.8215791304347826,0.001910477201036822,0.012502608695652175,0.00016858364909451878,0.0,0.0,0.012502608695652175,0.00016858364909451878,0.12372695652173914,0.0013584860757620695,0.4584730268289988,0.00018489128770916383,0.5507508090833144,0.003733211040940728,0.0,0.0
surprise,11600,1.12,0.0,1770.02,20.761158592969924,1.04,1.9032394707859827e-17,0.015620689655172413,0.0003485025843512116,0.14928793103448276,0.0018382451939272617,0.8226465517241379,0.0018987516030349791,0.0124448275862069,0.00016818819026469164,0.0,0.0,0.0124448275862069,0.00016818819026469164,0.12304310344827585,0.0013502081369746173,0.4584261960094416,0.00018313840702838803,0.5507631168679322,0.003711309951123498,0.0,0.0
surprise,11700,1.12,0.0,1775.18,20.75133022537227,1.04,1.9032394707859827e-17,0.015526495726495728,0.0003445613524598667,0.14843418803418804,0.001822834092767934,0.8236717948717949,0.0018841136235679056,0.012367521367521369,0.00016681307777922572,0.0,0.0,0.012367521367521369,0.00016681307777922572,0.12241196581196583,0.0013405910384686403,0.45838320564857676,0.00018179922265086773,0.5507422279026669,0.0037094340943012367,0.0,0.0
surprise,11800,1.12,0.0,1780.42,20.74990218811468,1.04,1.9032394707859827e-17,0.01543559322033898,0.00034158470671399963,0.1475949152542373,0.0018093760284930466,0.8246644067796609,0.001869192875734133,0.012305084745762711,0.00016654301490573987,0.0,0.0,0.012305084745762711,0.00016654301490573987,0.12179152542372881,0.0013281550590622288,0.4583405304241861,0.00017949732845155673,0.5507305768744735,0.0036988066024106763,0.0,0.0
surprise,11900,1.12,0.0,1785.14,20.732917925711416,1.04,1.9032394707859827e-17,0.015342857142857142,0.00033914863619725785,0.14672436974789918,0.0017927209115748373,0.8257042016806722,0.0018541207909636747,0.012228571428571429,0.00016544411571542522,0.0,0.0,0.012228571428571429,0.00016544411571542522,0.12113781512605043,0.0013146200035321345,0.4582955230205993,0.0001784653023134012,0.55071860820259,0.003698843708435696,0.0,0.0
surprise,12000,1.12,0.0,1790.18,20.70288730726086,1.04,1.9032394707859827e-17,0.015258333333333332,0.00033448991524612595,0.145885,0.0017740410363459623,0.8266983333333333,0.0018364659229530508,0.012158333333333335,0.00016366774733976873,0.0,0.0,0.012158333333333335,0.00016366774733976873,0.12052333333333336,0.0013003488978869588,0.4582541037860662,0.00017701048659235074,0.5507580032908332,0.003687079241079574,0.0,0.0
surprise,12100,1.12,0.0,1794.52,20.665997706970014,1.04,1.9032394707859827e-17,0.015173553719008264,0.0003335003277864243,0.14500661157024794,0.001756864977205375,0.8277090909090907,0.0018199259332735448,0.012110743801652895,0.00016323926938550246,0.0,0.0,0.012110743801652895,0.00016323926938550246,0.11986446280991736,0.0012849497555081902,0.4582092039727612,0.0001752813330218011,0.5507501847286471,0.0036748621707917376,0.0,0.0
surprise,12200,1.12,0.0,1798.98,20.59202322279584,1.04,1.9032394707859827e-17,0.015073770491803277,0.00032912314445625513,0.1441737704918033,0.0017393214798990652,0.8286950819672133,0.0018010948789022444,0.012057377049180328,0.00016208813107811704,0.0,0.0,0.012057377049180328,0.00016208813107811704,0.11921803278688525,0.001266782398278225,0.45816369784731764,0.00017347873904700165,0.5508105262299605,0.0036682950848398142,0.0,0.0
surprise,12300,1.12,0.0,1802.6,20.63223157081746,1.04,1.9032394707859827e-17,0.014982113821138211,0.00032715557987542094,0.14327154471544715,0.0017288013718789166,0.8297560975609757,0.0017881668285050613,0.011990243902439024,0.00016277143945089153,0.0,0.0,0.011990243902439024,0.00016277143945089153,0.11852195121951219,0.0012564478825979979,0.4581148217207969,0.00017219441392257387,0.5508317605144337,0.003663037030829707,0.0,0.0
surprise,12400,1.12,0.0,1806.76,20.606905123659647,1.04,1.9032394707859827e-17,0.014891935483870968,0.00032514296700099485,0.14243709677419353,0.001712944649748496,0.8307516129032259,0.0017719245170994254,0.011919354838709676,0.00016156986966136598,0.0,0.0,0.011919354838709676,0.00016156986966136598,0.1178758064516129,0.001245375420331169,0.458069918588177,0.0001710314624221367,0.5508534019423323,0.0036493251673938073,0.0,0.0
surprise,12500,1.12,0.0,1810.46,20.53844995442967,1.04,1.9032394707859827e-17,0.014801600000000002,0.0003229050988404222,0.14157279999999997,0.0016951551380451335,0.831776,0.001752557175404335,0.011849599999999998,0.00016163475075942432,0.0,0.0,0.011849599999999998,0.00016163475075942432,0.11720320000000001,0.0012314845675037913,0.4580230451362337,0.0001696570780979123,0.5508419104558855,0.0036493350635869322,0.0,0.0
surprise,12600,1.12,0.0,1814.1,20.57891232920392,1.04,1.9032394707859827e-17,0.014706349206349207,0.0003206372459319057,0.14072380952380953,0.001685941637807226,0.832784126984127,0.0017407521557001521,0.011785714285714288,0.0001593646212035431,0.0,0.0,0.011785714285714288,0.0001593646212035431,0.1165301587301587,0.001224477282206991,0.4579753228354408,0.00016835417243889092,0.5509150790490475,0.0036356117501414806,0.0,0.0
surprise,12700,1.12,0.0,1817.62,20.571644641722404,1.04,1.9032394707859827e-17,0.01461259842519685,0.0003185802774668702,0.1398755905511811,0.0016714639807702259,0.8337937007874017,0.0017261511693950462,0.011718110236220474,0.00015800475106646046,0.0,0.0,0.011718110236220474,0.00015800475106646046,0.11587559055118112,0.0012163884123970372,0.457932614065529,0.00016708860210103895,0.5508484641857505,0.003631404957542938,0.0,0.0
surprise,12800,1.12,0.0,1821.5,20.61588945350609,1.04,1.9032394707859827e-17,0.014543750000000001,0.00031837869780630234,0.139053125,0.0016628440165013328,0.8347453125,0.0017145005009836195,0.0116578125,0.00015757236984282068,0.0,0.0,0.0116578125,0.00015757236984282068,0.11525624999999998,0.0012140580471972028,0.4578902646508042,0.00016610310028284506,0.5507913280460806,0.0036252286364631204,0.0,0.0
surprise,12900,1.12,0.0,1824.76,20.577569718268578,1.04,1.9032394707859827e-17,0.014452713178294573,0.00031673102078967375,0.1382170542635659,0.0016458373253648872,0.8357333333333333,0.0016969037598511723,0.0115968992248062,0.00015555995293601663,0.0,0.0,0.0115968992248062,0.00015555995293601663,0.11459379844961239,0.0012036359565904856,0.45784298384839706,0.00016483554148562915,0.550830758575549,0.0036190010180678026,0.0,0.0
surprise,13000,1.12,0.0,1827.92,20.61457459455047,1.04,1.9032394707859827e-17,0.014372307692307693,0.00031515563920557867,0.1373707692307692,0.0016343222601710378,0.8367353846153847,0.0016857574961867334,0.011521538461538462,0.00015458675742698936,0.0,0.0,0.011521538461538462,0.00015458675742698936,0.11394307692307691,0.0011947229499690323,0.45779929496295496,0.00016404735299778244,0.550814350271227,0.0036261748689505723,0.0,0.0
surprise,13100,1.12,0.0,1830.56,20.609650206460397,1.04,1.9032394707859827e-17,0.014276335877862594,0.000312225681399126,0.1365297709923664,0.001622187472079066,0.8377389312977099,0.0016747288930233652,0.011454961832061067,0.00015333102709559393,0.0,0.0,0.011454961832061067,0.00015333102709559393,0.11326259541984733,0.0011853762167440402,0.4577512451196668,0.00016267429598724664,0.5508367285030105,0.003623188779570023,0.0,0.0
surprise,13200,1.12,0.0,1833.1,20.624935374048412,1.04,1.9032394707859827e-17,0.014190909090909089,0.00031122530545778996,0.13567575757575756,0.0016094523176547653,0.8387454545454547,0.0016638239094587583,0.011387878787878789,0.00015179997965235236,0.0,0.0,0.011387878787878789,0.00015179997965235236,0.11258787878787879,0.0011781939417492904,0.4577056147777662,0.00016120275056621144,0.5508229842836773,0.003612117070475952,0.0,0.0
surprise,13300,1.12,0.0,1835.5,20.636904727567405,1.04,1.9032394707859827e-17,0.014094736842105262,0.00030871915789415516,0.13483609022556395,0.001597910978865185,0.8397473684210526,0.0016511988107157816,0.011321804511278198,0.0001508369487034291,0.0,0.0,0.011321804511278198,0.0001508369487034291,0.11190676691729323,0.0011707087353425522,0.45765752712340146,0.0001600023812933222,0.5508416629969861,0.0036041202095720144,0.0,0.0
surprise,13400,1.12,0.0,1837.88,20.74550632433591,1.04,1.9032394707859827e-17,0.014010447761194027,0.0003055059143951039,0.13399253731343283,0.0015927608800182262,0.8407343283582088,0.0016476405086318009,0.01126268656716418,0.00015017746437830684,0.0,0.0,0.01126268656716418,0.00015017746437830684,0.11123432835820896,0.001169147940264313,0.45761144601336573,0.00015913523758895136,0.550819787374312,0.0035992680113907877,0.0,0.0
surprise,13500,1.12,0.0,1840.42,20.774750962430826,1.04,1.9032394707859827e-17,0.013928888888888888,0.0003022453416971772,0.13317481481481483,0.001581465121587261,0.8416992592592593,0.0016377061047447795,0.011197037037037037,0.00014937301659924884,0.0,0.0,0.011197037037037037,0.00014937301659924884,0.11058962962962963,0.0011624230684439596,0.4575665465875427,0.00015812324112769873,0.5508739283822695,0.003591131546909245,0.0,0.0
surprise,13600,1.12,0.0,1842.34,20.789451995801,1.04,1.9032394707859827e-17,0.013836764705882354,0.0003004472720922525,0.13233529411764708,0.0015711161667625372,0.8426941176470588,0.0016262536515559967,0.011133823529411764,0.00014807705711414074,0.0,0.0,0.011133823529411764,0.00014807705711414074,0.10990882352941178,0.0011558623447648056,0.4575195873476301,0.00015708152709165352,0.5508898266259067,0.003589731510099835,0.0,0.0
surprise,13700,1.12,0.0,1844.12,20.78978634634157,1.04,1.9032394707859827e-17,0.013745985401459855,0.00029852934676020693,0.1314934306569343,0.0015593394996504058,0.8436934306569341,0.0016134173810683993,0.01106715328467153,0.0001473626380415581,0.0,0.0,0.01106715328467153,0.0001473626380415581,0.10923065693430656,0.0011485026261028874,0.4574737828736582,0.00015605795489847418,0.550849374034211,0.003586837399553966,0.0,0.0
surprise,13800,1.12,0.0,1845.98,20.816957177321783,1.04,1.9032394707859827e-17,0.013657971014492754,0.00029606075079223964,0.1306695652173913,0.001549706465978722,0.8446710144927535,0.0016033217862656231,0.011001449275362316,0.00014639438106346902,0.0,0.0,0.011001449275362316,0.00014639438106346902,0.10856811594202899,0.0011408310122061954,0.45742900002794473,0.0001548321415042998,0.5508275409932989,0.003581133117797273,0.0,0.0
surprise,13900,1.12,0.0,1847.78,20.804832444920685,1.04,1.9032394707859827e-17,0.013566906474820147,0.000294712104728643,0.12985755395683451,0.0015358844722100935,0.8456460431654677,0.001590759592841016,0.010929496402877697,0.00014516884191574701,0.0,0.0,0.010929496402877697,0.00014516884191574701,0.10791223021582734,0.0011319088782019023,0.4573841660528579,0.0001537046926272551,0.550833107801623,0.0035789592184446114,0.0,0.0
surprise,14000,1.12,0.0,1849.52,20.8174424510813,1.04,1.9032394707859827e-17,0.013485714285714285,0.0002918510057877854,0.12904285714285715,0.0015273979855996913,0.8466071428571431,0.001579988941805154,0.010864285714285715,0.00014379068154772183,0.0,0.0,0.010864285714285715,0.00014379068154772183,0.10726142857142856,0.0011246557342655616,0.45734058855749127,0.00015239834366152219,0.550803106290139,0.003575219938848337,0.0,0.0
surprise,14100,1.12,0.0,1851.34,20.753610160496834,1.04,1.9032394707859827e-17,0.013398581560283689,0.0002890138362351104,0.12825390070921985,0.0015117328058171875,0.8475418439716311,0.0015642203656898378,0.01080567375886525,0.00014188391390152494,0.0,0.0,0.01080567375886525,0.00014188391390152494,0.1066241134751773,0.001114681755346801,0.4572966723997532,0.00015139535132796192,0.5508111527008159,0.0035619694795797118,0.0,0.0
surprise,14200,1.12,0.0,1852.86,20.796683605315337,1.04,1.9032394707859827e-17,0.013312676056338027,0.00028671827455232867,0.12745070422535212,0.0015038515274118632,0.8484971830985915,0.0015570250766433855,0.01073943661971831,0.00014056093789370242,0.0,0.0,0.01073943661971831,0.00014056093789370242,0.10596760563380281,0.0011079849334037631,0.45725184972137795,0.0001503651754532555,0.5508064409026524,0.003560538041873163,0.0,0.0
surprise,14300,1.12,0.0,1854.56,20.796568790773822,1.04,1.9032394707859827e-17,0.01323216783216783,0.00028467349887033896,0.12667272727272727,0.001493503606758342,0.8494181818181817,0.001546180462068839,0.010676923076923077,0.00013801320828468654,0.0,0.0,0.010676923076923077,0.00013801320828468654,0.10533986013986016,0.0010985609499896466,0.4572082179028423,0.0001492835304070439,0.5508310478438431,0.0035573457914367017,0.0,0.0
surprise,14400,1.12,0.0,1856.12,20.79084649453176,1.04,1.9032394707859827e-17,0.013151388888888891,0.0002828051994999341,0.12589583333333332,0.0014821020186252365,0.8503416666666667,0.0015349845996258178,0.010611111111111113,0.00013776472489555517,0.0,0.0,0.010611111111111113,0.00013776472489555517,0.1047111111111111,0.0010921107149950524,0.4571655061465595,0.00014832890678387434,0.5508054861907055,0.0035490314124550703,0.0,0.0
surprise,14500,1.12,0.0,1857.54,20.774576495597415,1.04,1.9032394707859827e-17,0.013070344827586207,0.00028127166049393465,0.12512551724137932,0.0014708055465664468,0.8512551724137931,0.0015224413482977047,0.01054896551724138,0.00013596001998880534,0.0,0.0,0.01054896551724138,0.00013596001998880534,0.10409103448275862,0.0010843803594268924,0.45712331925523075,0.00014717001860748333,0.5508432768448484,0.003548009391601573,0.0,0.0
surprise,14600,1.12,0.0,1859.0,20.774611664142327,1.04,1.9032394707859827e-17,0.012987671232876714,0.000279733190274317,0.12436849315068493,0.0014605451846996516,0.8521534246575344,0.0015116782360228408,0.010490410958904108,0.00013544506189805308,0.0,0.0,0.010490410958904108,0.00013544506189805308,0.10346849315068493,0.0010768647620979191,0.4570796131726991,0.00014640459484144836,0.5509011560622343,0.003544478724074475,0.0,0.0
surprise,14700,1.12,0.0,1860.42,20.77080152325296,1.04,1.9032394707859827e-17,0.012912925170068028,0.0002786977505875868,0.1236081632653061,0.0014501741023357744,0.8530571428571431,0.0015014239604205554,0.010421768707482992,0.0001349531998976867,0.0,0.0,0.010421768707482992,0.0001349531998976867,0.10285986394557824,0.0010694971186976457,0.4570385849883845,0.00014520882120793506,0.5508955294589154,0.0035441629753197234,0.0,0.0
surprise,14800,1.12,0.0,1862.22,20.794216032545283,1.04,1.9032394707859827e-17,0.012833783783783782,0.00027711553346503965,0.1228918918918919,0.0014421043245041896,0.853908108108108,0.001493433049311118,0.010366216216216216,0.0001336667324609806,0.0,0.0,0.010366216216216216,0.0001336667324609806,0.10227837837837839,0.0010640079035566254,0.45699841380330897,0.00014437950708446064,0.5508822453274221,0.0035408019135281096,0.0,0.0
surprise,14900,1.12,0.0,1863.92,20.803724941187127,1.04,1.9032394707859827e-17,0.012754362416107381,0.0002752660502499085,0.12218255033557048,0.001432583939387126,0.8547570469798658,0.001484161222350484,0.010306040268456378,0.0001331025255767781,0.0,0.0,0.010306040268456378,0.0001331025255767781,0.1017006711409396,0.0010567774412144413,0.4569587783224478,0.00014319106193182456,0.5508857443870291,0.0035399046112798162,0.0,0.0
surprise,15000,1.12,0.0,1865.4,20.833371972753284,1.04,1.9032394707859827e-17,0.012674666666666666,0.00027407822840102913,0.12146666666666667,0.0014247873692656906,0.8556066666666666,0.0014768431736772827,0.010251999999999999,0.00013172210147936674,0.0,0.0,0.010251999999999999,0.00013172210147936674,0.10111200000000001,0.001051669123621223,0.45691783390866886,0.00014223673558271031,0.5508988309891133,0.0035351222689868666,0.0,0.0
surprise,15100,1.12,0.0,1867.32,20.77735109120859,1.04,1.9032394707859827e-17,0.012603973509933777,0.0002716101245621268,0.1207801324503311,0.00141158431787848,0.8564278145695364,0.0014641841128878938,0.010188079470198676,0.00013101479119240179,0.0,0.0,0.010188079470198676,0.00013101479119240179,0.10055894039735101,0.0010421150524318626,0.45687889573155965,0.0001414780085252657,0.550968441409264,0.0035353704716670517,0.0,0.0
surprise,15200,1.12,0.0,1868.84,20.76190310179111,1.04,1.9032394707859827e-17,0.012531578947368423,0.00026924511780434054,0.12007894736842104,0.0014019784442506522,0.8572539473684211,0.0014518493399870006,0.010135526315789473,0.00012889872271217302,0.0,0.0,0.010135526315789473,0.00012889872271217302,0.09998815789473685,0.0010352087415672355,0.456839089189856,0.00014071782866363264,0.5509910722893498,0.0035266956911805918,0.0,0.0
surprise,15300,1.12,0.0,1870.22,20.795256327208033,1.04,1.9032394707859827e-17,0.012462745098039215,0.0002684171791741231,0.11937647058823529,0.001395166970372073,0.8580810457516341,0.0014452849705896406,0.010079738562091503,0.00012744041162405755,0.0,0.0,0.010079738562091503,0.00012744041162405755,0.09941830065359478,0.001030841502855022,0.45679989318283704,0.0001396794280019098,0.5509885374837606,0.0035212358636178285,0.0,0.0
surprise,15400,1.12,0.0,1871.72,20.813261863238907,1.04,1.9032394707859827e-17,0.012389610389610388,0.0002665745461108624,0.11869740259740262,0.0013874579389755307,0.8588844155844154,0.0014373207364583084,0.010028571428571428,0.00012617537825027636,0.0,0.0,0.010028571428571428,0.00012617537825027636,0.09886623376623377,0.0010244769781596649,0.4567621827424695,0.00013885755881838104,0.5509676941585756,0.003514934345662724,0.0,0.0
surprise,15500,1.12,0.0,1873.18,20.795794119514277,1.04,1.9032394707859827e-17,0.012317419354838712,0.00026528310905370997,0.11802322580645161,0.0013777846367315656,0.8596838709677419,0.0014269498749999172,0.009975483870967743,0.0001255743372818652,0.0,0.0,0.009975483870967743,0.0001255743372818652,0.09832129032258065,0.001018240055088055,0.4567253520734505,0.00013806022877594612,0.5509458768863237,0.003512098984262764,0.0,0.0
surprise,15600,1.12,0.0,1874.64,20.8715754370505,1.04,1.9032394707859827e-17,0.0122525641025641,0.00026413666441438554,0.11735128205128205,0.0013723418169511673,0.8604794871794873,0.0014220845017531584,0.009916666666666667,0.00012515001933020834,0.0,0.0,0.009916666666666667,0.00012515001933020834,0.09777820512820513,0.0010149620828513997,0.45668800555630695,0.00013745490618908375,0.5509523134347776,0.0035124079877329097,0.0,0.0
surprise,15700,1.12,0.0,1876.24,20.85766261583302,1.04,1.9032394707859827e-17,0.012177070063694267,0.0002626792845351959,0.11670700636942677,0.0013623054327759293,0.8612522292993632,0.0014112798869344342,0.009863694267515924,0.00012515935970336674,0.0,0.0,0.009863694267515924,0.00012515935970336674,0.09725477707006369,0.001008706912895828,0.45665243208602296,0.0001364923701796102,0.550962425430472,0.003509938801602297,0.0,0.0
surprise,15800,1.12,0.0,1877.6,20.81765341909484,1.04,1.9032394707859827e-17,0.01211139240506329,0.0002615115824099696,0.11604430379746837,0.0013506917912178185,0.8620367088607594,0.0013996426468666548,0.00980759493670886,0.0001247865391882444,0.0,0.0,0.00980759493670886,0.0001247865391882444,0.0967240506329114,0.0010009406025340117,0.45661732621761675,0.00013564659826443876,0.5509246310621269,0.0035144686542569327,0.0,0.0
surprise,15900,1.12,0.0,1879.1,20.764810303462333,1.04,1.9032394707859827e-17,0.012042767295597485,0.0002602361316394477,0.11540628930817612,0.0013394969458645253,0.8628025157232703,0.0013877573538000237,0.009748427672955976,0.0001242493722412401,0.0,0.0,0.009748427672955976,0.0001242493722412401,0.09620754716981134,0.0009929260463342532,0.45658233668007,0.00013471812635359006,0.550893087410711,0.003513216795037719,0.0,0.0
surprise,16000,1.12,0.0,1880.54,20.73296123646241,1.04,1.9032394707859827e-17,0.01198125,0.000258732992638341,0.11476375000000003,0.0013287361769012396,0.8635537500000001,0.0013771782491191684,0.009701250000000002,0.00012264737594637162,0.0,0.0,0.009701250000000002,0.00012264737594637162,0.095695,0.000985260700504787,0.456548417222764,0.00013393419675815542,0.5508330668121577,0.003513145225915508,0.0,0.0
surprise,16100,1.12,0.0,1882.46,20.716654248823726,1.04,1.9032394707859827e-17,0.011925465838509315,0.00025643761336717984,0.11415403726708073,0.0013194027501595765,0.8642708074534161,0.0013674129356500097,0.00964968944099379,0.00012138680030644204,0.0,0.0,0.00964968944099379,0.00012138680030644204,0.09521118012422361,0.0009755217614989898,0.4565155045524882,0.00013297166378338078,0.5508187481998891,0.0035077796825207044,0.0,0.0
surprise,16200,1.12,0.0,1884.02,20.68071151028002,1.04,1.9032394707859827e-17,0.011861728395061728,0.00025425199709037195,0.11353703703703705,0.001309776755717745,0.8650037037037037,0.0013562741070367419,0.009597530864197531,0.00012048889126601481,0.0,0.0,0.009597530864197531,0.00012048889126601481,0.09471111111111112,0.0009658728830302737,0.4564810027099388,0.00013200937837822227,0.5508445836347271,0.0035016965241730625,0.0,0.0
surprise,16300,1.12,0.0,1885.66,20.687541553074983,1.04,1.9032394707859827e-17,0.0118,0.0002515909019022876,0.11293374233128832,0.0013018421428684847,0.865720245398773,0.0013483797517239572,0.009546012269938649,0.00011973378690929406,0.0,0.0,0.009546012269938649,0.00011973378690929406,0.09422208588957055,0.000958498284430821,0.45644702652655694,0.00013108540487506966,0.5508761088437705,0.003492970819185864,0.0,0.0
surprise,16400,1.12,0.0,1887.3,20.70731409774955,1.04,1.9032394707859827e-17,0.011730487804878047,0.0002498581588419226,0.11234878048780488,0.001295337160672786,0.866420731707317,0.0013403477984686607,0.009500000000000001,0.00011904195335091644,0.0,0.0,0.009500000000000001,0.00011904195335091644,0.09374146341463416,0.0009543934361509207,0.4564138459799434,0.00013067720527912483,0.5508918462975637,0.0034952321482398458,0.0,0.0
surprise,16500,1.12,0.0,1888.74,20.681625681177156,1.04,1.9032394707859827e-17,0.011667878787878788,0.00024766893209870496,0.11174909090909091,0.0012860999144745447,0.8671296969696969,0.0013310384027891893,0.009453333333333333,0.00011883242257990698,0.0,0.0,0.009453333333333333,0.00011883242257990698,0.09325454545454546,0.000947590075082302,0.4563807397063173,0.00012984316228074481,0.5508877873396237,0.003495351639371284,0.0,0.0
surprise,16600,1.12,0.0,1890.38,20.71515052381927,1.04,1.9032394707859827e-17,0.011604819277108434,0.00024705097338664203,0.11116867469879517,0.0012805056624111983,0.8678216867469881,0.0013254010736451268,0.009404819277108433,0.000118181129363619,0.0,0.0,0.009404819277108433,0.000118181129363619,0.09278433734939759,0.0009429238287822892,0.4563482516964069,0.00012906305217908975,0.5509226730425197,0.0034914564262528676,0.0,0.0
surprise,16700,1.12,0.0,1891.9,20.736013235382526,1.04,1.9032394707859827e-17,0.011546107784431138,0.00024665942084511536,0.11058922155688623,0.0012742679439811323,0.8685077844311376,0.001318496664572589,0.00935688622754491,0.00011773690621349092,0.0,0.0,0.00935688622754491,0.00011773690621349092,0.09231736526946108,0.0009385149422338029,0.4563165834335394,0.00012842848793881033,0.5509130918916033,0.0034904257759908806,0.0,0.0
surprise,16800,1.12,0.0,1893.62,20.719425766213515,1.04,1.9032394707859827e-17,0.011488095238095236,0.0002450337397589377,0.11002738095238096,0.0012658674167408538,0.8691785714285714,0.0013094420859736588,0.009305952380952382,0.00011721882486991005,0.0,0.0,0.009305952380952382,0.00011721882486991005,0.09186785714285714,0.0009322006927510573,0.4562861076500112,0.00012761196844236606,0.5509097183821005,0.0034951969188205152,0.0,0.0
surprise,16900,1.12,0.0,1895.34,20.705389419675452,1.04,1.9032394707859827e-17,0.011427218934911242,0.00024430229857741107,0.10947573964497041,0.0012571770168744983,0.8698272189349112,0.00130235777544892,0.0092698224852071,0.00011630425656603314,0.0,0.0,0.0092698224852071,0.00011630425656603314,0.0914224852071006,0.0009255460090041656,0.4562550230690555,0.00012679760772850494,0.5509408861051213,0.0034904374289792322,0.0,0.0
surprise,17000,1.12,0.0,1896.76,20.70499417226359,1.04,1.9032394707859827e-17,0.011367058823529412,0.00024284731450555338,0.10890823529411764,0.0012503345050624733,0.870489411764706,0.00129536275363794,0.009235294117647059,0.00011536808270070932,0.0,0.0,0.009235294117647059,0.00011536808270070932,0.09096470588235293,0.0009207200677287444,0.4562242257489374,0.0001259023724335697,0.5509147982245569,0.003485238060645384,0.0,0.0
surprise,17100,1.12,0.0,1898.28,20.737505015929816,1.04,1.9032394707859827e-17,0.011302923976608188,0.0002411754039149353,0.10836023391812866,0.001245044305073338,0.8711473684210526,0.0012893977200132093,0.009189473684210527,0.00011585599900103498,0.0,0.0,0.009189473684210527,0.00011585599900103498,0.09051578947368419,0.000918133884894527,0.4561937473598381,0.00012533444617683414,0.5509107491844017,0.0034860079584568444,0.0,0.0
surprise,17200,1.12,0.0,1899.96,20.76020447384655,1.04,1.9032394707859827e-17,0.011251162790697676,0.00023984916324209845,0.10782093023255815,0.0012390826765818752,0.8717813953488373,0.0012830586290114466,0.009146511627906978,0.00011518756811370183,0.0,0.0,0.009146511627906978,0.00011518756811370183,0.09008255813953488,0.0009135398483809952,0.4561634698340682,0.0001246725661512187,0.5509327670583889,0.003483541835626964,0.0,0.0
surprise,17300,1.12,0.0,1901.38,20.814729674645584,1.04,1.9032394707859827e-17,0.011189595375722543,0.00023837037192425337,0.10727976878612716,0.001234877184799261,0.8724312138728324,0.0012781910938519225,0.00909942196531792,0.00011507593042628091,0.0,0.0,0.00909942196531792,0.00011507593042628091,0.08964046242774566,0.0009107786353201455,0.456133145389452,0.0001240642748956939,0.5509619611608687,0.003479779458542431,0.0,0.0
surprise,17400,1.12,0.0,1903.1,20.80985343533202,1.04,1.9032394707859827e-17,0.0111367816091954,0.00023623239325136882,0.10675517241379309,0.0012270330811521516,0.8730540229885058,0.0012720566864852624,0.009054022988505746,0.00011465140237091183,0.0,0.0,0.009054022988505746,0.00011465140237091183,0.08922183908045979,0.0009063179827640271,0.4561049298589036,0.00012327946292921374,0.5509618835943086,0.0034764942016777102,0.0,0.0
surprise,17500,1.12,0.0,1904.82,20.779732865443282,1.04,1.9032394707859827e-17,0.01108342857142857,0.0002352888146987988,0.10623657142857144,0.0012191371553610531,0.8736697142857142,0.0012631558186703387,0.009010285714285714,0.00011426752041769057,0.0,0.0,0.009010285714285714,0.00011426752041769057,0.08880228571428571,0.0009002286127341983,0.4560757247376411,0.0001225662051423918,0.5509905044946266,0.0034795719673138053,0.0,0.0
surprise,17600,1.12,0.0,1906.8,20.736264202146547,1.04,1.9032394707859827e-17,0.011032954545454545,0.00023347119052218306,0.1057375,0.0012104409167997053,0.8742579545454545,0.0012543601326680685,0.00897159090909091,0.000114252158038531,0.0,0.0,0.00897159090909091,0.000114252158038531,0.08840568181818181,0.0008928621753104929,0.4560489317723906,0.00012176422068975637,0.5509552877024704,0.0034761416600002605,0.0,0.0
surprise,17700,1.12,0.0,1908.64,20.784546064372943,1.04,1.9032394707859827e-17,0.010976271186440678,0.00023239529544373592,0.10524180790960451,0.0012067813127906019,0.8748474576271186,0.0012490598997154344,0.008934463276836158,0.00011253231953770852,0.0,0.0,0.008934463276836158,0.00011253231953770852,0.0880045197740113,0.0008891697604807946,0.4560222637247265,0.00012147352097045805,0.5509075555453984,0.003475698217639775,0.0,0.0
surprise,17800,1.12,0.0,1910.16,20.818170242480438,1.04,1.9032394707859827e-17,0.010916853932584271,0.00023088000398221542,0.104738202247191,0.0012012562805997064,0.8754505617977527,0.0012440671952558548,0.008894382022471909,0.00011181293316569433,0.0,0.0,0.008894382022471909,0.00011181293316569433,0.08758988764044943,0.0008866475686067244,0.4559933517630432,0.00012103906427464927,0.5509648840529091,0.0034746635065515488,0.0,0.0
surprise,17900,1.12,0.0,1911.8,20.79742919748712,1.04,1.9032394707859827e-17,0.010868156424581004,0.00022984398550409852,0.10424245810055868,0.0011938827124473533,0.8760391061452515,0.0012359187130693166,0.008850279329608938,0.00011123008989747882,0.0,0.0,0.008850279329608938,0.00011123008989747882,0.0871899441340782,0.000880944056234769,0.4559652245844051,0.00012043262277074237,0.5510045268601779,0.0034803421651414044,0.0,0.0
surprise,18000,1.12,0.0,1913.28,20.81349719067227,1.04,1.9032394707859827e-17,0.010815555555555556,0.0002285738536026561,0.10373777777777776,0.0011884130694261006,0.8766366666666667,0.001230390362217063,0.008809999999999998,0.000110930578960224,0.0,0.0,0.008809999999999998,0.000110930578960224,0.08678111111111109,0.0008758430556903777,0.4559370611692515,0.00011981735392006972,0.5510281277985364,0.0034807294579806414,0.0,0.0
surprise,18100,1.12,0.0,1915.14,20.830550758392327,1.04,1.9032394707859827e-17,0.0107646408839779,0.00022716254186535003,0.10326298342541435,0.0011828571158931352,0.8772022099447513,0.0012249873464498231,0.008770165745856352,0.00011047254205937897,0.0,0.0,0.008770165745856352,0.00011047254205937897,0.08639779005524861,0.0008714597347609574,0.4559104940313346,0.00011910731130877547,0.5510575199182633,0.0034786507324017276,0.0,0.0
surprise,18200,1.12,0.0,1916.88,20.854043605350917,1.04,1.9032394707859827e-17,0.010713186813186813,0.00022642723690596147,0.10278571428571429,0.0011774905768896496,0.8777703296703298,0.0012202560244973758,0.00873076923076923,0.00011045213979208097,0.0,0.0,0.00873076923076923,0.00011045213979208097,0.0860153846153846,0.0008681932409089047,0.4558848474675341,0.0001185497252571344,0.5510179946947342,0.0034798282517200328,0.0,0.0
surprise,18300,1.12,0.0,1918.28,20.859198333158464,1.04,1.9032394707859827e-17,0.010660109289617487,0.0002251864115706144,0.10229726775956284,0.0011715428787004462,0.8783530054644808,0.0012142896764481901,0.008689617486338796,0.00010981794901210602,0.0,0.0,0.008689617486338796,0.00010981794901210602,0.08561748633879784,0.0008636787282201983,0.45585736037361557,0.00011792809624742503,0.5510612682292999,0.0034742449626430742,0.0,0.0
surprise,18400,1.12,0.0,1919.66,20.835284240627846,1.04,1.9032394707859827e-17,0.01061304347826087,0.00022328436653037246,0.10180652173913042,0.0011641236722235821,0.8789347826086956,0.0012060230229819417,0.008645652173913044,0.00010887119808499621,0.0,0.0,0.008645652173913044,0.00010887119808499621,0.08522282608695653,0.0008578405573640853,0.4558303116913035,0.00011716988195173524,0.551068055513871,0.0034700637871573664,0.0,0.0
surprise,18500,1.12,0.0,1921.0,20.831216763231442,1.04,1.9032394707859827e-17,0.010561081081081081,0.00022204439515801323,0.10132972972972974,0.0011579932666724922,0.8794994594594593,0.0011994073460850764,0.00860972972972973,0.00010922795617906292,0.0,0.0,0.00860972972972973,0.00010922795617906292,0.08483027027027026,0.0008517283645030978,0.4558027598053856,0.00011641476649519102,0.5511057148292879,0.00346679969997853,0.0,0.0
surprise,18600,1.12,0.0,1922.52,20.875984444586372,1.04,1.9032394707859827e-17,0.010512903225806452,0.00022164685034689046,0.10086129032258065,0.0011537248690343508,0.8800548387096774,0.0011953672776586698,0.008570967741935484,0.00010931247289965418,0.0,0.0,0.008570967741935484,0.00010931247289965418,0.08445053763440859,0.0008489904189760563,0.4557768859096904,0.00011590241831614571,0.5511188806691191,0.003464474429845933,0.0,0.0
surprise,18700,1.12,0.0,1924.24,20.870261236544994,1.04,1.9032394707859827e-17,0.010463101604278073,0.00022059071891821928,0.10041390374331552,0.0011464840033494962,0.8805882352941178,0.0011886406338514192,0.00853475935828877,0.00010837210466802342,0.0,0.0,0.00853475935828877,0.00010837210466802342,0.0840855614973262,0.0008452208885802341,0.4557513950103889,0.00011539180976378017,0.5511464586119724,0.0034569222971726353,0.0,0.0
surprise,18800,1.12,0.0,1925.98,20.872626151229255,1.04,1.9032394707859827e-17,0.010415957446808512,0.0002194756721831404,0.09996808510638297,0.0011407959327454286,0.8811212765957447,0.0011822681056485604,0.00849468085106383,0.00010718596214118852,0.0,0.0,0.00849468085106383,0.00010718596214118852,0.08372765957446808,0.0008405585894219915,0.45572714646821005,0.00011494651893577897,0.5511631802018446,0.003459104569731072,0.0,0.0
surprise,18900,1.12,0.0,1927.74,20.82380525519105,1.04,1.9032394707859827e-17,0.010374603174603174,0.00021880664482149253,0.09952275132275133,0.0011320394597139861,0.8816486772486773,0.0011734122259785932,0.008453968253968255,0.00010643692382581767,0.0,0.0,0.008453968253968255,0.00010643692382581767,0.08337354497354499,0.0008341323394303001,0.4557032737398751,0.00011434572430572544,0.5511600776401017,0.0034551252263288292,0.0,0.0
surprise,19000,1.12,0.0,1929.46,20.827850467632054,1.04,1.9032394707859827e-17,0.010329473684210529,0.00021783661278446828,0.09908526315789473,0.001126019505887285,0.8821684210526315,0.0011669143864780477,0.008416842105263158,0.00010627696539896816,0.0,0.0,0.008416842105263158,0.00010627696539896816,0.08302,0.0008311612841196017,0.45567875572714783,0.000113822876009214,0.551165150315117,0.003449503191646931,0.0,0.0
surprise,19100,1.12,0.0,1931.14,20.852484998489864,1.04,1.9032394707859827e-17,0.010281675392670157,0.00021774725637879597,0.09865340314136128,0.0011208571829358104,0.8826848167539266,0.0011614649729210723,0.008380104712041885,0.00010545107300143572,0.0,0.0,0.008380104712041885,0.00010545107300143572,0.0826722513089005,0.0008280767255883038,0.45565519073971567,0.00011323516789939409,0.5511792092639979,0.003449785230931575,0.0,0.0
surprise,19200,1.12,0.0,1932.62,20.853578756145804,1.04,1.9032394707859827e-17,0.01023125,0.00021673717619062009,0.09821666666666667,0.0011150635925704822,0.883209375,0.001155460570813373,0.008342708333333332,0.00010463002809516497,0.0,0.0,0.008342708333333332,0.00010463002809516497,0.08231458333333334,0.0008239912148250389,0.4556308835500715,0.00011268885208174218,0.5511740952738445,0.0034481247729203565,0.0,0.0
surprise,19300,1.12,0.0,1934.24,20.849207100863424,1.04,1.9032394707859827e-17,0.01018860103626943,0.00021621608087380497,0.0977865284974093,0.0011091541600640274,0.8837119170984455,0.0011488585746788772,0.008312953367875648,0.00010350166901786209,0.0,0.0,0.008312953367875648,0.00010350166901786209,0.08196891191709847,0.0008184011723915754,0.4556072105522068,0.00011204376937159757,0.5511568398870509,0.003452475016051703,0.0,0.0
surprise,19400,1.12,0.0,1935.66,20.832463089307204,1.04,1.9032394707859827e-17,0.01014639175257732,0.00021513987937289147,0.09734742268041238,0.001102816691136763,0.8842268041237114,0.0011423930172156167,0.00827938144329897,0.00010334379288643688,0.0,0.0,0.00827938144329897,0.00010334379288643688,0.08161752577319588,0.0008131508308947122,0.4555837874292122,0.0001113488079713786,0.5511448428108506,0.0034458903708960344,0.0,0.0
surprise,19500,1.12,0.0,1937.72,20.822065219377254,1.04,1.9032394707859827e-17,0.01009948717948718,0.00021443767818477255,0.09694974358974358,0.0010957191930971318,0.884708717948718,0.001135335150285507,0.008242051282051282,0.00010250170786572934,0.0,0.0,0.008242051282051282,0.00010250170786572934,0.08130051282051282,0.0008099089266754093,0.4555628405740164,0.00011075498983002992,0.5510903684405816,0.003432614556807759,0.0,0.0
surprise,19600,1.12,0.0,1939.42,20.79226877510789,1.04,1.9032394707859827e-17,0.010055102040816326,0.00021344035071437488,0.09654081632653061,0.0010892890671965422,0.8851948979591835,0.0011284679124781575,0.00820918367346939,0.00010276967930029153,0.0,0.0,0.00820918367346939,0.00010276967930029153,0.08096836734693877,0.0008046297183622844,0.45553999669845263,0.00011014379077090283,0.551072839881302,0.003430837533963545,0.0,0.0
surprise,19700,1.12,0.0,1940.9,20.804655091334432,1.04,1.9032394707859827e-17,0.010010152284263957,0.00021296598844518182,0.09612182741116751,0.0010841594284260506,0.8856944162436549,0.0011234887967884603,0.008173604060913706,0.00010233272736053566,0.0,0.0,0.008173604060913706,0.00010233272736053566,0.0806274111675127,0.0008014752591604838,0.45551665040009387,0.00010969366839716243,0.5510729636850534,0.0034227656333924036,0.0,0.0
surprise,19800,1.12,0.0,1942.34,20.817488919126607,1.04,1.9032394707859827e-17,0.00996868686868687,0.00021115154678693889,0.09570202020202022,0.001079016088605969,0.8861919191919191,0.001118381975051562,0.008137373737373738,0.00010177651930710444,0.0,0.0,0.008137373737373738,0.00010177651930710444,0.08028888888888888,0.0007983529079793308,0.45549400115585426,0.00010917206875891591,0.5510595352881485,0.003425234392531832,0.0,0.0
surprise,19900,1.12,0.0,1943.86,20.788124749775886,1.04,1.9032394707859827e-17,0.009928643216080403,0.00021035621710822918,0.09529045226130654,0.0010720248094194065,0.8866723618090451,0.0011110584930624937,0.00810854271356784,0.00010107273371656282,0.0,0.0,0.00810854271356784,0.00010107273371656282,0.07995778894472362,0.000793352158505488,0.4554711156352967,0.00010852181983898804,0.5510854542748822,0.0034215107290819593,0.0,0.0
surprise,20000,1.12,0.0,1945.56,20.790542590911134,1.04,1.9032394707859827e-17,0.009891,0.00020959479858010963,0.09489100000000002,0.0010663476574413302,0.887145,0.0011058390941004101,0.008073,0.00010108806021666133,0.0,0.0,0.008073,0.00010108806021666133,0.079637,0.0007891623174387548,0.45544890657686454,0.00010798205750262194,0.5510796770130514,0.0034213442416857784,0.0,0.0
